method;cutoff;end;seconds;wape_score;absolute_error;actual_total;bias
mean_all;2025-06-30;2025-08-31;0.008334500016644597;0.7791483433598319;2361493.0;10692666.0;1663067.0
catboost_full;2025-06-30;2025-08-31;5.180844375048764;0.8138019087101384;1990954.0;10692666.0;-882630.0
catboost_no_absolute_calendar;2025-06-30;2025-08-31;5.020777374971658;0.7656027037597546;2506332.0;10692666.0;1846816.0
lightgbm_full;2025-06-30;2025-08-31;2.515143166994676;0.8267512517458228;1852491.0;10692666.0;727337.0
lightgbm_no_absolute_calendar;2025-06-30;2025-08-31;2.4603270000079647;0.7636576322499926;2527130.0;10692666.0;1823860.0
xgboost_full;2025-06-30;2025-08-31;1.1686459999764338;0.8195437882376575;1929558.0;10692666.0;875712.0
xgboost_no_absolute_calendar;2025-06-30;2025-08-31;1.246685832971707;0.7587428616960448;2579682.0;10692666.0;1891918.0
mean_all;2025-08-31;2025-10-31;0.009250915958546102;0.8624291035541123;1751473.0;12731421.0;-834053.0
catboost_full;2025-08-31;2025-10-31;7.467703583999537;0.7339849181014437;3386750.0;12731421.0;-2857454.0
catboost_no_absolute_calendar;2025-08-31;2025-10-31;7.450898667098954;0.8020560312945428;2520108.0;12731421.0;-1748102.0
lightgbm_full;2025-08-31;2025-10-31;2.9886381670366973;0.7486352073346723;3200231.0;12731421.0;-2703913.0
lightgbm_no_absolute_calendar;2025-08-31;2025-10-31;2.804029249935411;0.7912452192100159;2657745.0;12731421.0;-1819651.0
xgboost_full;2025-08-31;2025-10-31;1.3945452080806717;0.7471901211969976;3218629.0;12731421.0;-2707143.0
xgboost_no_absolute_calendar;2025-08-31;2025-10-31;1.4066090419655666;0.7910130377433909;2660701.0;12731421.0;-1798963.0
