timestamp, name, memory.used [MiB], memory.total [MiB]
2026/09/27 13:12:44.127, NVIDIA GeForce RTX 2080 Ti, 1 MiB, 11264 MiB
2026/09/27 13:12:44.327, NVIDIA GeForce RTX 2080 Ti, 1 MiB, 11264 MiB
2026/09/27 13:12:44.527, NVIDIA GeForce RTX 2080 Ti, 1 MiB, 11264 MiB
2026/09/27 13:12:44.728, NVIDIA GeForce RTX 2080 Ti, 1 MiB, 11264 MiB
2026/09/27 13:12:44.928, NVIDIA GeForce RTX 2080 Ti, 1 MiB, 11264 MiB
2026/09/27 13:12:45.128, NVIDIA GeForce RTX 2080 Ti, 1 MiB, 11264 MiB
2026/09/27 13:12:45.328, NVIDIA GeForce RTX 2080 Ti, 1 MiB, 11264 MiB
2026/09/27 13:12:45.528, NVIDIA GeForce RTX 2080 Ti, 1 MiB, 11264 MiB
2026/09/27 13:12:45.728, NVIDIA GeForce RTX 2080 Ti, 1 MiB, 11264 MiB
2026/09/27 13:12:45.929, NVIDIA GeForce RTX 2080 Ti, 1 MiB, 11264 MiB
2026/09/27 13:12:46.129, NVIDIA GeForce RTX 2080 Ti, 1 MiB, 11264 MiB
2026/09/27 13:12:46.329, NVIDIA GeForce RTX 2080 Ti, 1 MiB, 11264 MiB
2026/09/27 13:12:46.529, NVIDIA GeForce RTX 2080 Ti, 1 MiB, 11264 MiB
2026/09/27 13:12:46.729, NVIDIA GeForce RTX 2080 Ti, 1 MiB, 11264 MiB
2026/09/27 13:12:46.930, NVIDIA GeForce RTX 2080 Ti, 1 MiB, 11264 MiB
2026/09/27 13:12:47.130, NVIDIA GeForce RTX 2080 Ti, 1 MiB, 11264 MiB
2026/09/27 13:12:47.330, NVIDIA GeForce RTX 2080 Ti, 1 MiB, 11264 MiB
2026/09/27 13:12:47.530, NVIDIA GeForce RTX 2080 Ti, 1 MiB, 11264 MiB
2026/09/27 13:12:47.730, NVIDIA GeForce RTX 2080 Ti, 1 MiB, 11264 MiB
2026/09/27 13:12:47.930, NVIDIA GeForce RTX 2080 Ti, 1 MiB, 11264 MiB
2026/09/27 13:12:48.131, NVIDIA GeForce RTX 2080 Ti, 1 MiB, 11264 MiB
2026/09/27 13:12:48.331, NVIDIA GeForce RTX 2080 Ti, 1 MiB, 11264 MiB
2026/09/27 13:12:48.531, NVIDIA GeForce RTX 2080 Ti, 1 MiB, 11264 MiB
2026/09/27 13:12:48.731, NVIDIA GeForce RTX 2080 Ti, 1 MiB, 11264 MiB
2026/09/27 13:12:48.931, NVIDIA GeForce RTX 2080 Ti, 1 MiB, 11264 MiB
2026/09/27 13:12:49.131, NVIDIA GeForce RTX 2080 Ti, 1 MiB, 11264 MiB
2026/09/27 13:12:49.332, NVIDIA GeForce RTX 2080 Ti, 1 MiB, 11264 MiB
2026/09/27 13:12:49.532, NVIDIA GeForce RTX 2080 Ti, 1 MiB, 11264 MiB
2026/09/27 13:12:49.732, NVIDIA GeForce RTX 2080 Ti, 1 MiB, 11264 MiB
2026/09/27 13:12:49.932, NVIDIA GeForce RTX 2080 Ti, 1 MiB, 11264 MiB
2026/09/27 13:12:50.132, NVIDIA GeForce RTX 2080 Ti, 157 MiB, 11264 MiB
2026/09/27 13:12:50.332, NVIDIA GeForce RTX 2080 Ti, 157 MiB, 11264 MiB
2026/09/27 13:12:50.533, NVIDIA GeForce RTX 2080 Ti, 157 MiB, 11264 MiB
2026/09/27 13:12:50.733, NVIDIA GeForce RTX 2080 Ti, 157 MiB, 11264 MiB
2026/09/27 13:12:50.933, NVIDIA GeForce RTX 2080 Ti, 157 MiB, 11264 MiB
2026/09/27 13:12:51.133, NVIDIA GeForce RTX 2080 Ti, 157 MiB, 11264 MiB
2026/09/27 13:12:51.333, NVIDIA GeForce RTX 2080 Ti, 157 MiB, 11264 MiB
2026/09/27 13:12:51.533, NVIDIA GeForce RTX 2080 Ti, 157 MiB, 11264 MiB
2026/09/27 13:12:51.734, NVIDIA GeForce RTX 2080 Ti, 157 MiB, 11264 MiB
2026/09/27 13:12:51.934, NVIDIA GeForce RTX 2080 Ti, 157 MiB, 11264 MiB
2026/09/27 13:12:52.134, NVIDIA GeForce RTX 2080 Ti, 157 MiB, 11264 MiB
2026/09/27 13:12:52.334, NVIDIA GeForce RTX 2080 Ti, 157 MiB, 11264 MiB
2026/09/27 13:12:52.534, NVIDIA GeForce RTX 2080 Ti, 157 MiB, 11264 MiB
2026/09/27 13:12:52.734, NVIDIA GeForce RTX 2080 Ti, 157 MiB, 11264 MiB
2026/09/27 13:12:52.935, NVIDIA GeForce RTX 2080 Ti, 157 MiB, 11264 MiB
2026/09/27 13:12:53.135, NVIDIA GeForce RTX 2080 Ti, 157 MiB, 11264 MiB
2026/09/27 13:12:53.335, NVIDIA GeForce RTX 2080 Ti, 157 MiB, 11264 MiB
2026/09/27 13:12:53.535, NVIDIA GeForce RTX 2080 Ti, 203 MiB, 11264 MiB
2026/09/27 13:12:53.735, NVIDIA GeForce RTX 2080 Ti, 247 MiB, 11264 MiB
2026/09/27 13:12:53.935, NVIDIA GeForce RTX 2080 Ti, 247 MiB, 11264 MiB
2026/09/27 13:12:54.136, NVIDIA GeForce RTX 2080 Ti, 247 MiB, 11264 MiB
2026/09/27 13:12:54.336, NVIDIA GeForce RTX 2080 Ti, 247 MiB, 11264 MiB
2026/09/27 13:12:54.536, NVIDIA GeForce RTX 2080 Ti, 247 MiB, 11264 MiB
2026/09/27 13:12:54.736, NVIDIA GeForce RTX 2080 Ti, 247 MiB, 11264 MiB
2026/09/27 13:12:54.936, NVIDIA GeForce RTX 2080 Ti, 247 MiB, 11264 MiB
2026/09/27 13:12:55.136, NVIDIA GeForce RTX 2080 Ti, 247 MiB, 11264 MiB
2026/09/27 13:12:55.337, NVIDIA GeForce RTX 2080 Ti, 247 MiB, 11264 MiB
2026/09/27 13:12:55.537, NVIDIA GeForce RTX 2080 Ti, 277 MiB, 11264 MiB
2026/09/27 13:12:55.737, NVIDIA GeForce RTX 2080 Ti, 855 MiB, 11264 MiB
2026/09/27 13:12:55.937, NVIDIA GeForce RTX 2080 Ti, 1033 MiB, 11264 MiB
2026/09/27 13:12:56.137, NVIDIA GeForce RTX 2080 Ti, 1033 MiB, 11264 MiB
2026/09/27 13:12:56.337, NVIDIA GeForce RTX 2080 Ti, 1033 MiB, 11264 MiB
2026/09/27 13:12:56.538, NVIDIA GeForce RTX 2080 Ti, 1033 MiB, 11264 MiB
2026/09/27 13:12:56.738, NVIDIA GeForce RTX 2080 Ti, 1033 MiB, 11264 MiB
2026/09/27 13:12:56.938, NVIDIA GeForce RTX 2080 Ti, 1033 MiB, 11264 MiB
2026/09/27 13:12:57.138, NVIDIA GeForce RTX 2080 Ti, 1033 MiB, 11264 MiB
2026/09/27 13:12:57.338, NVIDIA GeForce RTX 2080 Ti, 1033 MiB, 11264 MiB
2026/09/27 13:12:57.538, NVIDIA GeForce RTX 2080 Ti, 1033 MiB, 11264 MiB
2026/09/27 13:12:57.738, NVIDIA GeForce RTX 2080 Ti, 1033 MiB, 11264 MiB
2026/09/27 13:12:57.939, NVIDIA GeForce RTX 2080 Ti, 1033 MiB, 11264 MiB
2026/09/27 13:12:58.139, NVIDIA GeForce RTX 2080 Ti, 1033 MiB, 11264 MiB
2026/09/27 13:12:58.339, NVIDIA GeForce RTX 2080 Ti, 1033 MiB, 11264 MiB
2026/09/27 13:12:58.539, NVIDIA GeForce RTX 2080 Ti, 1033 MiB, 11264 MiB
2026/09/27 13:12:58.739, NVIDIA GeForce RTX 2080 Ti, 1033 MiB, 11264 MiB
2026/09/27 13:12:58.939, NVIDIA GeForce RTX 2080 Ti, 1033 MiB, 11264 MiB
2026/09/27 13:12:59.140, NVIDIA GeForce RTX 2080 Ti, 1033 MiB, 11264 MiB
2026/09/27 13:12:59.340, NVIDIA GeForce RTX 2080 Ti, 1033 MiB, 11264 MiB
2026/09/27 13:12:59.540, NVIDIA GeForce RTX 2080 Ti, 1033 MiB, 11264 MiB
2026/09/27 13:12:59.740, NVIDIA GeForce RTX 2080 Ti, 1033 MiB, 11264 MiB
2026/09/27 13:12:59.940, NVIDIA GeForce RTX 2080 Ti, 1033 MiB, 11264 MiB
2026/09/27 13:13:00.140, NVIDIA GeForce RTX 2080 Ti, 1035 MiB, 11264 MiB
2026/09/27 13:13:00.340, NVIDIA GeForce RTX 2080 Ti, 1037 MiB, 11264 MiB
2026/09/27 13:13:00.541, NVIDIA GeForce RTX 2080 Ti, 1037 MiB, 11264 MiB
2026/09/27 13:13:00.741, NVIDIA GeForce RTX 2080 Ti, 1037 MiB, 11264 MiB
2026/09/27 13:13:00.941, NVIDIA GeForce RTX 2080 Ti, 1037 MiB, 11264 MiB
2026/09/27 13:13:01.141, NVIDIA GeForce RTX 2080 Ti, 1037 MiB, 11264 MiB
2026/09/27 13:13:01.341, NVIDIA GeForce RTX 2080 Ti, 1037 MiB, 11264 MiB
2026/09/27 13:13:01.541, NVIDIA GeForce RTX 2080 Ti, 1037 MiB, 11264 MiB
2026/09/27 13:13:01.742, NVIDIA GeForce RTX 2080 Ti, 1037 MiB, 11264 MiB
2026/09/27 13:13:01.942, NVIDIA GeForce RTX 2080 Ti, 1037 MiB, 11264 MiB
2026/09/27 13:13:02.142, NVIDIA GeForce RTX 2080 Ti, 1037 MiB, 11264 MiB
2026/09/27 13:13:02.342, NVIDIA GeForce RTX 2080 Ti, 1037 MiB, 11264 MiB
2026/09/27 13:13:02.542, NVIDIA GeForce RTX 2080 Ti, 1037 MiB, 11264 MiB
2026/09/27 13:13:02.742, NVIDIA GeForce RTX 2080 Ti, 1037 MiB, 11264 MiB
2026/09/27 13:13:02.943, NVIDIA GeForce RTX 2080 Ti, 1037 MiB, 11264 MiB
2026/09/27 13:13:03.143, NVIDIA GeForce RTX 2080 Ti, 211 MiB, 11264 MiB
2026/09/27 13:13:03.343, NVIDIA GeForce RTX 2080 Ti, 257 MiB, 11264 MiB
2026/09/27 13:13:03.543, NVIDIA GeForce RTX 2080 Ti, 1033 MiB, 11264 MiB
2026/09/27 13:13:03.743, NVIDIA GeForce RTX 2080 Ti, 1033 MiB, 11264 MiB
2026/09/27 13:13:03.943, NVIDIA GeForce RTX 2080 Ti, 1033 MiB, 11264 MiB
2026/09/27 13:13:04.143, NVIDIA GeForce RTX 2080 Ti, 1033 MiB, 11264 MiB
2026/09/27 13:13:04.344, NVIDIA GeForce RTX 2080 Ti, 1033 MiB, 11264 MiB
2026/09/27 13:13:04.544, NVIDIA GeForce RTX 2080 Ti, 1033 MiB, 11264 MiB
2026/09/27 13:13:04.744, NVIDIA GeForce RTX 2080 Ti, 1033 MiB, 11264 MiB
2026/09/27 13:13:04.944, NVIDIA GeForce RTX 2080 Ti, 1033 MiB, 11264 MiB
2026/09/27 13:13:05.144, NVIDIA GeForce RTX 2080 Ti, 1033 MiB, 11264 MiB
2026/09/27 13:13:05.344, NVIDIA GeForce RTX 2080 Ti, 1033 MiB, 11264 MiB
2026/09/27 13:13:05.545, NVIDIA GeForce RTX 2080 Ti, 1033 MiB, 11264 MiB
2026/09/27 13:13:05.745, NVIDIA GeForce RTX 2080 Ti, 1033 MiB, 11264 MiB
2026/09/27 13:13:05.945, NVIDIA GeForce RTX 2080 Ti, 1033 MiB, 11264 MiB
2026/09/27 13:13:06.145, NVIDIA GeForce RTX 2080 Ti, 1033 MiB, 11264 MiB
2026/09/27 13:13:06.345, NVIDIA GeForce RTX 2080 Ti, 1033 MiB, 11264 MiB
2026/09/27 13:13:06.545, NVIDIA GeForce RTX 2080 Ti, 1033 MiB, 11264 MiB
2026/09/27 13:13:06.746, NVIDIA GeForce RTX 2080 Ti, 1033 MiB, 11264 MiB
2026/09/27 13:13:06.946, NVIDIA GeForce RTX 2080 Ti, 1033 MiB, 11264 MiB
2026/09/27 13:13:07.146, NVIDIA GeForce RTX 2080 Ti, 1033 MiB, 11264 MiB
2026/09/27 13:13:07.346, NVIDIA GeForce RTX 2080 Ti, 1033 MiB, 11264 MiB
2026/09/27 13:13:07.546, NVIDIA GeForce RTX 2080 Ti, 1033 MiB, 11264 MiB
2026/09/27 13:13:07.747, NVIDIA GeForce RTX 2080 Ti, 1035 MiB, 11264 MiB
2026/09/27 13:13:07.947, NVIDIA GeForce RTX 2080 Ti, 1037 MiB, 11264 MiB
2026/09/27 13:13:08.147, NVIDIA GeForce RTX 2080 Ti, 1037 MiB, 11264 MiB
2026/09/27 13:13:08.347, NVIDIA GeForce RTX 2080 Ti, 1037 MiB, 11264 MiB
2026/09/27 13:13:08.547, NVIDIA GeForce RTX 2080 Ti, 1037 MiB, 11264 MiB
2026/09/27 13:13:08.747, NVIDIA GeForce RTX 2080 Ti, 1037 MiB, 11264 MiB
2026/09/27 13:13:08.948, NVIDIA GeForce RTX 2080 Ti, 1037 MiB, 11264 MiB
2026/09/27 13:13:09.148, NVIDIA GeForce RTX 2080 Ti, 1037 MiB, 11264 MiB
2026/09/27 13:13:09.348, NVIDIA GeForce RTX 2080 Ti, 1037 MiB, 11264 MiB
2026/09/27 13:13:09.548, NVIDIA GeForce RTX 2080 Ti, 1037 MiB, 11264 MiB
2026/09/27 13:13:09.748, NVIDIA GeForce RTX 2080 Ti, 1037 MiB, 11264 MiB
2026/09/27 13:13:09.948, NVIDIA GeForce RTX 2080 Ti, 1037 MiB, 11264 MiB
2026/09/27 13:13:10.149, NVIDIA GeForce RTX 2080 Ti, 1037 MiB, 11264 MiB
2026/09/27 13:13:10.349, NVIDIA GeForce RTX 2080 Ti, 1037 MiB, 11264 MiB
2026/09/27 13:13:10.549, NVIDIA GeForce RTX 2080 Ti, 1037 MiB, 11264 MiB
2026/09/27 13:13:10.749, NVIDIA GeForce RTX 2080 Ti, 229 MiB, 11264 MiB
2026/09/27 13:13:10.949, NVIDIA GeForce RTX 2080 Ti, 1033 MiB, 11264 MiB
2026/09/27 13:13:11.149, NVIDIA GeForce RTX 2080 Ti, 1033 MiB, 11264 MiB
2026/09/27 13:13:11.350, NVIDIA GeForce RTX 2080 Ti, 1033 MiB, 11264 MiB
2026/09/27 13:13:11.550, NVIDIA GeForce RTX 2080 Ti, 1033 MiB, 11264 MiB
2026/09/27 13:13:11.750, NVIDIA GeForce RTX 2080 Ti, 1033 MiB, 11264 MiB
2026/09/27 13:13:11.950, NVIDIA GeForce RTX 2080 Ti, 1033 MiB, 11264 MiB
2026/09/27 13:13:12.150, NVIDIA GeForce RTX 2080 Ti, 1033 MiB, 11264 MiB
2026/09/27 13:13:12.350, NVIDIA GeForce RTX 2080 Ti, 1033 MiB, 11264 MiB
2026/09/27 13:13:12.550, NVIDIA GeForce RTX 2080 Ti, 1033 MiB, 11264 MiB
2026/09/27 13:13:12.751, NVIDIA GeForce RTX 2080 Ti, 1033 MiB, 11264 MiB
2026/09/27 13:13:12.951, NVIDIA GeForce RTX 2080 Ti, 1033 MiB, 11264 MiB
2026/09/27 13:13:13.151, NVIDIA GeForce RTX 2080 Ti, 1033 MiB, 11264 MiB
2026/09/27 13:13:13.351, NVIDIA GeForce RTX 2080 Ti, 1033 MiB, 11264 MiB
2026/09/27 13:13:13.551, NVIDIA GeForce RTX 2080 Ti, 1033 MiB, 11264 MiB
2026/09/27 13:13:13.751, NVIDIA GeForce RTX 2080 Ti, 1033 MiB, 11264 MiB
2026/09/27 13:13:13.952, NVIDIA GeForce RTX 2080 Ti, 1033 MiB, 11264 MiB
2026/09/27 13:13:14.152, NVIDIA GeForce RTX 2080 Ti, 1033 MiB, 11264 MiB
2026/09/27 13:13:14.352, NVIDIA GeForce RTX 2080 Ti, 1033 MiB, 11264 MiB
2026/09/27 13:13:14.552, NVIDIA GeForce RTX 2080 Ti, 1033 MiB, 11264 MiB
2026/09/27 13:13:14.752, NVIDIA GeForce RTX 2080 Ti, 1033 MiB, 11264 MiB
2026/09/27 13:13:14.952, NVIDIA GeForce RTX 2080 Ti, 1033 MiB, 11264 MiB
2026/09/27 13:13:15.152, NVIDIA GeForce RTX 2080 Ti, 1033 MiB, 11264 MiB
2026/09/27 13:13:15.353, NVIDIA GeForce RTX 2080 Ti, 1035 MiB, 11264 MiB
2026/09/27 13:13:15.553, NVIDIA GeForce RTX 2080 Ti, 1037 MiB, 11264 MiB
2026/09/27 13:13:15.753, NVIDIA GeForce RTX 2080 Ti, 1037 MiB, 11264 MiB
2026/09/27 13:13:15.953, NVIDIA GeForce RTX 2080 Ti, 1037 MiB, 11264 MiB
2026/09/27 13:13:16.153, NVIDIA GeForce RTX 2080 Ti, 1037 MiB, 11264 MiB
2026/09/27 13:13:16.353, NVIDIA GeForce RTX 2080 Ti, 1037 MiB, 11264 MiB
2026/09/27 13:13:16.554, NVIDIA GeForce RTX 2080 Ti, 1037 MiB, 11264 MiB
2026/09/27 13:13:16.754, NVIDIA GeForce RTX 2080 Ti, 1037 MiB, 11264 MiB
2026/09/27 13:13:16.954, NVIDIA GeForce RTX 2080 Ti, 1037 MiB, 11264 MiB
2026/09/27 13:13:17.154, NVIDIA GeForce RTX 2080 Ti, 1037 MiB, 11264 MiB
2026/09/27 13:13:17.354, NVIDIA GeForce RTX 2080 Ti, 1037 MiB, 11264 MiB
2026/09/27 13:13:17.554, NVIDIA GeForce RTX 2080 Ti, 1037 MiB, 11264 MiB
2026/09/27 13:13:17.755, NVIDIA GeForce RTX 2080 Ti, 1037 MiB, 11264 MiB
2026/09/27 13:13:17.955, NVIDIA GeForce RTX 2080 Ti, 1037 MiB, 11264 MiB
2026/09/27 13:13:18.155, NVIDIA GeForce RTX 2080 Ti, 211 MiB, 11264 MiB
2026/09/27 13:13:18.355, NVIDIA GeForce RTX 2080 Ti, 257 MiB, 11264 MiB
2026/09/27 13:13:18.555, NVIDIA GeForce RTX 2080 Ti, 1033 MiB, 11264 MiB
2026/09/27 13:13:18.755, NVIDIA GeForce RTX 2080 Ti, 1033 MiB, 11264 MiB
2026/09/27 13:13:18.956, NVIDIA GeForce RTX 2080 Ti, 1033 MiB, 11264 MiB
2026/09/27 13:13:19.156, NVIDIA GeForce RTX 2080 Ti, 1033 MiB, 11264 MiB
2026/09/27 13:13:19.356, NVIDIA GeForce RTX 2080 Ti, 1033 MiB, 11264 MiB
2026/09/27 13:13:19.556, NVIDIA GeForce RTX 2080 Ti, 1033 MiB, 11264 MiB
2026/09/27 13:13:19.756, NVIDIA GeForce RTX 2080 Ti, 1033 MiB, 11264 MiB
2026/09/27 13:13:19.956, NVIDIA GeForce RTX 2080 Ti, 1033 MiB, 11264 MiB
2026/09/27 13:13:20.156, NVIDIA GeForce RTX 2080 Ti, 1033 MiB, 11264 MiB
2026/09/27 13:13:20.357, NVIDIA GeForce RTX 2080 Ti, 1033 MiB, 11264 MiB
2026/09/27 13:13:20.557, NVIDIA GeForce RTX 2080 Ti, 1033 MiB, 11264 MiB
2026/09/27 13:13:20.757, NVIDIA GeForce RTX 2080 Ti, 1033 MiB, 11264 MiB
2026/09/27 13:13:20.957, NVIDIA GeForce RTX 2080 Ti, 1033 MiB, 11264 MiB
2026/09/27 13:13:21.157, NVIDIA GeForce RTX 2080 Ti, 1033 MiB, 11264 MiB
2026/09/27 13:13:21.357, NVIDIA GeForce RTX 2080 Ti, 1033 MiB, 11264 MiB
2026/09/27 13:13:21.557, NVIDIA GeForce RTX 2080 Ti, 1033 MiB, 11264 MiB
2026/09/27 13:13:21.758, NVIDIA GeForce RTX 2080 Ti, 1033 MiB, 11264 MiB
2026/09/27 13:13:21.958, NVIDIA GeForce RTX 2080 Ti, 1033 MiB, 11264 MiB
2026/09/27 13:13:22.158, NVIDIA GeForce RTX 2080 Ti, 1033 MiB, 11264 MiB
2026/09/27 13:13:22.358, NVIDIA GeForce RTX 2080 Ti, 1033 MiB, 11264 MiB
2026/09/27 13:13:22.558, NVIDIA GeForce RTX 2080 Ti, 1033 MiB, 11264 MiB
2026/09/27 13:13:22.758, NVIDIA GeForce RTX 2080 Ti, 1033 MiB, 11264 MiB
2026/09/27 13:13:22.958, NVIDIA GeForce RTX 2080 Ti, 1035 MiB, 11264 MiB
2026/09/27 13:13:23.159, NVIDIA GeForce RTX 2080 Ti, 1037 MiB, 11264 MiB
2026/09/27 13:13:23.359, NVIDIA GeForce RTX 2080 Ti, 1037 MiB, 11264 MiB
2026/09/27 13:13:23.559, NVIDIA GeForce RTX 2080 Ti, 1037 MiB, 11264 MiB
2026/09/27 13:13:23.759, NVIDIA GeForce RTX 2080 Ti, 1037 MiB, 11264 MiB
2026/09/27 13:13:23.959, NVIDIA GeForce RTX 2080 Ti, 1037 MiB, 11264 MiB
2026/09/27 13:13:24.160, NVIDIA GeForce RTX 2080 Ti, 1037 MiB, 11264 MiB
2026/09/27 13:13:24.360, NVIDIA GeForce RTX 2080 Ti, 1037 MiB, 11264 MiB
2026/09/27 13:13:24.560, NVIDIA GeForce RTX 2080 Ti, 1037 MiB, 11264 MiB
2026/09/27 13:13:24.760, NVIDIA GeForce RTX 2080 Ti, 1037 MiB, 11264 MiB
2026/09/27 13:13:24.960, NVIDIA GeForce RTX 2080 Ti, 1037 MiB, 11264 MiB
2026/09/27 13:13:25.160, NVIDIA GeForce RTX 2080 Ti, 1037 MiB, 11264 MiB
2026/09/27 13:13:25.361, NVIDIA GeForce RTX 2080 Ti, 1037 MiB, 11264 MiB
2026/09/27 13:13:25.561, NVIDIA GeForce RTX 2080 Ti, 1037 MiB, 11264 MiB
2026/09/27 13:13:25.761, NVIDIA GeForce RTX 2080 Ti, 211 MiB, 11264 MiB
2026/09/27 13:13:25.961, NVIDIA GeForce RTX 2080 Ti, 257 MiB, 11264 MiB
2026/09/27 13:13:26.161, NVIDIA GeForce RTX 2080 Ti, 1033 MiB, 11264 MiB
2026/09/27 13:13:26.361, NVIDIA GeForce RTX 2080 Ti, 1033 MiB, 11264 MiB
2026/09/27 13:13:26.561, NVIDIA GeForce RTX 2080 Ti, 1033 MiB, 11264 MiB
2026/09/27 13:13:26.762, NVIDIA GeForce RTX 2080 Ti, 1033 MiB, 11264 MiB
2026/09/27 13:13:26.962, NVIDIA GeForce RTX 2080 Ti, 1033 MiB, 11264 MiB
2026/09/27 13:13:27.162, NVIDIA GeForce RTX 2080 Ti, 1033 MiB, 11264 MiB
2026/09/27 13:13:27.362, NVIDIA GeForce RTX 2080 Ti, 1033 MiB, 11264 MiB
2026/09/27 13:13:27.562, NVIDIA GeForce RTX 2080 Ti, 1033 MiB, 11264 MiB
2026/09/27 13:13:27.762, NVIDIA GeForce RTX 2080 Ti, 1033 MiB, 11264 MiB
2026/09/27 13:13:27.962, NVIDIA GeForce RTX 2080 Ti, 1033 MiB, 11264 MiB
2026/09/27 13:13:28.163, NVIDIA GeForce RTX 2080 Ti, 1033 MiB, 11264 MiB
2026/09/27 13:13:28.363, NVIDIA GeForce RTX 2080 Ti, 1033 MiB, 11264 MiB
2026/09/27 13:13:28.563, NVIDIA GeForce RTX 2080 Ti, 1033 MiB, 11264 MiB
2026/09/27 13:13:28.763, NVIDIA GeForce RTX 2080 Ti, 1033 MiB, 11264 MiB
2026/09/27 13:13:28.963, NVIDIA GeForce RTX 2080 Ti, 1033 MiB, 11264 MiB
2026/09/27 13:13:29.163, NVIDIA GeForce RTX 2080 Ti, 1033 MiB, 11264 MiB
2026/09/27 13:13:29.363, NVIDIA GeForce RTX 2080 Ti, 1033 MiB, 11264 MiB
2026/09/27 13:13:29.564, NVIDIA GeForce RTX 2080 Ti, 1033 MiB, 11264 MiB
2026/09/27 13:13:29.764, NVIDIA GeForce RTX 2080 Ti, 1033 MiB, 11264 MiB
2026/09/27 13:13:29.964, NVIDIA GeForce RTX 2080 Ti, 1033 MiB, 11264 MiB
2026/09/27 13:13:30.164, NVIDIA GeForce RTX 2080 Ti, 1033 MiB, 11264 MiB
2026/09/27 13:13:30.364, NVIDIA GeForce RTX 2080 Ti, 1035 MiB, 11264 MiB
2026/09/27 13:13:30.564, NVIDIA GeForce RTX 2080 Ti, 1035 MiB, 11264 MiB
2026/09/27 13:13:30.765, NVIDIA GeForce RTX 2080 Ti, 1037 MiB, 11264 MiB
2026/09/27 13:13:30.965, NVIDIA GeForce RTX 2080 Ti, 1037 MiB, 11264 MiB
2026/09/27 13:13:31.165, NVIDIA GeForce RTX 2080 Ti, 1037 MiB, 11264 MiB
2026/09/27 13:13:31.365, NVIDIA GeForce RTX 2080 Ti, 1037 MiB, 11264 MiB
2026/09/27 13:13:31.565, NVIDIA GeForce RTX 2080 Ti, 1037 MiB, 11264 MiB
2026/09/27 13:13:31.765, NVIDIA GeForce RTX 2080 Ti, 1037 MiB, 11264 MiB
2026/09/27 13:13:31.965, NVIDIA GeForce RTX 2080 Ti, 1037 MiB, 11264 MiB
2026/09/27 13:13:32.166, NVIDIA GeForce RTX 2080 Ti, 1037 MiB, 11264 MiB
2026/09/27 13:13:32.366, NVIDIA GeForce RTX 2080 Ti, 1037 MiB, 11264 MiB
2026/09/27 13:13:32.566, NVIDIA GeForce RTX 2080 Ti, 1037 MiB, 11264 MiB
2026/09/27 13:13:32.766, NVIDIA GeForce RTX 2080 Ti, 1037 MiB, 11264 MiB
2026/09/27 13:13:32.966, NVIDIA GeForce RTX 2080 Ti, 1037 MiB, 11264 MiB
2026/09/27 13:13:33.166, NVIDIA GeForce RTX 2080 Ti, 1037 MiB, 11264 MiB
2026/09/27 13:13:33.366, NVIDIA GeForce RTX 2080 Ti, 211 MiB, 11264 MiB
2026/09/27 13:13:33.567, NVIDIA GeForce RTX 2080 Ti, 257 MiB, 11264 MiB
2026/09/27 13:13:33.767, NVIDIA GeForce RTX 2080 Ti, 1033 MiB, 11264 MiB
2026/09/27 13:13:33.968, NVIDIA GeForce RTX 2080 Ti, 1033 MiB, 11264 MiB
2026/09/27 13:13:34.168, NVIDIA GeForce RTX 2080 Ti, 1033 MiB, 11264 MiB
2026/09/27 13:13:34.368, NVIDIA GeForce RTX 2080 Ti, 1033 MiB, 11264 MiB
2026/09/27 13:13:34.568, NVIDIA GeForce RTX 2080 Ti, 1033 MiB, 11264 MiB
2026/09/27 13:13:34.768, NVIDIA GeForce RTX 2080 Ti, 1033 MiB, 11264 MiB
2026/09/27 13:13:34.968, NVIDIA GeForce RTX 2080 Ti, 1033 MiB, 11264 MiB
2026/09/27 13:13:35.169, NVIDIA GeForce RTX 2080 Ti, 1033 MiB, 11264 MiB
2026/09/27 13:13:35.369, NVIDIA GeForce RTX 2080 Ti, 1033 MiB, 11264 MiB
2026/09/27 13:13:35.569, NVIDIA GeForce RTX 2080 Ti, 1033 MiB, 11264 MiB
2026/09/27 13:13:35.769, NVIDIA GeForce RTX 2080 Ti, 1033 MiB, 11264 MiB
2026/09/27 13:13:35.969, NVIDIA GeForce RTX 2080 Ti, 1033 MiB, 11264 MiB
2026/09/27 13:13:36.169, NVIDIA GeForce RTX 2080 Ti, 1033 MiB, 11264 MiB
2026/09/27 13:13:36.369, NVIDIA GeForce RTX 2080 Ti, 1033 MiB, 11264 MiB
2026/09/27 13:13:36.570, NVIDIA GeForce RTX 2080 Ti, 1033 MiB, 11264 MiB
2026/09/27 13:13:36.770, NVIDIA GeForce RTX 2080 Ti, 1033 MiB, 11264 MiB
2026/09/27 13:13:36.970, NVIDIA GeForce RTX 2080 Ti, 1033 MiB, 11264 MiB
2026/09/27 13:13:37.170, NVIDIA GeForce RTX 2080 Ti, 1033 MiB, 11264 MiB
2026/09/27 13:13:37.370, NVIDIA GeForce RTX 2080 Ti, 1033 MiB, 11264 MiB
2026/09/27 13:13:37.570, NVIDIA GeForce RTX 2080 Ti, 1033 MiB, 11264 MiB
2026/09/27 13:13:37.771, NVIDIA GeForce RTX 2080 Ti, 1033 MiB, 11264 MiB
2026/09/27 13:13:37.971, NVIDIA GeForce RTX 2080 Ti, 1035 MiB, 11264 MiB
2026/09/27 13:13:38.171, NVIDIA GeForce RTX 2080 Ti, 1035 MiB, 11264 MiB
2026/09/27 13:13:38.371, NVIDIA GeForce RTX 2080 Ti, 1037 MiB, 11264 MiB
2026/09/27 13:13:38.571, NVIDIA GeForce RTX 2080 Ti, 1037 MiB, 11264 MiB
2026/09/27 13:13:38.771, NVIDIA GeForce RTX 2080 Ti, 1037 MiB, 11264 MiB
2026/09/27 13:13:38.971, NVIDIA GeForce RTX 2080 Ti, 1037 MiB, 11264 MiB
2026/09/27 13:13:39.172, NVIDIA GeForce RTX 2080 Ti, 1037 MiB, 11264 MiB
2026/09/27 13:13:39.372, NVIDIA GeForce RTX 2080 Ti, 1037 MiB, 11264 MiB
2026/09/27 13:13:39.572, NVIDIA GeForce RTX 2080 Ti, 1037 MiB, 11264 MiB
2026/09/27 13:13:39.772, NVIDIA GeForce RTX 2080 Ti, 1037 MiB, 11264 MiB
2026/09/27 13:13:39.972, NVIDIA GeForce RTX 2080 Ti, 1037 MiB, 11264 MiB
2026/09/27 13:13:40.172, NVIDIA GeForce RTX 2080 Ti, 1037 MiB, 11264 MiB
2026/09/27 13:13:40.372, NVIDIA GeForce RTX 2080 Ti, 1037 MiB, 11264 MiB
2026/09/27 13:13:40.573, NVIDIA GeForce RTX 2080 Ti, 1037 MiB, 11264 MiB
2026/09/27 13:13:40.773, NVIDIA GeForce RTX 2080 Ti, 1037 MiB, 11264 MiB
2026/09/27 13:13:40.973, NVIDIA GeForce RTX 2080 Ti, 211 MiB, 11264 MiB
2026/09/27 13:13:41.173, NVIDIA GeForce RTX 2080 Ti, 211 MiB, 11264 MiB
2026/09/27 13:13:41.373, NVIDIA GeForce RTX 2080 Ti, 211 MiB, 11264 MiB
2026/09/27 13:13:41.573, NVIDIA GeForce RTX 2080 Ti, 211 MiB, 11264 MiB
2026/09/27 13:13:41.774, NVIDIA GeForce RTX 2080 Ti, 211 MiB, 11264 MiB
2026/09/27 13:13:41.974, NVIDIA GeForce RTX 2080 Ti, 211 MiB, 11264 MiB
