model;cutoff;dimension;value;wape_score;absolute_error;actual_total;bias;rows;mae;wape
hgb;2025-04-30;route;1;0.8001307950174308;194070.0;970985.0;141398.0;1193;162.67393126571667;0.19986920498256924
hgb;2025-04-30;route;7;0.7883540219556661;285470.0;1348809.0;205098.0;1220;233.99180327868854;0.21164597804433394
hgb;2025-04-30;route;11;0.8246970491062767;302707.0;1726765.0;227963.0;1220;248.1204918032787;0.17530295089372325
hgb;2025-04-30;route;12;0.8223962152256612;319246.0;1797518.0;217870.0;1220;261.67704918032786;0.17760378477433883
hgb;2025-04-30;route;17;0.8087317709166999;525778.0;2748904.0;-180612.0;1220;430.9655737704918;0.1912682290833001
hgb;2025-04-30;route;25;0.7667068069952011;90860.0;389467.0;56038.0;1183;76.80473372781066;0.23329319300479887
hgb;2025-04-30;route;26;0.7563985583030386;219186.0;899773.0;179594.0;1220;179.66065573770493;0.24360144169696135
hgb;2025-04-30;route;28;0.7632384980976128;126384.0;533803.0;75520.0;1173;107.74424552429667;0.2367615019023872
hgb;2025-04-30;route;50;0.7712867486132937;254986.0;1114872.0;196436.0;1220;209.0049180327869;0.22871325138670628
hgb;2025-04-30;hour;0;0.6138470985569542;12577.0;32570.0;-8113.0;447;28.136465324384787;0.38615290144304576
hgb;2025-04-30;hour;5;0.7527343350710416;14514.0;58698.0;1074.0;542;26.77859778597786;0.2472656649289584
hgb;2025-04-30;hour;6;0.7964390164304811;64870.0;318676.0;30182.0;549;118.16029143897997;0.20356098356951888
hgb;2025-04-30;hour;7;0.752029432193089;159943.0;645008.0;123045.0;549;291.3351548269581;0.24797056780691093
hgb;2025-04-30;hour;8;0.7514514029229604;228144.0;917905.0;184314.0;549;415.56284153005464;0.24854859707703955
hgb;2025-04-30;hour;9;0.8079386729969704;146441.0;762470.0;88447.0;549;266.74134790528234;0.19206132700302964
hgb;2025-04-30;hour;10;0.8089613940013427;126343.0;661348.0;69977.0;549;230.13296903460838;0.1910386059986573
hgb;2025-04-30;hour;11;0.8158526523907565;123875.0;672695.0;71283.0;549;225.63752276867032;0.18414734760924342
hgb;2025-04-30;hour;12;0.8293441524281709;118407.0;693835.0;61323.0;549;215.6775956284153;0.17065584757182903
hgb;2025-04-30;hour;13;0.8251602651146402;125540.0;718029.0;68090.0;549;228.6703096539162;0.17483973488535978
hgb;2025-04-30;hour;14;0.8056696053348276;136644.0;703153.0;83808.0;549;248.89617486338798;0.19433039466517243
hgb;2025-04-30;hour;15;0.7805963433411904;159447.0;726729.0;106731.0;549;290.43169398907105;0.21940365665880954
hgb;2025-04-30;hour;16;0.7762727483901433;176253.0;787803.0;128935.0;549;321.04371584699453;0.2237272516098568
hgb;2025-04-30;hour;17;0.8042711717374768;177794.0;908369.0;113586.0;549;323.8506375227687;0.19572882826252327
hgb;2025-04-30;hour;18;0.8216188938654405;170380.0;955146.0;59736.0;549;310.3460837887067;0.17838110613455954
hgb;2025-04-30;hour;19;0.8286356023351759;128099.0;747524.0;16069.0;549;233.33151183970855;0.17136439766482414
hgb;2025-04-30;hour;20;0.8228586591581686;96130.0;542674.0;-1736.0;549;175.10018214936247;0.17714134084183136
hgb;2025-04-30;hour;21;0.8012846432942822;72733.0;366016.0;-27537.0;549;132.48269581056465;0.19871535670571777
hgb;2025-04-30;hour;22;0.7472789918346155;53544.0;211870.0;-32056.0;549;97.53005464480874;0.25272100816538445
hgb;2025-04-30;hour;23;0.7309270955787125;27009.0;100378.0;-17853.0;547;49.376599634369285;0.2690729044212875
hgb;2025-04-30;horizon_week;1;0.6494925927505293;402760.0;1149077.0;311096.0;1249;322.4659727782226;0.35050740724947066
hgb;2025-04-30;horizon_week;2;0.6892424201562827;368735.0;1186568.0;273559.0;1246;295.9349919743178;0.3107575798437173
hgb;2025-04-30;horizon_week;3;0.8911304969184506;164547.0;1511415.0;-51289.0;1248;131.84855769230768;0.10886950308154941
hgb;2025-04-30;horizon_week;4;0.8855785182320778;173395.0;1515406.0;-55281.0;1247;139.04971932638333;0.11442148176792226
hgb;2025-04-30;horizon_week;5;0.8785983630427681;178006.0;1466257.0;-6158.0;1245;142.97670682730924;0.12140163695723191
hgb;2025-04-30;horizon_week;6;0.852743794753235;206370.0;1401435.0;58676.0;1247;165.49318364073778;0.14725620524676492
hgb;2025-04-30;horizon_week;7;0.6243987449561257;416828.0;1109762.0;350372.0;1247;334.2646351242983;0.37560125504387426
hgb;2025-04-30;horizon_week;8;0.8262378708402579;230129.0;1324391.0;135735.0;1248;184.39823717948718;0.1737621291597421
hgb;2025-04-30;horizon_week;9;0.7946918074972449;177917.0;866585.0;102595.0;892;199.4585201793722;0.20530819250275506
mean;2025-04-30;route;1;0.8160980859642528;178566.0;970985.0;87848.0;1193;149.67812238055322;0.1839019140357472
mean;2025-04-30;route;7;0.806681301800329;260750.0;1348809.0;121068.0;1220;213.7295081967213;0.19331869819967096
mean;2025-04-30;route;11;0.8457890911617968;266286.0;1726765.0;111948.0;1220;218.2672131147541;0.15421090883820324
mean;2025-04-30;route;12;0.8270537485577335;310874.0;1797518.0;124506.0;1220;254.81475409836065;0.1729462514422665
mean;2025-04-30;route;17;0.8720777444392384;351646.0;2748904.0;73178.0;1220;288.2344262295082;0.12792225556076167
mean;2025-04-30;route;25;0.7957567650147509;79546.0;389467.0;13222.0;1183;67.24091293322063;0.20424323498524907
mean;2025-04-30;route;26;0.784123328884063;194240.0;899773.0;153186.0;1220;159.21311475409837;0.21587667111593703
mean;2025-04-30;route;28;0.7757374911718368;119712.0;533803.0;58146.0;1173;102.05626598465473;0.2242625088281632
mean;2025-04-30;route;50;0.7909015564118571;233118.0;1114872.0;159736.0;1220;191.08032786885246;0.20909844358814286
mean;2025-04-30;hour;0;0.7457169174086582;8282.0;32570.0;-5118.0;447;18.527964205816556;0.25428308259134175
mean;2025-04-30;hour;5;0.7861596647245221;12552.0;58698.0;-1822.0;542;23.15867158671587;0.21384033527547788
mean;2025-04-30;hour;6;0.8239528549373031;56102.0;318676.0;18086.0;549;102.18943533697632;0.17604714506269692
mean;2025-04-30;hour;7;0.8001327115322601;128916.0;645008.0;87898.0;549;234.81967213114754;0.19986728846773993
mean;2025-04-30;hour;8;0.798583731431902;184881.0;917905.0;121891.0;549;336.75956284153006;0.201416268568098
mean;2025-04-30;hour;9;0.8314609099374402;128506.0;762470.0;54030.0;549;234.0728597449909;0.16853909006255985
mean;2025-04-30;hour;10;0.8410080623211985;105149.0;661348.0;37425.0;549;191.52823315118397;0.1589919376788015
mean;2025-04-30;hour;11;0.841223734381852;106808.0;672695.0;45604.0;549;194.55009107468123;0.1587762656181479
mean;2025-04-30;hour;12;0.8449184604408829;107601.0;693835.0;57007.0;549;195.9945355191257;0.15508153955911708
mean;2025-04-30;hour;13;0.847634287751609;109403.0;718029.0;62003.0;549;199.2768670309654;0.15236571224839107
mean;2025-04-30;hour;14;0.8358664472739219;115411.0;703153.0;78435.0;549;210.22040072859744;0.1641335527260781
mean;2025-04-30;hour;15;0.8074192718331042;139954.0;726729.0;108920.0;549;254.92531876138435;0.19258072816689578
mean;2025-04-30;hour;16;0.8118362077829102;148236.0;787803.0;124374.0;549;270.0109289617486;0.18816379221708981
mean;2025-04-30;hour;17;0.8261598535396959;157911.0;908369.0;114933.0;549;287.6338797814208;0.17384014646030413
mean;2025-04-30;hour;18;0.8358900105324212;156749.0;955146.0;79611.0;549;285.5173041894353;0.16410998946757877
mean;2025-04-30;hour;19;0.8473707867573482;114094.0;747524.0;20896.0;549;207.8214936247723;0.15262921324265175
mean;2025-04-30;hour;20;0.8472747911269012;82880.0;542674.0;-25424.0;549;150.96539162112933;0.15272520887309876
mean;2025-04-30;hour;21;0.8250349711488022;64040.0;366016.0;-32952.0;549;116.64845173041894;0.17496502885119777
mean;2025-04-30;hour;22;0.7914853447868977;44178.0;211870.0;-28832.0;549;80.46994535519126;0.20851465521310236
mean;2025-04-30;hour;23;0.7700193269441511;23085.0;100378.0;-14127.0;547;42.202925045703836;0.22998067305584888
mean;2025-04-30;horizon_week;1;0.6855145477631177;361368.0;1149077.0;284090.0;1249;289.32586068855085;0.3144854522368823
mean;2025-04-30;horizon_week;2;0.7148389304279232;338363.0;1186568.0;246609.0;1246;271.5593900481541;0.28516106957207676
mean;2025-04-30;horizon_week;3;0.9055811937819858;142706.0;1511415.0;-78250.0;1248;114.34775641025641;0.09441880621801424
mean;2025-04-30;horizon_week;4;0.9012581446820191;149634.0;1515406.0;-82242.0;1247;119.99518845228549;0.0987418553179808
mean;2025-04-30;horizon_week;5;0.9014899843615409;144441.0;1466257.0;-33115.0;1245;116.01686746987951;0.09851001563845901
mean;2025-04-30;horizon_week;6;0.8769275778041793;172478.0;1401435.0;31706.0;1247;138.31435445068163;0.12307242219582071
mean;2025-04-30;horizon_week;7;0.6649083316963458;371872.0;1109762.0;323386.0;1247;298.21331194867685;0.3350916683036543
mean;2025-04-30;horizon_week;8;0.8675798914368944;175376.0;1324391.0;108772.0;1248;140.52564102564102;0.1324201085631056
mean;2025-04-30;horizon_week;9;0.8401772474713963;138500.0;866585.0;101882.0;892;155.26905829596413;0.15982275252860365
030;2025-04-30;route;1;0.887582197459281;109156.0;970985.0;60230.0;1193;91.49706621961441;0.11241780254071897
030;2025-04-30;route;7;0.8633698322001113;184288.0;1348809.0;99666.0;1220;151.05573770491804;0.13663016779988865
030;2025-04-30;route;11;0.8986324137911065;175038.0;1726765.0;20684.0;1220;143.47377049180326;0.10136758620889351
030;2025-04-30;route;12;0.9008449428600993;178233.0;1797518.0;15685.0;1220;146.09262295081967;0.09915505713990068
030;2025-04-30;route;17;0.9165391006743051;229426.0;2748904.0;-54180.0;1220;188.05409836065573;0.08346089932569489
030;2025-04-30;route;25;0.8322476615477049;65334.0;389467.0;19766.0;1183;55.227387996618766;0.16775233845229506
030;2025-04-30;route;26;0.8199834847233691;161974.0;899773.0;136040.0;1220;132.7655737704918;0.18001651527663087
030;2025-04-30;route;28;0.8280208241617226;91803.0;533803.0;46561.0;1173;78.26342710997443;0.1719791758382774
030;2025-04-30;route;50;0.8788434905531756;135074.0;1114872.0;73470.0;1220;110.71639344262294;0.12115650944682439
030;2025-04-30;hour;0;0.7483880871968069;8195.0;32570.0;-4865.0;447;18.333333333333332;0.2516119128031931
030;2025-04-30;hour;5;0.8477631265119765;8936.0;58698.0;-2308.0;542;16.487084870848708;0.15223687348802345
030;2025-04-30;hour;6;0.8955992920709436;33270.0;318676.0;5124.0;549;60.60109289617486;0.10440070792905647
030;2025-04-30;hour;7;0.8889517649393496;71627.0;645008.0;37921.0;549;130.46812386156648;0.11104823506065041
030;2025-04-30;hour;8;0.890852539206127;100187.0;917905.0;62785.0;549;182.48998178506375;0.10914746079387301
030;2025-04-30;hour;9;0.909940063215602;68668.0;762470.0;24736.0;549;125.0783242258652;0.09005993678439808
030;2025-04-30;hour;10;0.8953682478815994;69198.0;661348.0;29474.0;549;126.04371584699453;0.1046317521184006
030;2025-04-30;hour;11;0.8864894194248508;76358.0;672695.0;35682.0;549;139.0856102003643;0.11351058057514922
030;2025-04-30;hour;12;0.8825686222228628;81478.0;693835.0;41150.0;549;148.41165755919855;0.11743137777713722
030;2025-04-30;hour;13;0.886077024744126;81800.0;718029.0;39566.0;549;148.99817850637524;0.11392297525587407
030;2025-04-30;hour;14;0.872181445574434;89876.0;703153.0;54786.0;549;163.70856102003643;0.127818554425566
030;2025-04-30;hour;15;0.8602009827597358;101596.0;726729.0;69882.0;549;185.05646630236794;0.13979901724026425
030;2025-04-30;hour;16;0.8763510674622971;97411.0;787803.0;72429.0;549;177.4335154826958;0.12364893253770295
030;2025-04-30;hour;17;0.8968668019274105;93683.0;908369.0;46233.0;549;170.64298724954463;0.10313319807258944
030;2025-04-30;hour;18;0.8968073990782561;98564.0;955146.0;-8790.0;549;179.53369763205828;0.1031926009217439
030;2025-04-30;hour;19;0.8944033903928168;78936.0;747524.0;-11900.0;549;143.78142076502732;0.10559660960718319
030;2025-04-30;hour;20;0.888951746352322;60263.0;542674.0;-15225.0;549;109.76867030965391;0.11104825364767798
030;2025-04-30;hour;21;0.8588996109459696;51645.0;366016.0;-24919.0;549;94.07103825136612;0.1411003890540304
030;2025-04-30;hour;22;0.818874781705763;38375.0;211870.0;-22047.0;549;69.89981785063752;0.18112521829423703
030;2025-04-30;hour;23;0.7981629440714101;20260.0;100378.0;-11792.0;547;37.03839122486289;0.20183705592858994
030;2025-04-30;horizon_week;1;0.8655103182815425;154539.0;1149077.0;93063.0;1249;123.73018414731786;0.13448968171845752
030;2025-04-30;horizon_week;2;0.8767790805078175;146210.0;1186568.0;55122.0;1246;117.34349919743178;0.1232209194921825
030;2025-04-30;horizon_week;3;0.9140031030524376;129977.0;1511415.0;-33609.0;1248;104.14823717948718;0.08599689694756238
030;2025-04-30;horizon_week;4;0.9091240235290081;137714.0;1515406.0;-19986.0;1247;110.43624699278269;0.09087597647099194
030;2025-04-30;horizon_week;5;0.9066139155686895;136928.0;1466257.0;11616.0;1245;109.98232931726908;0.09338608443131047
030;2025-04-30;horizon_week;6;0.8800001427108642;168172.0;1401435.0;55304.0;1247;134.86126704089816;0.11999985728913577
030;2025-04-30;horizon_week;7;0.8534271312227306;162661.0;1109762.0;76709.0;1247;130.4418604651163;0.14657286877726936
030;2025-04-30;horizon_week;8;0.8692093196042558;173218.0;1324391.0;102786.0;1248;138.79647435897436;0.13079068039574415
030;2025-04-30;horizon_week;9;0.8604787758846506;120907.0;866585.0;76917.0;892;135.54596412556054;0.13952122411534934
hgb;2025-06-30;route;1;0.8952910415668897;94230.0;899923.0;33184.0;1201;78.45961698584513;0.10470895843311039
hgb;2025-06-30;route;7;0.552239345079826;384287.0;858242.0;354615.0;1220;314.9893442622951;0.44776065492017403
hgb;2025-06-30;route;11;0.8890510531483728;182371.0;1643738.0;5873.0;1220;149.4844262295082;0.1109489468516272
hgb;2025-06-30;route;12;0.898039938391232;174830.0;1714691.0;-46194.0;1220;143.30327868852459;0.101960061608768
hgb;2025-06-30;route;17;0.9041499541778173;254047.0;2650463.0;-77315.0;1220;208.23524590163933;0.09585004582218276
hgb;2025-06-30;route;25;0.8139511125133336;61918.0;332805.0;-570.0;1179;52.517387616624255;0.18604888748666637
hgb;2025-06-30;route;26;0.8754480094023462;98451.0;790441.0;59227.0;1220;80.69754098360656;0.12455199059765372
hgb;2025-06-30;route;28;0.8037719711838945;89479.0;455995.0;66263.0;1169;76.5431993156544;0.19622802881610543
hgb;2025-06-30;route;50;0.7710343463316931;277788.0;1213230.0;-135118.0;1220;227.69508196721313;0.22896565366830693
hgb;2025-06-30;hour;0;0.710262220783425;8950.0;30890.0;620.0;448;19.977678571428573;0.28973777921657495
hgb;2025-06-30;hour;5;0.8096236365423041;11624.0;61058.0;-3258.0;542;21.44649446494465;0.19037636345769596
hgb;2025-06-30;hour;6;0.8691451369572392;44409.0;339376.0;-15247.0;549;80.89071038251366;0.13085486304276084
hgb;2025-06-30;hour;7;0.8793788783011928;77229.0;640261.0;19943.0;549;140.672131147541;0.1206211216988072
hgb;2025-06-30;hour;8;0.8713966988414507;110038.0;855639.0;52580.0;549;200.4335154826958;0.12860330115854934
hgb;2025-06-30;hour;9;0.8606486731035746;97333.0;698472.0;56797.0;549;177.29143897996357;0.13935132689642535
hgb;2025-06-30;hour;10;0.873035137450276;75740.0;596543.0;27908.0;549;137.95992714025502;0.126964862549724
hgb;2025-06-30;hour;11;0.8497759290560567;88698.0;590438.0;39254.0;549;161.56284153005464;0.1502240709439433
hgb;2025-06-30;hour;12;0.8425277892136682;94095.0;597534.0;43725.0;549;171.39344262295083;0.15747221078633183
hgb;2025-06-30;hour;13;0.8318134920568778;100904.0;599953.0;49176.0;549;183.7959927140255;0.1681865079431222
hgb;2025-06-30;hour;14;0.8216582598812634;103878.0;582466.0;56742.0;549;189.21311475409837;0.17834174011873655
hgb;2025-06-30;hour;15;0.8373605719721218;99340.0;610799.0;29530.0;549;180.9471766848816;0.16263942802787823
hgb;2025-06-30;hour;16;0.8394192901241289;110621.0;688881.0;28803.0;549;201.49544626593806;0.16058070987587117
hgb;2025-06-30;hour;17;0.8550477834075242;120613.0;832088.0;22707.0;549;219.69581056466302;0.14495221659247579
hgb;2025-06-30;hour;18;0.8559735790263993;132748.0;921692.0;-20636.0;549;241.79963570127504;0.14402642097360072
hgb;2025-06-30;hour;19;0.8331953783025958;122726.0;735747.0;-45282.0;549;223.54462659380692;0.16680462169740415
hgb;2025-06-30;hour;20;0.8373135626550493;86039.0;528864.0;-29401.0;549;156.71948998178507;0.1626864373449507
hgb;2025-06-30;hour;21;0.8202214642541699;63302.0;352111.0;-25876.0;549;115.30418943533698;0.17977853574583014
hgb;2025-06-30;hour;22;0.7812607116776537;44032.0;201299.0;-25020.0;549;80.2040072859745;0.21873928832234635
hgb;2025-06-30;hour;23;0.7371327960426339;25082.0;95417.0;-3100.0;546;45.937728937728934;0.26286720395736607
hgb;2025-06-30;horizon_week;1;0.8990044120807965;131095.0;1298027.0;-62135.0;1248;105.04407051282051;0.10099558791920353
hgb;2025-06-30;horizon_week;2;0.8369764358159403;193269.0;1185528.0;50355.0;1247;154.98716920609462;0.16302356418405975
hgb;2025-06-30;horizon_week;3;0.7892148436753949;242803.0;1151898.0;84023.0;1247;194.70970328789093;0.21078515632460512
hgb;2025-06-30;horizon_week;4;0.8155438946504778;218750.0;1185919.0;49962.0;1246;175.56179775280899;0.1844561053495222
hgb;2025-06-30;horizon_week;5;0.8014653446927548;230517.0;1161092.0;74779.0;1243;185.4521319388576;0.19853465530724526
hgb;2025-06-30;horizon_week;6;0.8200465577936675;211579.0;1175743.0;60167.0;1248;169.53445512820514;0.1799534422063325
hgb;2025-06-30;horizon_week;7;0.8820523829252647;141205.0;1197184.0;38741.0;1250;112.964;0.11794761707473538
hgb;2025-06-30;horizon_week;8;0.8870039401878662;137797.0;1219485.0;16465.0;1251;110.14948041566747;0.11299605981213381
hgb;2025-06-30;horizon_week;9;0.8878933877146443;110386.0;984652.0;-52392.0;889;124.1687289088864;0.11210661228535564
mean;2025-06-30;route;1;0.8261028999147705;156494.0;899923.0;140470.0;1201;130.3030807660283;0.17389710008522952
mean;2025-06-30;route;7;0.3164025997329425;586692.0;858242.0;583618.0;1220;480.8950819672131;0.6835974002670575
mean;2025-06-30;route;11;0.839948337265428;263083.0;1643738.0;170893.0;1220;215.6418032786885;0.16005166273457205
mean;2025-06-30;route;12;0.8444396104021075;266738.0;1714691.0;183202.0;1220;218.6377049180328;0.15556038959789256
mean;2025-06-30;route;17;0.8829978007616028;310110.0;2650463.0;167696.0;1220;254.18852459016392;0.11700219923839722
mean;2025-06-30;route;25;0.7215907212932497;92656.0;332805.0;68342.0;1179;78.58863443596267;0.2784092787067502
mean;2025-06-30;route;26;0.7096026142368628;229542.0;790441.0;220032.0;1220;188.14918032786886;0.2903973857631373
mean;2025-06-30;route;28;0.7099617320365355;132256.0;455995.0;121212.0;1169;113.1360136869119;0.2900382679634645
mean;2025-06-30;route;50;0.7533888875151455;299196.0;1213230.0;22964.0;1220;245.24262295081968;0.24661111248485448
mean;2025-06-30;hour;0;0.7182259630948526;8704.0;30890.0;-1940.0;448;19.428571428571427;0.2817740369051473
mean;2025-06-30;hour;5;0.8104916636640571;11571.0;61058.0;-2815.0;542;21.34870848708487;0.18950833633594288
mean;2025-06-30;hour;6;0.8448417094903587;52657.0;339376.0;-4281.0;549;95.9143897996357;0.15515829050964122
mean;2025-06-30;hour;7;0.8175087971936444;116842.0;640261.0;74844.0;549;212.82695810564664;0.18249120280635553
mean;2025-06-30;hour;8;0.7762502644222622;191449.0;855639.0;159727.0;549;348.7231329690346;0.2237497355777378
mean;2025-06-30;hour;9;0.8129416784065789;130655.0;698472.0;109665.0;549;237.9872495446266;0.18705832159342106
mean;2025-06-30;hour;10;0.8115441803859906;112422.0;596543.0;95848.0;549;204.775956284153;0.1884558196140094
mean;2025-06-30;hour;11;0.7758240492651218;132362.0;590438.0;116648.0;549;241.09653916211292;0.22417595073487817
mean;2025-06-30;hour;12;0.7478804553381062;150650.0;597534.0;137424.0;549;274.408014571949;0.25211954466189374
mean;2025-06-30;hour;13;0.7107173395249294;173556.0;599953.0;162386.0;549;316.1311475409836;0.28928266047507056
mean;2025-06-30;hour;14;0.6815436437491631;185490.0;582466.0;175910.0;549;337.8688524590164;0.31845635625083696
mean;2025-06-30;hour;15;0.6671998480678587;203274.0;610799.0;192480.0;549;370.26229508196724;0.33280015193214135
mean;2025-06-30;hour;16;0.7097684505741921;199935.0;688881.0;187191.0;549;364.1803278688525;0.2902315494258079
mean;2025-06-30;hour;17;0.7788575246848891;184010.0;832088.0;161542.0;549;335.1730418943534;0.22114247531511091
mean;2025-06-30;hour;18;0.8325297387847568;154356.0;921692.0;97268.0;549;281.1584699453552;0.16747026121524328
mean;2025-06-30;hour;19;0.842051683527082;116210.0;735747.0;33194.0;549;211.67577413479052;0.157948316472918
mean;2025-06-30;hour;20;0.8368919041568342;86262.0;528864.0;1070.0;549;157.12568306010928;0.16310809584316574
mean;2025-06-30;hour;21;0.8249188466137098;61648.0;352111.0;-5928.0;549;112.29143897996357;0.17508115338629013
mean;2025-06-30;hour;22;0.7951355943149245;41239.0;201299.0;-7675.0;549;75.11657559198542;0.20486440568507544
mean;2025-06-30;hour;23;0.7539746586038127;23475.0;95417.0;-4129.0;546;42.994505494505496;0.24602534139618726
mean;2025-06-30;horizon_week;1;0.8683640633053087;170867.0;1298027.0;100435.0;1248;136.91266025641025;0.13163593669469126
mean;2025-06-30;horizon_week;2;0.7499662597593646;296422.0;1185528.0;212910.0;1247;237.70809943865277;0.2500337402406354
mean;2025-06-30;horizon_week;3;0.7098753535469287;334194.0;1151898.0;246532.0;1247;267.99839615076183;0.29012464645307134
mean;2025-06-30;horizon_week;4;0.7326394129784581;317068.0;1185919.0;212522.0;1246;254.46869983948636;0.2673605870215419
mean;2025-06-30;horizon_week;5;0.715483355324126;330350.0;1161092.0;237324.0;1243;265.7683024939662;0.28451664467587406
mean;2025-06-30;horizon_week;6;0.7407009865251164;304869.0;1175743.0;222703.0;1248;244.28605769230768;0.25929901347488354
mean;2025-06-30;horizon_week;7;0.8037377713033251;234962.0;1197184.0;201294.0;1250;187.9696;0.19626222869667487
mean;2025-06-30;horizon_week;8;0.8224119197858112;216566.0;1219485.0;179008.0;1251;173.11430855315749;0.1775880802141888
mean;2025-06-30;horizon_week;9;0.8664817620844725;131469.0;984652.0;65701.0;889;147.88413948256468;0.13351823791552753
030;2025-06-30;route;1;0.9049118646817561;85572.0;899923.0;29050.0;1201;71.25062447960033;0.0950881353182439
030;2025-06-30;route;7;0.8511923210469774;127713.0;858242.0;41567.0;1220;104.6827868852459;0.14880767895302258
030;2025-06-30;route;11;0.8918921385281596;177701.0;1643738.0;38815.0;1220;145.65655737704918;0.1081078614718404
030;2025-06-30;route;12;0.9075652697774701;158497.0;1714691.0;38353.0;1220;129.9155737704918;0.09243473022252989
030;2025-06-30;route;17;0.9210688849457623;209204.0;2650463.0;-33492.0;1220;171.47868852459015;0.0789311150542377
030;2025-06-30;route;25;0.8295278015654812;56734.0;332805.0;-4508.0;1179;48.12044105173876;0.17047219843451872
030;2025-06-30;route;26;0.8646173465192215;107012.0;790441.0;77824.0;1220;87.71475409836066;0.13538265348077846
030;2025-06-30;route;28;0.8213357602605291;81470.0;455995.0;54162.0;1169;69.69204448246364;0.17866423973947082
030;2025-06-30;route;50;0.8145347543334734;225012.0;1213230.0;27852.0;1220;184.4360655737705;0.18546524566652656
030;2025-06-30;hour;0;0.7489478795726772;7755.0;30890.0;87.0;448;17.310267857142858;0.2510521204273228
030;2025-06-30;hour;5;0.8056765698188608;11865.0;61058.0;-7459.0;542;21.891143911439116;0.19432343018113923
030;2025-06-30;hour;6;0.862533001744378;46653.0;339376.0;-37993.0;549;84.97814207650273;0.13746699825562209
030;2025-06-30;hour;7;0.9165184198319123;53450.0;640261.0;-26770.0;549;97.35883424408014;0.0834815801680877
030;2025-06-30;hour;8;0.9260809757386;63248.0;855639.0;17748.0;549;115.20582877959927;0.07391902426139996
030;2025-06-30;hour;9;0.91158987046009;61752.0;698472.0;35104.0;549;112.48087431693989;0.08841012953990998
030;2025-06-30;hour;10;0.8981112845176291;60781.0;596543.0;23221.0;549;110.71220400728598;0.10188871548237093
030;2025-06-30;hour;11;0.8730061412036488;74982.0;590438.0;29022.0;549;136.5792349726776;0.1269938587963512
030;2025-06-30;hour;12;0.862727476595474;82025.0;597534.0;30117.0;549;149.408014571949;0.13727252340452595
030;2025-06-30;hour;13;0.8558553753377348;86480.0;599953.0;33324.0;549;157.52276867030966;0.1441446246622652
030;2025-06-30;hour;14;0.8520205471220638;86193.0;582466.0;36557.0;549;157.0;0.14797945287793624
030;2025-06-30;hour;15;0.8593792720682254;85891.0;610799.0;37501.0;549;156.44990892531877;0.1406207279317746
030;2025-06-30;hour;16;0.8737561349492873;86967.0;688881.0;31803.0;549;158.40983606557376;0.12624386505071267
030;2025-06-30;hour;17;0.8866634298295373;94306.0;832088.0;39836.0;549;171.77777777777777;0.11333657017046274
030;2025-06-30;hour;18;0.8965565503443667;95343.0;921692.0;16147.0;549;173.66666666666666;0.10344344965563333
030;2025-06-30;hour;19;0.8942448966832348;77809.0;735747.0;-14013.0;549;141.72859744990893;0.10575510331676513
030;2025-06-30;hour;20;0.8934149422157681;56369.0;528864.0;3221.0;549;102.67577413479053;0.10658505778423186
030;2025-06-30;hour;21;0.8698279803811866;45835.0;352111.0;13219.0;549;83.48816029143897;0.1301720196188134
030;2025-06-30;hour;22;0.8389957227805404;32410.0;201299.0;6070.0;549;59.03460837887067;0.16100427721945962
030;2025-06-30;hour;23;0.802959640315667;18801.0;95417.0;2881.0;546;34.434065934065934;0.19704035968433298
030;2025-06-30;horizon_week;1;0.911141293671087;115341.0;1298027.0;-15593.0;1248;92.42067307692308;0.08885870632891303
030;2025-06-30;horizon_week;2;0.8635148220877111;161807.0;1185528.0;61163.0;1247;129.757016840417;0.13648517791228887
030;2025-06-30;horizon_week;3;0.8633672425857151;157387.0;1151898.0;42571.0;1247;126.21251002405774;0.13663275741428493
030;2025-06-30;horizon_week;4;0.8828925078356954;138880.0;1185919.0;36476.0;1246;111.46067415730337;0.11710749216430465
030;2025-06-30;horizon_week;5;0.8687812852039287;152357.0;1161092.0;56107.0;1243;122.57200321802091;0.13121871479607128
030;2025-06-30;horizon_week;6;0.8821085900575211;138610.0;1175743.0;29448.0;1248;111.06570512820512;0.11789140994247893
030;2025-06-30;horizon_week;7;0.8860776622474072;136386.0;1197184.0;58336.0;1250;109.1088;0.11392233775259275
030;2025-06-30;horizon_week;8;0.8932910203897547;130130.0;1219485.0;33618.0;1251;104.02078337330136;0.10670897961024531
030;2025-06-30;horizon_week;9;0.9004551861977632;98017.0;984652.0;-32503.0;889;110.25534308211473;0.09954481380223673
hgb;2025-07-31;route;1;0.8486722623572617;150651.0;995528.0;-79237.0;1194;126.17336683417085;0.15132773764273832
hgb;2025-07-31;route;7;0.5063922789260362;551076.0;1116425.0;-533900.0;1220;451.7016393442623;0.4936077210739638
hgb;2025-07-31;route;11;0.8580282564574659;252456.0;1778213.0;-122446.0;1220;206.9311475409836;0.141971743542534
hgb;2025-07-31;route;12;0.8699270241032672;238433.0;1833071.0;-167009.0;1220;195.43688524590164;0.13007297589673286
hgb;2025-07-31;route;17;0.8571243187126913;404067.0;2828102.0;-341701.0;1220;331.20245901639345;0.1428756812873086
hgb;2025-07-31;route;25;0.7403013319746706;99904.0;384692.0;-80306.0;1178;84.8081494057725;0.25969866802532937
hgb;2025-07-31;route;26;0.7920471462945973;192205.0;924272.0;-161823.0;1220;157.54508196721312;0.20795285370540273
hgb;2025-07-31;route;28;0.7833750360699024;109604.0;505962.0;-76244.0;1174;93.3594548551959;0.21662496393009753
hgb;2025-07-31;route;50;0.7173617521659592;301891.0;1068118.0;197347.0;1127;267.87133984028395;0.2826382478340408
hgb;2025-07-31;hour;0;0.5468160597572362;12134.0;26775.0;8908.0;440;27.577272727272728;0.45318394024276376
hgb;2025-07-31;hour;5;0.743182644527936;14833.0;57757.0;7097.0;534;27.777153558052433;0.25681735547206397
hgb;2025-07-31;hour;6;0.8566582716366802;49061.0;342266.0;-4925.0;544;90.18566176470588;0.14334172836331976
hgb;2025-07-31;hour;7;0.8070032928068402;137327.0;711551.0;-96013.0;544;252.43933823529412;0.19299670719315973
hgb;2025-07-31;hour;8;0.798536557657253;195070.0;968265.0;-144800.0;545;357.92660550458714;0.20146344234274707
hgb;2025-07-31;hour;9;0.8391940775070562;119359.0;742255.0;-68209.0;545;219.0073394495413;0.1608059224929438
hgb;2025-07-31;hour;10;0.8340207788048026;105712.0;636899.0;-58926.0;546;193.6117216117216;0.16597922119519737
hgb;2025-07-31;hour;11;0.8058601628972324;123875.0;638071.0;-87225.0;545;227.29357798165137;0.19413983710276755
hgb;2025-07-31;hour;12;0.7765882052498682;147847.0;661769.0;-112499.0;545;271.2788990825688;0.22341179475013184
hgb;2025-07-31;hour;13;0.7580854748094206;164573.0;680294.0;-127449.0;545;301.96880733944954;0.24191452519057938
hgb;2025-07-31;hour;14;0.7514301364995707;167899.0;675460.0;-132513.0;545;308.0715596330275;0.24856986350042934
hgb;2025-07-31;hour;15;0.7305611696889871;192905.0;715951.0;-158871.0;544;354.6047794117647;0.2694388303110129
hgb;2025-07-31;hour;16;0.7622529719811934;186591.0;784830.0;-149971.0;545;342.3688073394495;0.23774702801880662
hgb;2025-07-31;hour;17;0.8141905190350335;171821.0;924716.0;-129363.0;544;315.84742647058823;0.18580948096496655
hgb;2025-07-31;hour;18;0.8297843306183718;167146.0;981966.0;-108160.0;545;306.68990825688076;0.17021566938162827
hgb;2025-07-31;hour;19;0.8309352706191973;129251.0;764506.0;-56503.0;544;237.59375;0.16906472938080278
hgb;2025-07-31;hour;20;0.8341139084112472;86601.0;522051.0;-5417.0;544;159.19301470588235;0.1658860915887528
hgb;2025-07-31;hour;21;0.8309299332555147;56488.0;334110.0;24918.0;545;103.64770642201835;0.16907006674448535
hgb;2025-07-31;hour;22;0.7413984709633824;46307.0;179067.0;24559.0;544;85.12316176470588;0.2586015290366176
hgb;2025-07-31;hour;23;0.7030317859806114;25487.0;85824.0;10043.0;540;47.19814814814815;0.2969682140193885
hgb;2025-07-31;horizon_week;1;0.9012270060379775;114494.0;1159163.0;8642.0;1245;91.96305220883534;0.0987729939620226
hgb;2025-07-31;horizon_week;2;0.8637002029984421;161681.0;1186216.0;-18383.0;1249;129.44835868694955;0.1362997970015579
hgb;2025-07-31;horizon_week;3;0.8322064755887335;201194.0;1199057.0;-31196.0;1251;160.82653876898482;0.16779352441126652
hgb;2025-07-31;horizon_week;4;0.8235740223166719;224028.0;1269813.0;-101994.0;1249;179.36589271417134;0.17642597768332818
hgb;2025-07-31;horizon_week;5;0.7719977286113845;323224.0;1417635.0;-249908.0;1243;260.0353982300885;0.22800227138861553
hgb;2025-07-31;horizon_week;6;0.7577979230667747;346977.0;1432593.0;-283689.0;1219;284.64068908941755;0.2422020769332253
hgb;2025-07-31;horizon_week;7;0.7592414836967902;342622.0;1423094.0;-269228.0;1228;279.0081433224756;0.24075851630320977
hgb;2025-07-31;horizon_week;8;0.7539000870121745;342229.0;1390610.0;-237483.0;1222;280.05646481178394;0.2460999129878255
hgb;2025-07-31;horizon_week;9;0.7449932127312011;243838.0;956202.0;-182080.0;867;281.2433679354095;0.25500678726879883
mean;2025-07-31;route;1;0.8784263225142839;121030.0;995528.0;11764.0;1194;101.36515912897822;0.12157367748571613
mean;2025-07-31;route;7;0.723710056654052;308457.0;1116425.0;215255.0;1220;252.83360655737704;0.27628994334594803
mean;2025-07-31;route;11;0.8711453577271114;229131.0;1778213.0;-3647.0;1220;187.81229508196722;0.12885464227288856
mean;2025-07-31;route;12;0.8873366061652822;206520.0;1833071.0;18700.0;1220;169.27868852459017;0.11266339383471781
mean;2025-07-31;route;17;0.9117917246266224;249462.0;2828102.0;-62758.0;1220;204.47704918032787;0.08820827537337762
mean;2025-07-31;route;25;0.8073263805849875;74120.0;384692.0;2802.0;1178;62.92020373514431;0.19267361941501254
mean;2025-07-31;route;26;0.840412778922222;147502.0;924272.0;44576.0;1220;120.9032786885246;0.15958722107777798
mean;2025-07-31;route;28;0.8002873733600547;101047.0;505962.0;48725.0;1174;86.07069846678024;0.1997126266399453
mean;2025-07-31;route;50;0.7725260692170715;242969.0;1068118.0;124587.0;1127;215.58917480035493;0.2274739307829285
mean;2025-07-31;hour;0;0.739421101774043;6977.0;26775.0;2779.0;440;15.856818181818182;0.26057889822595703
mean;2025-07-31;hour;5;0.837110653254151;9408.0;57757.0;76.0;534;17.617977528089888;0.16288934674584898
mean;2025-07-31;hour;6;0.8610700449358102;47551.0;342266.0;-11775.0;544;87.40992647058823;0.13892995506418984
mean;2025-07-31;hour;7;0.850835709597766;106138.0;711551.0;-19660.0;544;195.1066176470588;0.149164290402234
mean;2025-07-31;hour;8;0.8395800736368659;155329.0;968265.0;7375.0;545;285.0073394495413;0.16041992636313407
mean;2025-07-31;hour;9;0.8739368545850146;93571.0;742255.0;39503.0;545;171.68990825688073;0.12606314541498542
mean;2025-07-31;hour;10;0.8712574521234921;81996.0;636899.0;33860.0;546;150.17582417582418;0.12874254787650788
mean;2025-07-31;hour;11;0.858598807969646;90224.0;638071.0;43916.0;545;165.548623853211;0.14140119203035398
mean;2025-07-31;hour;12;0.8558303577230121;95407.0;661769.0;44171.0;545;175.05871559633027;0.1441696422769879
mean;2025-07-31;hour;13;0.8382052465551658;110068.0;680294.0;48826.0;545;201.95963302752293;0.16179475344483416
mean;2025-07-31;hour;14;0.8293577710005033;115262.0;675460.0;47514.0;545;211.48990825688074;0.17064222899949663
mean;2025-07-31;hour;15;0.8249880229233565;125300.0;715951.0;48430.0;544;230.3308823529412;0.1750119770766435
mean;2025-07-31;hour;16;0.8348317470025356;129629.0;784830.0;53191.0;545;237.851376146789;0.16516825299746443
mean;2025-07-31;hour;17;0.857408112328542;131857.0;924716.0;30705.0;544;242.38419117647058;0.14259188767145806
mean;2025-07-31;hour;18;0.8743042019784799;123429.0;981966.0;7623.0;545;226.47522935779816;0.1256957980215201
mean;2025-07-31;hour;19;0.8719369108940938;97905.0;764506.0;-11199.0;544;179.97242647058823;0.1280630891059063
mean;2025-07-31;hour;20;0.8767840689894282;64325.0;522051.0;1897.0;544;118.24448529411765;0.12321593101057177
mean;2025-07-31;hour;21;0.8582353117236838;47365.0;334110.0;11029.0;545;86.90825688073394;0.1417646882763162
mean;2025-07-31;hour;22;0.8207263203158595;32102.0;179067.0;15722.0;544;59.0110294117647;0.17927367968414057
mean;2025-07-31;hour;23;0.8089695190156599;16395.0;85824.0;6021.0;540;30.36111111111111;0.19103048098434006
mean;2025-07-31;horizon_week;1;0.7472538374672069;292974.0;1159163.0;209968.0;1245;235.32048192771083;0.2527461625327931
mean;2025-07-31;horizon_week;2;0.7980561718944947;239549.0;1186216.0;182943.0;1249;191.79263410728583;0.20194382810550524
mean;2025-07-31;horizon_week;3;0.8321030609887603;201318.0;1199057.0;170138.0;1251;160.92565947242207;0.16789693901123967
mean;2025-07-31;horizon_week;4;0.8710038407230041;163801.0;1269813.0;99351.0;1249;131.1457165732586;0.1289961592769959
mean;2025-07-31;horizon_week;5;0.8931212900358696;151515.0;1417635.0;-48529.0;1243;121.8946098149638;0.1068787099641304
mean;2025-07-31;horizon_week;6;0.8881454816545942;160242.0;1432593.0;-76438.0;1219;131.45365053322396;0.11185451834540584
mean;2025-07-31;horizon_week;7;0.8859091528739493;162362.0;1423094.0;-63572.0;1228;132.21661237785017;0.1140908471260507
mean;2025-07-31;horizon_week;8;0.8675581219752483;184175.0;1390610.0;-31421.0;1222;150.71603927986908;0.13244187802475174
mean;2025-07-31;horizon_week;9;0.8700044551255907;124302.0;956202.0;-42436.0;867;143.37024221453288;0.12999554487440937
030;2025-07-31;route;1;0.8971530685224323;102387.0;995528.0;-57881.0;1194;85.75125628140704;0.10284693147756768
030;2025-07-31;route;7;0.874434915018922;140184.0;1116425.0;51744.0;1220;114.90491803278688;0.125565084981078
030;2025-07-31;route;11;0.8916423398096853;192683.0;1778213.0;-75663.0;1220;157.93688524590164;0.10835766019031466
030;2025-07-31;route;12;0.9086500195573439;167451.0;1833071.0;-83825.0;1220;137.2549180327869;0.09134998044265606
030;2025-07-31;route;17;0.9035162098113859;272866.0;2828102.0;-151266.0;1220;223.66065573770493;0.09648379018861412
030;2025-07-31;route;25;0.813960259116384;71568.0;384692.0;-42278.0;1178;60.753820033955854;0.186039740883616
030;2025-07-31;route;26;0.8723600844772967;117974.0;924272.0;-70314.0;1220;96.7;0.12763991552270326
030;2025-07-31;route;28;0.8363632051418881;82794.0;505962.0;-30992.0;1174;70.52299829642249;0.16363679485811186
030;2025-07-31;route;50;0.8500802345808235;160132.0;1068118.0;4442.0;1127;142.08695652173913;0.14991976541917654
030;2025-07-31;hour;0;0.7426330532212886;6891.0;26775.0;2653.0;440;15.661363636363637;0.25736694677871147
030;2025-07-31;hour;5;0.81543362709282;10660.0;57757.0;2226.0;534;19.9625468164794;0.1845663729071801
030;2025-07-31;hour;6;0.8927471615643973;36709.0;342266.0;3577.0;544;67.47977941176471;0.10725283843560272
030;2025-07-31;hour;7;0.8944039148283117;75137.0;711551.0;-51621.0;544;138.11948529411765;0.10559608517168832
030;2025-07-31;hour;8;0.9014815159073187;95392.0;968265.0;-55194.0;545;175.03119266055046;0.09851848409268124
030;2025-07-31;hour;9;0.9136321075641121;64107.0;742255.0;1051.0;545;117.62752293577982;0.08636789243588794
030;2025-07-31;hour;10;0.9052424324735947;60351.0;636899.0;-6753.0;546;110.53296703296704;0.09475756752640528
030;2025-07-31;hour;11;0.8924132267412247;68648.0;638071.0;-18794.0;545;125.95963302752294;0.10758677325877528
030;2025-07-31;hour;12;0.8810173942871304;78739.0;661769.0;-42683.0;545;144.47522935779816;0.1189826057128696
030;2025-07-31;hour;13;0.8617009704627705;94084.0;680294.0;-61314.0;545;172.63119266055045;0.1382990295372295
030;2025-07-31;hour;14;0.8602167411837859;94418.0;675460.0;-67384.0;545;173.2440366972477;0.13978325881621415
030;2025-07-31;hour;15;0.8642365189796508;97200.0;715951.0;-69206.0;544;178.6764705882353;0.13576348102034916
030;2025-07-31;hour;16;0.8805881528483875;93718.0;784830.0;-56312.0;545;171.95963302752293;0.11941184715161245
030;2025-07-31;hour;17;0.8962978903793165;95895.0;924716.0;-51185.0;544;176.27757352941177;0.10370210962068353
030;2025-07-31;hour;18;0.8973548982347658;100794.0;981966.0;-28864.0;545;184.94311926605505;0.10264510176523424
030;2025-07-31;hour;19;0.8942336619987286;80859.0;764506.0;-22859.0;544;148.6378676470588;0.10576633800127141
030;2025-07-31;hour;20;0.8863214513524541;59346.0;522051.0;14508.0;544;109.09191176470588;0.11367854864754592
030;2025-07-31;hour;21;0.8609799167938703;46448.0;334110.0;23754.0;545;85.2256880733945;0.1390200832061297
030;2025-07-31;hour;22;0.818257970480323;32544.0;179067.0;20932.0;544;59.8235294117647;0.181742029519677
030;2025-07-31;hour;23;0.812418437733035;16099.0;85824.0;7435.0;540;29.812962962962963;0.18758156226696496
030;2025-07-31;horizon_week;1;0.8848729643717061;133451.0;1159163.0;-50113.0;1245;107.18955823293173;0.11512703562829386
030;2025-07-31;horizon_week;2;0.8851701545081165;136213.0;1186216.0;-25071.0;1249;109.05764611689351;0.11482984549188344
030;2025-07-31;horizon_week;3;0.8824542953337497;140944.0;1199057.0;-15052.0;1251;112.66506794564349;0.11754570466625022
030;2025-07-31;horizon_week;4;0.8803382860310928;151948.0;1269813.0;-72980.0;1249;121.65572457966373;0.11966171396890724
030;2025-07-31;horizon_week;5;0.8765845933544248;174958.0;1417635.0;-74376.0;1243;140.7546259050684;0.1234154066455752
030;2025-07-31;horizon_week;6;0.9018332492201204;140633.0;1432593.0;-54597.0;1219;115.36751435602953;0.09816675077987956
030;2025-07-31;horizon_week;7;0.8958698441564648;148187.0;1423094.0;-52657.0;1228;120.67345276872965;0.10413015584353529
030;2025-07-31;horizon_week;8;0.8777622769863584;169985.0;1390610.0;-47129.0;1222;139.1039279869067;0.1222377230136415
030;2025-07-31;horizon_week;9;0.8831627626798522;111720.0;956202.0;-64058.0;867;128.85813148788927;0.11683723732014784
hgb;2025-08-31;route;1;0.84199907012608;179092.0;1133487.0;-143428.0;1194;149.9932998324958;0.15800092987392003
hgb;2025-08-31;route;7;0.7695291315581851;310229.0;1346066.0;-178441.0;1220;254.2860655737705;0.23047086844181489
hgb;2025-08-31;route;11;0.8593494399412398;268087.0;1906050.0;-135741.0;1220;219.74344262295082;0.14065056005876025
hgb;2025-08-31;route;12;0.8841114174312739;229307.0;1978685.0;-73137.0;1220;187.9565573770492;0.1158885825687262
hgb;2025-08-31;route;17;0.9055938633639214;288555.0;3056528.0;-40141.0;1220;236.5204918032787;0.09440613663607858
hgb;2025-08-31;route;25;0.7626555641426939;110251.0;464519.0;-86371.0;1177;93.67119796091758;0.23734443585730616
hgb;2025-08-31;route;26;0.8035446744912591;213865.0;1088619.0;-188043.0;1220;175.29918032786884;0.1964553255087409
hgb;2025-08-31;route;28;0.7981630153309501;121279.0;600876.0;-56653.0;1175;103.21617021276596;0.20183698466904984
hgb;2025-08-31;route;50;0.7137587963247163;331064.0;1156591.0;-164128.0;1062;311.73634651600753;0.28624120367528366
hgb;2025-08-31;hour;0;0.7808836789900812;5589.0;25507.0;503.0;432;12.9375;0.21911632100991885
hgb;2025-08-31;hour;5;0.820080292999014;10218.0;56792.0;2048.0;533;19.170731707317074;0.17991970700098606
hgb;2025-08-31;hour;6;0.8970093378727733;36452.0;353935.0;-346.0;539;67.62894248608535;0.10299066212722675
hgb;2025-08-31;hour;7;0.8131133630125194;151965.0;813140.0;-141321.0;539;281.9387755102041;0.18688663698748062
hgb;2025-08-31;hour;8;0.7469269324841699;289920.0;1145598.0;-274684.0;540;536.8888888888889;0.25307306751583014
hgb;2025-08-31;hour;9;0.855502828335424;122103.0;845020.0;-97061.0;542;225.28228782287823;0.14449717166457599
hgb;2025-08-31;hour;10;0.8652214093825625;97129.0;720656.0;-44329.0;545;178.21834862385322;0.13477859061743744
hgb;2025-08-31;hour;11;0.8738193158942487;90386.0;716322.0;-37260.0;544;166.15073529411765;0.1261806841057513
hgb;2025-08-31;hour;12;0.8685696420029876;98368.0;748442.0;-54240.0;542;181.49077490774908;0.13143035799701247
hgb;2025-08-31;hour;13;0.8560963095649893;111908.0;777659.0;-63604.0;542;206.47232472324723;0.14390369043501072
hgb;2025-08-31;hour;14;0.8528775333195823;114836.0;780547.0;-70318.0;542;211.87453874538744;0.1471224666804177
hgb;2025-08-31;hour;15;0.8337541056968919;137823.0;829031.0;-100139.0;541;254.75600739371535;0.1662458943031081
hgb;2025-08-31;hour;16;0.822940097206418;160582.0;906936.0;-123360.0;543;295.731123388582;0.1770599027935819
hgb;2025-08-31;hour;17;0.8398481272486488;168216.0;1050353.0;-126050.0;543;309.7900552486188;0.1601518727513512
hgb;2025-08-31;hour;18;0.8530603066631063;156828.0;1067295.0;-84824.0;543;288.81767955801104;0.14693969333689375
hgb;2025-08-31;hour;19;0.8688481316595006;103344.0;787972.0;9904.0;540;191.37777777777777;0.1311518683404994
hgb;2025-08-31;hour;20;0.8444352479322217;81195.0;521937.0;56037.0;541;150.08317929759704;0.15556475206777828
hgb;2025-08-31;hour;21;0.8262812318070785;57889.0;333234.0;41597.0;541;107.00369685767097;0.17371876819292148
hgb;2025-08-31;hour;22;0.7523140222842899;41236.0;166485.0;35156.0;541;76.22181146025878;0.24768597771571013
hgb;2025-08-31;hour;23;0.8138363292336802;15742.0;84560.0;6208.0;535;29.42429906542056;0.18616367076631976
hgb;2025-08-31;horizon_week;1;0.8626118980610342;194437.0;1415239.0;-92779.0;1218;159.63628899835797;0.13738810193896578
hgb;2025-08-31;horizon_week;2;0.854199311000171;208057.0;1426996.0;-101781.0;1229;169.28966639544345;0.145800688999829
hgb;2025-08-31;horizon_week;3;0.852975629891614;208723.0;1419649.0;-94739.0;1221;170.94430794430795;0.14702437010838595
hgb;2025-08-31;horizon_week;4;0.8358944341194795;229051.0;1395754.0;-71345.0;1225;186.9804081632653;0.1641055658805205
hgb;2025-08-31;horizon_week;5;0.8294307932757491;250355.0;1467762.0;-140647.0;1225;204.37142857142857;0.17056920672425094
hgb;2025-08-31;horizon_week;6;0.8342475368497673;242288.0;1461746.0;-136486.0;1229;197.14239218877137;0.16575246315023268
hgb;2025-08-31;horizon_week;7;0.8167752987579532;271242.0;1480379.0;-150224.0;1234;219.80713128038897;0.1832247012420468
hgb;2025-08-31;horizon_week;8;0.8250500577681282;256967.0;1468803.0;-140485.0;1236;207.90210355987054;0.1749499422318718
hgb;2025-08-31;horizon_week;9;0.8405069730974911;190609.0;1195093.0;-137597.0;891;213.92704826038158;0.15949302690250886
mean;2025-08-31;route;1;0.8712953920071426;145885.0;1133487.0;-119161.0;1194;122.18174204355108;0.12870460799285743
mean;2025-08-31;route;7;0.8305506565056988;228090.0;1346066.0;-43874.0;1220;186.95901639344262;0.16944934349430116
mean;2025-08-31;route;11;0.8848671336009024;219449.0;1906050.0;-123675.0;1220;179.87622950819673;0.11513286639909762
mean;2025-08-31;route;12;0.9017008770976684;194503.0;1978685.0;-112197.0;1220;159.42868852459017;0.0982991229023316
mean;2025-08-31;route;17;0.8916280171488695;331242.0;3056528.0;-263810.0;1220;271.5098360655738;0.10837198285113044
mean;2025-08-31;route;25;0.7976939586970608;93975.0;464519.0;-79183.0;1177;79.84282073067119;0.20230604130293917
mean;2025-08-31;route;26;0.8669892772402465;144798.0;1088619.0;-127390.0;1220;118.68688524590164;0.13301072275975342
mean;2025-08-31;route;28;0.8352122567717799;99017.0;600876.0;-50277.0;1175;84.26978723404255;0.16478774322822012
mean;2025-08-31;route;50;0.8087750985439105;221169.0;1156591.0;12747.0;1062;208.25706214689265;0.1912249014560895
mean;2025-08-31;hour;0;0.7680244638726624;5917.0;25507.0;3135.0;432;13.69675925925926;0.2319755361273376
mean;2025-08-31;hour;5;0.8429356247358784;8920.0;56792.0;2202.0;533;16.735459662288932;0.1570643752641217
mean;2025-08-31;hour;6;0.8799186291268171;42501.0;353935.0;-15977.0;539;78.85157699443414;0.12008137087318294
mean;2025-08-31;hour;7;0.8448901788129966;126126.0;813140.0;-110064.0;539;234.0;0.15510982118700348
mean;2025-08-31;hour;8;0.8429501448151969;179916.0;1145598.0;-160530.0;540;333.1777777777778;0.15704985518480305
mean;2025-08-31;hour;9;0.8894688883103359;93401.0;845020.0;-60185.0;542;172.32656826568265;0.11053111168966415
mean;2025-08-31;hour;10;0.8758811416265181;89447.0;720656.0;-50765.0;545;164.12293577981652;0.12411885837348194
mean;2025-08-31;hour;11;0.8757081312594057;89033.0;716322.0;-39799.0;544;163.66360294117646;0.12429186874059431
mean;2025-08-31;hour;12;0.874742465013989;93748.0;748442.0;-51558.0;542;172.96678966789668;0.12525753498601094
mean;2025-08-31;hour;13;0.8623394058321192;107053.0;777659.0;-60415.0;542;197.51476014760146;0.1376605941678808
mean;2025-08-31;hour;14;0.8524752513301569;115150.0;780547.0;-71068.0;542;212.4538745387454;0.14752474866984308
mean;2025-08-31;hour;15;0.8572936355817816;118308.0;829031.0;-77852.0;541;218.68391866913123;0.14270636441821838
mean;2025-08-31;hour;16;0.8678120617110799;119886.0;906936.0;-78476.0;543;220.78453038674033;0.13218793828892006
mean;2025-08-31;hour;17;0.8699351551335599;136614.0;1050353.0;-94066.0;543;251.59116022099448;0.13006484486644013
mean;2025-08-31;hour;18;0.8885116111290693;118991.0;1067295.0;-66113.0;543;219.13627992633516;0.11148838887093072
mean;2025-08-31;hour;19;0.8857852817105176;89998.0;787972.0;-26980.0;540;166.66296296296295;0.11421471828948236
mean;2025-08-31;hour;20;0.8946175496276371;55003.0;521937.0;6719.0;541;101.66913123844732;0.10538245037236295
mean;2025-08-31;hour;21;0.880279323238325;39895.0;333234.0;11823.0;541;73.74306839186691;0.11972067676167499
mean;2025-08-31;hour;22;0.7918130762531159;34660.0;166485.0;27176.0;541;64.06654343807763;0.2081869237468841
mean;2025-08-31;hour;23;0.8396286660359508;13561.0;84560.0;5973.0;535;25.34766355140187;0.1603713339640492
mean;2025-08-31;horizon_week;1;0.8873639010796056;159407.0;1415239.0;-78103.0;1218;130.876026272578;0.11263609892039436
mean;2025-08-31;horizon_week;2;0.8827964479227692;167249.0;1426996.0;-86465.0;1229;136.08543531326282;0.11720355207723077
mean;2025-08-31;horizon_week;3;0.8773703922589317;174091.0;1419649.0;-79487.0;1221;142.58067158067158;0.12262960774106839
mean;2025-08-31;horizon_week;4;0.8649661759880323;188474.0;1395754.0;-56854.0;1225;153.85632653061225;0.13503382401196773
mean;2025-08-31;horizon_week;5;0.8588374681998853;207193.0;1467762.0;-125381.0;1225;169.13714285714286;0.14116253180011473
mean;2025-08-31;horizon_week;6;0.8598087492628679;204924.0;1461746.0;-121206.0;1229;166.74043938161105;0.14019125073713218
mean;2025-08-31;horizon_week;7;0.8474188028876389;225878.0;1480379.0;-134414.0;1234;183.0453808752026;0.1525811971123611
mean;2025-08-31;horizon_week;8;0.8573375735207512;209543.0;1468803.0;-125313.0;1236;169.5331715210356;0.14266242647924876
mean;2025-08-31;horizon_week;9;0.8817087875169547;141369.0;1195093.0;-99597.0;891;158.66329966329965;0.11829121248304525
030;2025-08-31;route;1;0.9074387266902929;104917.0;1133487.0;-28961.0;1194;87.87018425460637;0.09256127330970712
030;2025-08-31;route;7;0.8911873563406252;146469.0;1346066.0;50419.0;1220;120.05655737704917;0.1088126436593748
030;2025-08-31;route;11;0.9001301120117521;190357.0;1906050.0;59347.0;1220;156.03032786885245;0.09986988798824795
030;2025-08-31;route;12;0.9070508949125303;183917.0;1978685.0;79717.0;1220;150.7516393442623;0.0929491050874697
030;2025-08-31;route;17;0.921226306449671;240774.0;3056528.0;57164.0;1220;197.35573770491803;0.078773693550329
030;2025-08-31;route;25;0.8422303501040862;73287.0;464519.0;-33641.0;1177;62.265930331350894;0.15776964989591383
030;2025-08-31;route;26;0.8974535627248835;111634.0;1088619.0;-71498.0;1220;91.50327868852459;0.10254643727511646
030;2025-08-31;route;28;0.8521159107702754;88860.0;600876.0;-21688.0;1175;75.62553191489361;0.1478840892297246
030;2025-08-31;route;50;0.8810530256590272;137573.0;1156591.0;-31687.0;1062;129.54143126177024;0.11894697434097273
030;2025-08-31;hour;0;0.7800995805073117;5609.0;25507.0;-233.0;432;12.983796296296296;0.2199004194926883
030;2025-08-31;hour;5;0.8012043949852092;11290.0;56792.0;6794.0;533;21.181988742964354;0.19879560501479082
030;2025-08-31;hour;6;0.8379815502846568;57344.0;353935.0;46812.0;539;106.3896103896104;0.1620184497153432
030;2025-08-31;hour;7;0.9154536734141723;68748.0;813140.0;-30322.0;539;127.54730983302412;0.08454632658582778
030;2025-08-31;hour;8;0.9052913849360771;108498.0;1145598.0;-82092.0;540;200.92222222222222;0.09470861506392295
030;2025-08-31;hour;9;0.9216515585429931;66206.0;845020.0;-6874.0;542;122.15129151291512;0.07834844145700694
030;2025-08-31;hour;10;0.9089551741746409;65612.0;720656.0;558.0;545;120.38899082568807;0.09104482582535912
030;2025-08-31;hour;11;0.9038197905411254;68896.0;716322.0;17914.0;544;126.6470588235294;0.09618020945887464
030;2025-08-31;hour;12;0.9076521627594389;69117.0;748442.0;4235.0;542;127.52214022140221;0.09234783724056106
030;2025-08-31;hour;13;0.9016934157516341;76449.0;777659.0;-12903.0;542;141.04981549815497;0.09830658424836593
030;2025-08-31;hour;14;0.898801737755702;78990.0;780547.0;-18438.0;542;145.7380073800738;0.10119826224429791
030;2025-08-31;hour;15;0.89956708494616;83262.0;829031.0;-24886.0;541;153.90388170055454;0.10043291505383997
030;2025-08-31;hour;16;0.9041861829280126;86897.0;906936.0;-13127.0;543;160.03130755064456;0.09581381707198744
030;2025-08-31;hour;17;0.9134890841459966;90867.0;1050353.0;-4607.0;543;167.34254143646407;0.08651091585400336
030;2025-08-31;hour;18;0.9058395289025059;100497.0;1067295.0;38575.0;543;185.07734806629836;0.09416047109749413
030;2025-08-31;hour;19;0.8797711086180727;94737.0;787972.0;57179.0;540;175.4388888888889;0.12022889138192727
030;2025-08-31;hour;20;0.8789183368874021;63197.0;521937.0;40201.0;541;116.81515711645102;0.12108166311259788
030;2025-08-31;hour;21;0.8833402353901463;38875.0;333234.0;15099.0;541;71.85767097966728;0.11665976460985374
030;2025-08-31;hour;22;0.8207826530918702;29837.0;166485.0;22811.0;541;55.151571164510166;0.17921734690812985
030;2025-08-31;hour;23;0.847918637653737;12860.0;84560.0;2476.0;535;24.037383177570092;0.15208136234626302
030;2025-08-31;horizon_week;1;0.9087108255213431;129196.0;1415239.0;44160.0;1218;106.07224958949097;0.09128917447865696
030;2025-08-31;horizon_week;2;0.9067516657369747;133065.0;1426996.0;33839.0;1229;108.27095199349064;0.09324833426302527
030;2025-08-31;horizon_week;3;0.9064050339203564;132872.0;1419649.0;30802.0;1221;108.82227682227682;0.09359496607964363
030;2025-08-31;horizon_week;4;0.8894239242731885;154337.0;1395754.0;56625.0;1225;125.98938775510204;0.11057607572681145
030;2025-08-31;horizon_week;5;0.8975208514731953;150415.0;1467762.0;731.0;1225;122.78775510204082;0.10247914852680476
030;2025-08-31;horizon_week;6;0.8982894428991083;148675.0;1461746.0;-17485.0;1229;120.97233523189585;0.10171055710089168
030;2025-08-31;horizon_week;7;0.8837885433392395;172037.0;1480379.0;-72179.0;1234;139.41410048622367;0.11621145666076052
030;2025-08-31;horizon_week;8;0.9010452729195134;145345.0;1468803.0;-5145.0;1236;117.59304207119742;0.09895472708048662
030;2025-08-31;horizon_week;9;0.9064123043143922;111846.0;1195093.0;-12176.0;891;125.52861952861953;0.09358769568560774
