model;cutoff;end;coverage;wape_score;absolute_error;actual_total;bias;rows;mae;wape
hgb;2025-04-30;2025-06-30;0.9898907103825136;0.798915279437088;2318687.0;11530896.0;1119305.0;10869;213.33029717545313;0.20108472056291202
mean;2025-04-30;2025-06-30;0.9898907103825136;0.8270092801114501;1994738.0;11530896.0;902838.0;10869;183.5254393228448;0.17299071988854986
030;2025-04-30;2025-06-30;0.9898907103825136;0.8846294338271719;1330326.0;11530896.0;417922.0;10869;122.39635661054375;0.1153705661728282
hgb;2025-06-30;2025-08-30;0.9898907103825136;0.8468301802883613;1617401.0;10559528.0;259965.0;10869;148.80863004876252;0.15316981971163862
mean;2025-06-30;2025-08-30;0.9898907103825136;0.77870535501208;2336767.0;10559528.0;1678429.0;10869;214.9937436746711;0.22129464498791993
030;2025-06-30;2025-08-30;0.9898907103825136;0.8836202716636576;1228915.0;10559528.0;269623.0;10869;113.06605943509062;0.1163797283363423
hgb;2025-07-31;2025-09-30;0.9811475409836066;0.7988271863903806;2300287.0;11434383.0;-1365319.0;10773;213.52334540053837;0.20117281360961933
mean;2025-07-31;2025-09-30;0.9811475409836066;0.8530538989292208;1680238.0;11434383.0;400004.0;10773;155.96751137102015;0.14694610107077924
030;2025-07-31;2025-09-30;0.9811475409836066;0.8856047589100348;1308039.0;11434383.0;-456033.0;10773;121.4182678919521;0.11439524108996524
hgb;2025-08-31;2025-10-31;0.9752276867030966;0.8388452475179322;2051729.0;12731421.0;-1066083.0;10708;191.60711617482255;0.1611547524820678
mean;2025-08-31;2025-10-31;0.9752276867030966;0.8681900472853737;1678128.0;12731421.0;-906820.0;10708;156.71722076951812;0.13180995271462628
030;2025-08-31;2025-10-31;0.9752276867030966;0.8996350839391769;1277788.0;12731421.0;59172.0;10708;119.33022039596564;0.10036491606082307
