date;temperature_2m_mean;temperature_2m_max;temperature_2m_min;precipitation_sum;snowfall_sum;wind_speed_10m_max;daylight_duration
2025-01-01;-2.0;1.3;-4.6;3.6;2.31;24.5;25710.92
2025-01-02;2.6;3.7;1.3;1.1;0.0;33.2;25801.08
2025-01-03;-2.4;2.5;-6.0;3.8;2.03;17.5;25898.12
2025-01-04;-4.2;-2.2;-7.6;1.0;0.7;11.6;26001.91
2025-01-05;-4.6;-3.2;-6.1;0.7;0.49;18.0;26112.28
2025-01-06;-5.0;-4.1;-5.8;0.0;0.0;16.9;26229.09
2025-01-07;-1.8;1.6;-4.9;3.5;1.61;18.8;26352.31
2025-01-08;2.7;4.2;1.5;0.6;0.0;26.0;26483.31
2025-01-09;-0.1;1.3;-1.7;0.0;0.0;17.8;26622.12
2025-01-10;1.2;2.2;-0.7;2.3;0.63;18.0;26768.38
2025-01-11;3.6;4.6;0.7;2.2;0.0;22.6;26921.7
2025-01-12;-1.5;0.5;-3.8;0.1;0.07;15.4;27081.72
2025-01-13;-2.2;-0.9;-3.8;0.4;0.28;13.2;27248.07
2025-01-14;-4.3;-1.7;-6.1;2.8;1.96;24.9;27420.4
2025-01-15;-0.0;1.8;-1.7;1.1;0.77;17.8;27598.33
2025-01-16;-0.6;1.6;-2.3;4.7;1.82;21.5;27781.55
2025-01-17;2.7;3.3;1.6;0.7;0.0;25.0;27969.68
2025-01-18;1.6;2.7;0.5;2.3;0.21;23.1;28162.43
2025-01-19;0.3;1.5;-0.8;0.0;0.0;23.4;28359.43
2025-01-20;0.8;2.4;-1.3;0.0;0.0;22.9;28560.39
2025-01-21;-5.1;-1.6;-6.9;0.0;0.0;13.8;28765.0
2025-01-22;-4.9;-2.6;-6.7;0.6;0.42;24.1;28972.95
2025-01-23;-2.9;-2.5;-3.3;0.0;0.0;22.5;29183.95
2025-01-24;-2.0;-1.1;-2.8;0.0;0.0;13.6;29397.72
2025-01-25;-0.4;1.1;-1.6;0.0;0.0;17.2;29613.99
2025-01-26;2.1;3.0;1.1;1.4;0.63;19.4;29832.47
2025-01-27;3.9;4.8;2.3;2.8;0.0;21.4;30053.17
2025-01-28;3.9;4.5;3.5;0.1;0.0;16.3;30278.3
2025-01-29;3.7;4.2;3.1;0.0;0.0;14.9;30508.17
2025-01-30;5.1;6.9;3.5;0.4;0.0;19.4;30742.39
2025-01-31;3.2;4.7;1.6;0.0;0.0;17.1;30980.62
2025-02-01;3.0;4.4;1.7;2.4;0.07;18.4;31222.49
2025-02-02;0.7;1.9;-0.3;0.3;0.14;20.4;31467.67
2025-02-03;-0.7;0.6;-2.4;0.4;0.28;14.0;31715.82
2025-02-04;-1.6;0.2;-3.3;0.0;0.0;7.2;31966.65
2025-02-05;-1.8;-0.5;-3.5;0.0;0.0;19.0;32219.82
2025-02-06;-1.4;-0.6;-3.5;0.0;0.0;9.5;32475.05
2025-02-07;-4.1;-2.9;-5.9;0.0;0.0;14.5;32732.05
2025-02-08;-5.0;-3.8;-5.8;0.0;0.0;9.4;32990.54
2025-02-09;-5.2;-4.2;-6.1;0.0;0.0;5.7;33250.24
2025-02-10;-5.6;-5.0;-6.5;0.0;0.0;8.8;33510.91
2025-02-11;-6.8;-6.4;-7.5;0.0;0.0;8.8;33772.27
2025-02-12;-7.2;-5.6;-8.4;0.0;0.0;13.7;34034.1
2025-02-13;-7.7;-7.1;-8.0;0.1;0.07;12.4;34296.15
2025-02-14;-7.0;-4.8;-8.8;0.6;0.42;10.0;34558.19
2025-02-15;-8.0;-6.6;-9.2;0.0;0.0;17.3;34819.99
2025-02-16;-9.2;-7.7;-11.1;0.3;0.21;18.7;35081.57
2025-02-17;-10.3;-8.2;-11.7;0.0;0.0;20.0;35345.22
2025-02-18;-8.7;-5.2;-12.0;0.2;0.14;10.4;35611.35
2025-02-19;-6.5;-4.0;-11.6;1.1;0.77;9.3;35879.7
2025-02-20;-7.8;-5.7;-12.2;0.1;0.07;9.9;36150.02
2025-02-21;-6.8;-1.7;-13.3;0.0;0.0;13.1;36422.08
2025-02-22;-5.3;0.2;-9.1;0.0;0.0;10.4;36695.65
2025-02-23;-8.1;-1.2;-14.2;0.0;0.0;12.8;36970.49
2025-02-24;-9.6;-0.5;-19.6;0.0;0.0;13.1;37246.39
2025-02-25;-8.2;0.8;-17.1;0.0;0.0;10.5;37523.13
2025-02-26;-5.0;0.7;-10.9;0.0;0.0;11.4;37800.52
2025-02-27;-5.2;3.5;-11.7;0.0;0.0;12.1;38078.33
2025-02-28;-4.1;4.7;-13.0;0.0;0.0;10.8;38356.37
2025-03-01;0.3;4.2;-2.1;0.0;0.0;13.4;38634.45
2025-03-02;-0.4;1.2;-1.5;0.2;0.14;9.9;38912.38
2025-03-03;-0.1;1.8;-2.0;1.3;0.84;16.1;39189.95
2025-03-04;1.8;3.6;-0.2;5.5;1.89;20.0;39467.0
2025-03-05;1.5;3.1;0.4;2.2;0.7;26.1;39743.33
2025-03-06;5.1;8.1;2.2;2.6;0.0;27.9;40018.76
2025-03-07;7.6;10.0;0.3;0.0;0.0;28.5;40293.1
2025-03-08;3.6;10.7;-4.2;0.0;0.0;15.6;40566.41
2025-03-09;6.2;12.0;0.8;0.0;0.0;15.6;40840.71
2025-03-10;3.6;9.2;-3.0;0.0;0.0;15.4;41116.44
2025-03-11;7.1;11.7;3.6;0.7;0.0;20.5;41393.43
2025-03-12;7.6;10.8;5.0;1.3;0.0;14.9;41671.49
2025-03-13;7.1;9.2;4.4;0.8;0.0;19.9;41950.48
2025-03-14;9.5;13.1;3.5;4.8;0.0;38.9;42230.21
2025-03-15;0.2;3.6;-4.0;0.0;0.0;22.7;42510.55
2025-03-16;-0.8;4.9;-7.9;0.0;0.0;15.5;42791.3
2025-03-17;-1.4;0.4;-6.0;1.5;1.05;23.6;43072.33
2025-03-18;-2.9;2.1;-9.0;0.1;0.07;10.8;43353.48
2025-03-19;0.3;4.9;-5.4;0.7;0.07;28.7;43634.56
2025-03-20;4.1;8.9;-1.3;0.0;0.0;19.3;43915.45
2025-03-21;5.2;9.7;1.6;0.0;0.0;17.5;44195.97
2025-03-22;1.8;4.6;-3.1;0.0;0.0;21.2;44475.96
2025-03-23;-0.2;5.7;-6.8;0.0;0.0;12.3;44755.27
2025-03-24;4.4;11.3;-2.9;0.0;0.0;21.3;45033.73
2025-03-25;4.3;5.7;1.7;4.3;0.0;22.6;45311.17
2025-03-26;3.0;5.4;1.1;0.5;0.0;11.2;45587.43
2025-03-27;5.0;7.2;2.8;1.8;0.0;13.2;45862.34
2025-03-28;5.2;9.3;0.2;0.0;0.0;8.6;46135.93
2025-03-29;6.4;13.5;-1.1;0.1;0.0;9.1;46410.08
2025-03-30;7.2;13.0;0.5;0.0;0.0;13.2;46685.21
2025-03-31;9.2;15.2;3.5;0.0;0.0;15.9;46961.16
2025-04-01;9.3;13.3;6.8;6.8;0.0;18.8;47237.79
2025-04-02;8.5;12.7;3.5;3.6;0.0;20.0;47514.95
2025-04-03;8.1;14.2;2.9;0.0;0.0;17.2;47792.48
2025-04-04;9.1;16.6;1.8;0.0;0.0;25.6;48070.23
2025-04-05;3.5;6.2;0.8;0.3;0.0;22.6;48348.05
2025-04-06;-1.4;0.7;-2.6;10.6;7.42;30.4;48625.78
2025-04-07;-1.2;1.2;-3.0;10.0;7.0;24.4;48903.25
2025-04-08;-1.3;-0.5;-2.1;10.6;7.42;19.5;49180.31
2025-04-09;-1.3;0.6;-2.9;2.9;2.03;20.0;49456.79
2025-04-10;-0.7;1.9;-3.4;1.3;0.84;18.5;49732.5
2025-04-11;1.5;4.3;-1.2;0.2;0.07;23.2;50007.28
2025-04-12;1.6;4.6;-0.5;1.1;0.77;18.9;50280.94
2025-04-13;4.1;9.9;0.3;1.1;0.77;14.8;50553.3
2025-04-14;6.8;12.5;-0.6;0.0;0.0;18.0;50824.16
2025-04-15;12.5;17.7;6.9;0.0;0.0;21.8;51093.33
2025-04-16;13.9;21.4;5.7;0.0;0.0;11.1;51360.6
2025-04-17;13.1;18.6;5.9;1.1;0.0;21.8;51625.94
2025-04-18;17.4;23.6;11.3;0.0;0.0;12.4;51891.26
2025-04-19;19.2;25.6;13.4;0.0;0.0;16.5;52156.94
2025-04-20;19.3;25.5;12.6;0.0;0.0;20.0;52422.8
2025-04-21;18.4;25.8;9.7;0.0;0.0;18.7;52688.68
2025-04-22;17.7;23.7;12.4;0.1;0.0;15.0;52954.39
2025-04-23;17.2;26.4;9.9;0.0;0.0;14.3;53219.77
2025-04-24;13.7;18.3;8.8;3.3;0.0;14.4;53484.61
2025-04-25;11.6;17.4;6.5;0.4;0.0;20.8;53748.73
2025-04-26;3.8;6.2;1.0;0.0;0.0;27.8;54011.92
2025-04-27;2.0;4.8;-0.5;1.0;0.0;23.8;54273.98
2025-04-28;5.0;11.0;-2.1;0.0;0.0;19.9;54534.7
2025-04-29;8.0;10.1;5.6;5.0;0.0;31.7;54793.83
2025-04-30;7.7;10.1;3.5;1.3;0.0;19.1;55051.17
2025-05-01;5.3;8.1;1.3;24.9;0.0;21.1;55306.47
2025-05-02;3.3;9.1;0.1;6.0;2.52;30.5;55559.48
2025-05-03;7.9;13.8;-0.2;0.0;0.0;22.9;55809.94
2025-05-04;12.1;17.8;5.3;2.9;0.0;24.5;56057.6
2025-05-05;11.7;14.7;6.2;2.5;0.0;29.5;56302.17
2025-05-06;6.6;11.2;1.9;1.9;0.0;20.4;56543.37
2025-05-07;8.8;13.9;2.6;0.4;0.0;13.5;56781.1
2025-05-08;6.8;10.1;2.8;0.1;0.0;15.7;57017.16
2025-05-09;5.3;9.7;0.4;0.9;0.0;19.9;57251.91
2025-05-10;5.3;9.4;0.1;0.0;0.0;20.1;57485.13
2025-05-11;5.5;8.6;2.9;1.4;0.0;21.4;57716.61
2025-05-12;5.7;9.5;2.5;1.2;0.0;17.6;57946.11
2025-05-13;6.4;10.1;2.7;4.1;0.0;10.9;58173.42
2025-05-14;8.8;13.2;4.8;4.0;0.0;14.3;58398.28
2025-05-15;11.8;17.9;3.5;0.0;0.0;16.4;58620.46
2025-05-16;15.6;22.1;9.1;0.8;0.0;19.4;58839.69
2025-05-17;15.2;20.7;8.7;0.4;0.0;17.0;59055.71
2025-05-18;15.3;20.2;12.0;2.7;0.0;28.7;59268.24
2025-05-19;12.7;15.2;10.6;1.5;0.0;21.8;59476.99
2025-05-20;12.1;16.8;9.5;3.3;0.0;15.6;59681.71
2025-05-21;14.4;19.6;8.8;2.7;0.0;16.3;59882.05
2025-05-22;15.4;23.2;6.0;0.0;0.0;8.8;60077.73
2025-05-23;18.5;25.5;9.4;0.3;0.0;16.8;60268.42
2025-05-24;20.0;26.6;11.0;0.0;0.0;14.8;60453.82
2025-05-25;20.8;27.2;13.3;0.0;0.0;19.4;60633.56
2025-05-26;21.9;27.5;15.2;0.0;0.0;25.5;60807.34
2025-05-27;21.3;25.7;16.2;0.0;0.0;24.2;60974.97
2025-05-28;21.1;27.5;13.2;0.0;0.0;22.1;61137.73
2025-05-29;22.3;29.4;13.9;0.2;0.0;24.8;61295.87
2025-05-30;20.9;24.4;16.9;0.4;0.0;18.3;61449.17
2025-05-31;19.7;24.4;15.4;0.2;0.0;14.4;61597.43
2025-06-01;16.4;19.9;10.6;0.5;0.0;23.3;61740.46
2025-06-02;15.9;22.0;8.1;0.0;0.0;17.2;61878.04
2025-06-03;18.1;22.3;13.3;0.9;0.0;19.1;62009.97
2025-06-04;17.1;21.4;12.2;0.0;0.0;19.7;62136.02
2025-06-05;18.3;24.5;10.1;0.0;0.0;12.3;62255.99
2025-06-06;20.5;26.2;14.3;0.5;0.0;21.7;62369.7
2025-06-07;21.1;26.3;15.0;6.0;0.0;22.5;62476.89
2025-06-08;21.1;27.3;14.0;5.7;0.0;23.3;62577.39
2025-06-09;21.8;27.9;16.5;0.9;0.0;27.2;62670.97
2025-06-10;16.1;19.9;10.9;0.0;0.0;19.5;62757.43
2025-06-11;15.1;19.8;9.0;0.4;0.0;9.4;62836.59
2025-06-12;16.5;20.3;11.5;0.2;0.0;12.2;62908.23
2025-06-13;15.4;19.2;13.1;10.7;0.0;19.0;62972.18
2025-06-14;13.3;15.5;12.4;12.1;0.0;24.3;63028.23
2025-06-15;14.4;16.5;12.5;7.3;0.0;21.1;63076.22
2025-06-16;18.6;24.8;12.1;0.2;0.0;15.2;63116.01
2025-06-17;17.6;22.0;12.8;12.1;0.0;11.0;63147.83
2025-06-18;16.4;19.4;14.3;8.1;0.0;10.1;63171.8
2025-06-19;14.5;16.0;12.0;2.5;0.0;23.8;63187.91
2025-06-20;12.8;14.7;10.9;5.5;0.0;22.8;63196.21
2025-06-21;13.5;17.0;7.9;0.6;0.0;22.6;63196.75
2025-06-22;12.2;16.0;6.6;5.1;0.0;16.0;63189.56
2025-06-23;15.7;19.3;11.2;0.0;0.0;12.2;63174.73
2025-06-24;15.8;21.3;7.9;1.9;0.0;24.9;63152.31
2025-06-25;15.8;18.3;12.8;1.2;0.0;25.6;63122.34
2025-06-26;15.6;19.2;12.7;6.3;0.0;21.7;63084.96
2025-06-27;14.2;18.2;10.3;0.0;0.0;23.8;63040.21
2025-06-28;16.2;21.9;7.9;0.0;0.0;7.2;62988.22
2025-06-29;15.8;20.5;11.3;7.2;0.0;23.0;62929.06
2025-06-30;12.2;13.8;10.7;11.1;0.0;30.5;62862.88
2025-07-01;12.2;13.3;10.7;11.9;0.0;30.3;62789.74
2025-07-02;15.1;19.0;12.1;2.0;0.0;23.6;62709.8
2025-07-03;20.2;26.2;14.4;0.3;0.0;21.2;62623.17
2025-07-04;21.0;24.9;15.3;1.0;0.0;19.7;62529.95
2025-07-05;16.7;20.9;11.0;0.0;0.0;18.2;62430.31
2025-07-06;16.2;21.8;9.6;0.4;0.0;18.2;62324.26
2025-07-07;21.7;27.6;15.6;0.0;0.0;15.9;62210.83
2025-07-08;24.3;31.1;17.1;2.1;0.0;21.1;62089.99
2025-07-09;24.9;31.5;18.6;0.0;0.0;17.5;61962.08
2025-07-10;26.9;33.7;20.1;0.0;0.0;18.2;61827.37
2025-07-11;27.2;34.4;19.5;0.0;0.0;19.1;61686.17
2025-07-12;26.5;34.2;20.4;1.7;0.0;17.5;61538.77
2025-07-13;23.7;29.3;19.6;16.0;0.0;17.4;61385.49
2025-07-14;23.1;28.7;18.2;11.2;0.0;11.1;61226.59
2025-07-15;20.9;25.5;17.1;9.9;0.0;11.3;61062.37
2025-07-16;20.6;24.8;17.2;0.8;0.0;13.0;60893.12
2025-07-17;20.8;24.8;16.3;1.6;0.0;9.9;60719.11
2025-07-18;20.9;25.6;15.0;0.1;0.0;17.4;60540.62
2025-07-19;20.7;25.5;16.6;2.3;0.0;21.0;60357.91
2025-07-20;20.8;23.7;18.1;8.3;0.0;22.3;60171.24
2025-07-21;18.8;20.5;17.5;25.3;0.0;14.7;59980.88
2025-07-22;19.4;21.7;16.7;9.0;0.0;11.5;59787.05
2025-07-23;20.2;24.3;16.5;1.9;0.0;11.4;59590.01
2025-07-24;21.0;25.2;16.5;1.0;0.0;11.2;59389.98
2025-07-25;21.9;27.7;15.8;1.3;0.0;10.4;59187.22
2025-07-26;19.8;25.4;13.5;0.0;0.0;13.7;58981.73
2025-07-27;20.8;27.4;13.0;0.0;0.0;10.1;58771.85
2025-07-28;22.7;28.0;16.4;0.0;0.0;7.7;58557.39
2025-07-29;23.3;29.2;16.1;0.0;0.0;10.3;58338.68
2025-07-30;23.3;28.6;17.5;0.0;0.0;12.0;58116.01
2025-07-31;23.0;28.4;17.9;0.2;0.0;13.8;57889.7
2025-08-01;21.2;25.3;18.1;6.6;0.0;22.5;57660.04
2025-08-02;20.3;23.5;16.6;1.0;0.0;14.3;57427.31
2025-08-03;20.6;26.2;14.4;0.0;0.0;10.3;57191.78
2025-08-04;19.5;23.1;17.1;26.9;0.0;15.2;56953.73
2025-08-05;20.3;24.3;18.3;9.9;0.0;23.6;56713.4
2025-08-06;21.0;25.3;17.0;0.0;0.0;14.8;56471.05
2025-08-07;17.4;20.5;13.9;5.0;0.0;14.4;56226.9
2025-08-08;16.9;21.8;12.4;0.4;0.0;16.2;55981.19
2025-08-09;16.1;19.6;12.0;1.0;0.0;14.4;55734.16
2025-08-10;17.0;22.3;12.2;0.0;0.0;16.2;55486.01
2025-08-11;16.1;19.7;13.3;8.7;0.0;10.6;55236.93
2025-08-12;16.3;19.8;13.5;7.8;0.0;16.9;54987.15
2025-08-13;16.5;21.6;12.3;0.7;0.0;18.7;54736.85
2025-08-14;14.6;17.5;11.4;2.0;0.0;19.0;54486.21
2025-08-15;18.5;23.7;12.6;0.0;0.0;18.9;54235.23
2025-08-16;17.6;23.0;10.9;0.6;0.0;18.5;53982.06
2025-08-17;16.8;19.7;11.2;0.9;0.0;16.3;53726.42
2025-08-18;13.7;17.6;10.5;1.8;0.0;16.1;53468.54
2025-08-19;16.5;19.4;13.9;1.1;0.0;20.0;53208.64
2025-08-20;16.8;22.0;12.4;3.8;0.0;21.9;52946.94
2025-08-21;13.9;16.8;9.9;8.0;0.0;10.8;52683.64
2025-08-22;12.2;16.5;7.2;0.2;0.0;13.6;52418.98
2025-08-23;12.9;16.0;10.3;0.0;0.0;15.2;52153.13
2025-08-24;13.9;18.4;9.5;0.4;0.0;9.7;51886.29
2025-08-25;11.9;15.4;8.2;1.0;0.0;20.7;51618.64
2025-08-26;11.8;15.4;9.5;1.5;0.0;21.0;51350.38
2025-08-27;12.4;16.1;9.2;1.8;0.0;16.1;51081.67
2025-08-28;13.3;18.5;8.1;0.0;0.0;22.6;50812.67
2025-08-29;15.1;20.7;10.8;5.3;0.0;13.9;50543.57
2025-08-30;21.6;28.5;15.9;0.0;0.0;19.9;50274.52
2025-08-31;20.8;29.4;13.4;0.0;0.0;14.7;50005.67
2025-09-01;17.6;21.8;14.1;0.0;0.0;19.9;49737.19
2025-09-02;14.4;15.5;13.2;0.0;0.0;22.2;49469.23
2025-09-03;14.3;17.2;11.1;0.2;0.0;17.4;49201.92
2025-09-04;14.0;17.6;10.9;0.0;0.0;12.7;48935.23
2025-09-05;14.8;19.9;9.1;0.0;0.0;8.0;48667.37
2025-09-06;15.1;21.2;7.9;0.0;0.0;12.0;48397.99
2025-09-07;16.4;22.2;11.1;0.0;0.0;14.4;48127.26
2025-09-08;16.0;22.0;10.5;0.0;0.0;10.2;47855.36
2025-09-09;16.5;23.0;10.6;0.5;0.0;11.4;47582.44
2025-09-10;13.9;20.8;7.6;0.0;0.0;11.6;47308.67
2025-09-11;14.2;22.0;5.7;0.0;0.0;9.3;47034.19
2025-09-12;13.3;18.4;8.3;0.0;0.0;15.4;46759.18
2025-09-13;11.6;18.6;4.3;0.0;0.0;12.1;46483.77
2025-09-14;12.1;19.9;4.8;0.0;0.0;11.7;46208.12
2025-09-15;13.9;22.5;5.5;0.0;0.0;13.2;45932.38
2025-09-16;15.8;23.3;9.8;0.0;0.0;18.0;45656.68
2025-09-17;15.0;21.3;10.3;0.0;0.0;18.6;45381.18
2025-09-18;13.2;19.4;6.6;0.2;0.0;16.0;45106.01
2025-09-19;12.6;14.7;10.3;3.8;0.0;20.1;44831.32
2025-09-20;13.2;16.2;11.5;0.6;0.0;20.1;44557.26
2025-09-21;16.4;20.9;12.8;0.1;0.0;19.9;44283.96
2025-09-22;20.3;27.3;14.6;0.0;0.0;22.7;44011.56
2025-09-23;14.2;19.2;8.5;2.0;0.0;15.1;43740.2
2025-09-24;7.8;10.9;4.3;0.0;0.0;22.3;43469.85
2025-09-25;7.0;9.6;4.2;0.1;0.0;22.9;43198.65
2025-09-26;8.1;13.9;2.3;0.0;0.0;16.6;42926.26
2025-09-27;8.8;10.7;7.0;3.6;0.0;14.8;42652.81
2025-09-28;6.9;8.7;5.4;0.4;0.0;24.9;42378.48
2025-09-29;6.3;8.8;3.5;0.0;0.0;22.0;42103.41
2025-09-30;4.8;11.2;-0.2;0.0;0.0;10.8;41827.76
2025-10-01;5.0;12.8;-1.2;0.0;0.0;10.0;41551.7
2025-10-02;7.2;13.4;1.1;0.0;0.0;13.2;41275.37
2025-10-03;7.9;12.8;4.2;0.7;0.0;12.2;40998.93
2025-10-04;9.0;15.7;3.2;0.0;0.0;19.0;40722.56
2025-10-05;9.6;11.8;7.6;2.0;0.0;17.9;40446.4
2025-10-06;10.6;11.7;10.0;3.4;0.0;10.5;40170.61
2025-10-07;10.6;11.8;9.7;1.9;0.0;6.2;39895.37
2025-10-08;11.2;13.8;9.1;0.1;0.0;7.3;39620.85
2025-10-09;10.8;13.3;8.5;0.0;0.0;14.8;39347.2
2025-10-10;9.6;10.7;8.6;0.8;0.0;12.3;39074.6
2025-10-11;9.8;11.7;8.0;2.4;0.0;11.9;38803.24
2025-10-12;6.7;8.5;4.8;3.2;0.0;16.0;38533.29
2025-10-13;4.1;4.9;3.1;17.8;0.0;21.6;38264.93
2025-10-14;4.3;5.6;3.5;5.3;0.0;17.4;37998.16
2025-10-15;3.6;5.5;1.1;4.5;0.0;17.7;37730.9
2025-10-16;4.1;6.2;1.2;0.2;0.0;16.7;37462.76
2025-10-17;8.0;9.7;6.3;3.1;0.0;24.6;37193.92
2025-10-18;5.4;7.4;3.7;2.1;0.0;10.1;36924.57
2025-10-19;5.0;6.0;3.7;0.8;0.0;15.9;36654.92
2025-10-20;5.8;7.2;5.0;1.0;0.0;17.4;36385.15
2025-10-21;4.3;5.2;3.5;2.3;0.0;17.6;36115.47
2025-10-22;4.8;6.2;3.4;0.0;0.0;11.1;35846.1
2025-10-23;4.4;6.8;2.6;0.1;0.0;14.7;35577.25
2025-10-24;7.3;10.0;4.6;1.8;0.0;18.0;35309.13
2025-10-25;9.5;11.3;8.5;0.1;0.0;22.7;35041.98
2025-10-26;7.2;8.8;5.6;7.1;0.0;24.7;34776.01
2025-10-27;6.5;8.9;3.8;2.7;0.0;21.5;34511.48
2025-10-28;6.1;8.3;4.2;6.6;0.0;16.0;34248.63
2025-10-29;5.9;7.7;4.2;2.8;0.0;16.9;33987.71
2025-10-30;6.4;8.1;5.5;1.9;0.0;14.2;33728.98
2025-10-31;5.8;6.5;5.2;7.8;0.0;21.5;33472.73
2025-11-01;5.0;6.3;3.0;0.0;0.0;12.5;33219.21
2025-11-02;3.5;6.9;1.3;0.0;0.0;13.0;32968.74
2025-11-03;5.7;8.9;2.8;1.9;0.0;19.8;32721.35
2025-11-04;8.2;9.1;6.7;3.6;0.0;21.1;32474.78
2025-11-05;6.1;9.4;4.2;0.0;0.0;17.3;32228.59
2025-11-06;7.1;9.2;4.9;2.0;0.0;19.7;31983.03
2025-11-07;8.7;9.8;7.6;2.1;0.0;15.8;31738.36
2025-11-08;9.0;10.0;7.3;1.0;0.0;19.7;31494.83
2025-11-09;5.3;7.3;3.6;0.6;0.0;15.1;31252.7
2025-11-10;3.0;3.6;2.5;0.1;0.0;12.4;31012.26
2025-11-11;3.8;5.1;2.5;0.0;0.0;7.4;30773.81
2025-11-12;3.8;4.6;3.3;1.3;0.0;16.7;30537.61
2025-11-13;4.8;6.5;3.3;0.1;0.0;23.8;30304.0
2025-11-14;5.6;6.7;4.6;1.0;0.0;33.1;30073.27
2025-11-15;0.3;5.3;-3.9;13.4;4.69;16.8;29845.77
2025-11-16;-4.1;-1.7;-7.5;0.0;0.0;18.6;29621.82
2025-11-17;-0.2;3.7;-3.3;2.6;0.21;20.4;29401.77
2025-11-18;5.4;9.2;1.1;11.7;0.0;25.8;29185.98
2025-11-19;0.4;1.8;-0.7;0.0;0.0;24.8;28974.81
2025-11-20;-0.9;0.8;-2.2;0.0;0.0;18.0;28768.65
2025-11-21;0.0;1.5;-2.4;0.9;0.56;19.0;28567.88
2025-11-22;1.7;2.6;0.8;4.1;1.4;9.7;28372.9
2025-11-23;-0.3;0.9;-1.6;0.7;0.49;19.0;28183.88
2025-11-24;1.7;5.4;-1.5;7.4;0.14;23.2;27998.83
2025-11-25;0.8;1.5;0.3;0.3;0.21;22.0;27817.37
2025-11-26;1.0;1.8;0.6;7.5;2.59;11.5;27639.76
2025-11-27;3.5;5.1;2.1;4.0;0.0;15.6;27466.27
2025-11-28;3.4;5.7;1.0;3.1;0.0;14.8;27297.17
2025-11-29;0.0;1.0;-0.6;0.0;0.0;14.5;27132.74
2025-11-30;2.0;3.3;0.6;0.3;0.0;11.2;26973.26
2025-12-01;0.3;2.3;-0.5;0.0;0.0;15.4;26819.01
2025-12-02;0.4;1.1;-0.3;0.0;0.0;11.5;26670.3
2025-12-03;0.8;1.4;0.3;0.1;0.07;7.1;26527.41
2025-12-04;1.7;3.0;0.5;0.0;0.0;12.9;26390.65
2025-12-05;2.0;2.9;0.7;0.0;0.0;11.2;26260.31
2025-12-06;2.6;3.3;1.7;0.1;0.0;12.0;26136.7
2025-12-07;0.6;1.6;0.1;0.1;0.07;11.2;26020.13
2025-12-08;0.3;0.9;-0.2;0.0;0.0;17.3;25910.9
2025-12-09;-0.4;0.1;-0.8;0.4;0.28;21.9;25809.31
2025-12-10;-0.5;0.1;-1.2;1.5;1.05;18.9;25715.67
2025-12-11;2.1;4.2;0.1;3.6;0.0;24.7;25630.28
2025-12-12;1.7;4.6;-4.2;4.1;0.84;27.5;25553.43
2025-12-13;-5.1;-4.1;-5.9;0.0;0.0;34.3;25485.32
2025-12-14;-6.5;-5.4;-8.2;0.0;0.0;23.3;25425.15
2025-12-15;-7.3;-5.2;-9.6;0.3;0.14;10.2;25372.71
2025-12-16;-2.1;1.7;-6.3;2.6;1.61;17.8;25328.06
2025-12-17;1.6;2.3;0.2;0.1;0.0;16.2;25291.22
2025-12-18;0.4;1.1;-0.2;0.2;0.0;18.4;25262.23
2025-12-19;-0.3;1.3;-1.2;0.0;0.0;14.7;25241.1
2025-12-20;-1.2;-0.8;-1.6;0.2;0.14;19.1;25227.85
2025-12-21;-0.1;0.4;-1.2;1.0;0.63;18.1;25222.48
2025-12-22;-0.7;1.2;-6.3;2.3;1.61;23.3;25224.99
2025-12-23;-12.2;-6.8;-16.1;0.0;0.0;22.6;25235.38
2025-12-24;-11.9;-5.2;-16.7;0.2;0.14;20.9;25253.61
2025-12-25;-2.8;-1.0;-5.0;3.5;2.45;23.4;25279.68
2025-12-26;0.2;0.7;-1.0;6.1;4.13;28.1;25313.54
2025-12-27;-0.8;0.3;-2.3;0.4;0.28;24.4;25355.16
2025-12-28;-2.6;-2.0;-3.3;3.3;2.31;15.2;25404.47
2025-12-29;-4.3;-3.3;-5.0;2.6;1.82;10.1;25461.44
2025-12-30;-4.8;-3.6;-5.5;4.0;2.8;16.6;25526.0
2025-12-31;-7.4;-5.4;-9.8;2.2;1.61;13.9;25598.08
