cutoff;dimension;value;wape_score;absolute_error;actual_total;bias
2025-06-30;route;1;0.8777723623569329;111096.0;908927.0;7084.0
2025-06-30;route;5;;0.0;0.0;0.0
2025-06-30;route;7;0.5134421341774831;422992.0;869356.0;397378.0
2025-06-30;route;11;0.8637244216975063;227070.0;1666256.0;55146.0
2025-06-30;route;12;0.8880662249289653;194252.0;1735419.0;46232.0
2025-06-30;route;17;0.8810357350998993;319866.0;2688757.0;72628.0
2025-06-30;route;25;0.8032779139473762;66616.0;338630.0;20150.0
2025-06-30;route;26;0.8874582367965828;90106.0;800645.0;20910.0
2025-06-30;route;28;0.8342732607742468;76728.0;462979.0;24382.0
2025-06-30;route;50;0.7525884077639545;302262.0;1221697.0;-175262.0
2025-06-30;hour;0;0.6469377414655773;11149.0;31578.0;2945.0
2025-06-30;hour;1;;0.0;0.0;0.0
2025-06-30;hour;2;;0.0;0.0;0.0
2025-06-30;hour;3;;0.0;0.0;0.0
2025-06-30;hour;4;;0.0;0.0;0.0
2025-06-30;hour;5;0.7829616254290501;13342.0;61473.0;-3158.0
2025-06-30;hour;6;0.845276382056602;52872.0;341719.0;-21648.0
2025-06-30;hour;7;0.8576436400460357;91656.0;643849.0;-12870.0
2025-06-30;hour;8;0.8498808707476668;129164.0;860410.0;50134.0
2025-06-30;hour;9;0.8486647473725583;106657.0;704773.0;36131.0
2025-06-30;hour;10;0.8477586963905527;91886.0;603555.0;32246.0
2025-06-30;hour;11;0.8286634046700398;102669.0;599224.0;45417.0
2025-06-30;hour;12;0.8181420081326243;110466.0;607430.0;50382.0
2025-06-30;hour;13;0.8071967431992988;117690.0;610415.0;57752.0
2025-06-30;hour;14;0.8007917968631496;118197.0;593334.0;64391.0
2025-06-30;hour;15;0.7966725367685491;126428.0;621795.0;62808.0
2025-06-30;hour;16;0.8229282728061983;123802.0;699163.0;51398.0
2025-06-30;hour;17;0.8490559546744361;127241.0;842968.0;35789.0
2025-06-30;hour;18;0.8419885612970875;147227.0;931749.0;12851.0
2025-06-30;hour;19;0.8413705600794839;118148.0;744805.0;-22790.0
2025-06-30;hour;20;0.8393275442758457;86150.0;536184.0;-5314.0
2025-06-30;hour;21;0.8179463485663082;65015.0;357120.0;13589.0
2025-06-30;hour;22;0.7759807665941987;45751.0;204228.0;12971.0
2025-06-30;hour;23;0.7370528618903132;25478.0;96894.0;5624.0
2025-06-30;month;2025-07;0.8155869442353438;994871.0;5394797.0;264595.0
2025-06-30;month;2025-08;0.8459537221475276;816117.0;5297869.0;204053.0
2025-08-31;route;1;0.7294949126015561;306614.0;1133487.0;-298790.0
2025-08-31;route;5;;0.0;0.0;0.0
2025-08-31;route;7;0.6033768032176728;533881.0;1346066.0;-492429.0
2025-08-31;route;11;0.7764901235539466;426021.0;1906050.0;-359693.0
2025-08-31;route;12;0.780672517353697;433980.0;1978685.0;-401834.0
2025-08-31;route;17;0.8018882863170238;605534.0;3056528.0;-550282.0
2025-08-31;route;25;0.6449402500220658;164932.0;464519.0;-159290.0
2025-08-31;route;26;0.659651356443347;370510.0;1088619.0;-365418.0
2025-08-31;route;28;0.663081900425379;202446.0;600876.0;-190578.0
2025-08-31;route;50;0.5734464473612539;493348.0;1156591.0;-233528.0
2025-08-31;hour;0;0.7230564158858352;7064.0;25507.0;3570.0
2025-08-31;hour;1;;0.0;0.0;0.0
2025-08-31;hour;2;;0.0;0.0;0.0
2025-08-31;hour;3;;0.0;0.0;0.0
2025-08-31;hour;4;;0.0;0.0;0.0
2025-08-31;hour;5;0.8364030145090857;9291.0;56792.0;1255.0
2025-08-31;hour;6;0.8625001765860963;48666.0;353935.0;-33864.0
2025-08-31;hour;7;0.6831468135868362;257646.0;813140.0;-246092.0
2025-08-31;hour;8;0.646930249529067;404476.0;1145598.0;-389496.0
2025-08-31;hour;9;0.706280324726042;248199.0;845020.0;-230131.0
2025-08-31;hour;10;0.7352245731666704;190812.0;720656.0;-172406.0
2025-08-31;hour;11;0.7417292781737822;185005.0;716322.0;-163509.0
2025-08-31;hour;12;0.7232437516868375;207136.0;748442.0;-187004.0
2025-08-31;hour;13;0.697812280189646;234999.0;777659.0;-212159.0
2025-08-31;hour;14;0.6762168069315493;252728.0;780547.0;-232162.0
2025-08-31;hour;15;0.6587148128357082;282936.0;829031.0;-263142.0
2025-08-31;hour;16;0.6551796378134731;312730.0;906936.0;-293998.0
2025-08-31;hour;17;0.695650890700555;319674.0;1050353.0;-298476.0
2025-08-31;hour;18;0.7764966574377281;238544.0;1067295.0;-209216.0
2025-08-31;hour;19;0.8006477387521385;157084.0;787972.0;-115164.0
2025-08-31;hour;20;0.8485602668521297;79042.0;521937.0;-31170.0
2025-08-31;hour;21;0.8507115120305851;49748.0;333234.0;-1392.0
2025-08-31;hour;22;0.7909841727482956;34798.0;166485.0;20802.0
2025-08-31;hour;23;0.8026490066225166;16688.0;84560.0;1912.0
2025-08-31;month;2025-09;0.7375637047352943;1610444.0;6136514.0;-1377696.0
2025-08-31;month;2025-10;0.7078318162788346;1926822.0;6594907.0;-1674146.0
