model;dimension;value;rows;mae;wape;score;bias
cpu_forecast;route;1;1194;194.1532663316583;0.20451844617538623;0.7954815538246138;-219307.0
cpu_forecast;route;7;1220;239.94590163934427;0.2174737345717075;0.7825262654282925;-160328.0
cpu_forecast;route;11;1220;237.53360655737706;0.15203745966789958;0.8479625403321004;-220983.0
cpu_forecast;route;12;1220;191.67704918032786;0.11818253031685184;0.8818174696831481;-168148.0
cpu_forecast;route;17;1220;300.8786885245902;0.12009443394596746;0.8799055660540326;-280804.0
cpu_forecast;route;25;1177;100.78079864061172;0.25535876896316406;0.744641231036836;-109353.0
cpu_forecast;route;26;1220;176.4704918032787;0.1977679978027207;0.8022320021972793;-206314.0
cpu_forecast;route;28;1175;113.63063829787234;0.22220225137965238;0.7777977486203476;-105468.0
cpu_forecast;route;50;1062;191.7391713747646;0.1760579150278707;0.8239420849721293;-176203.0
cpu_forecast;hour;0;432;13.909722222222221;0.235582389148077;0.764417610851923;2779.0
cpu_forecast;hour;5;533;16.181988742964354;0.15186998168756163;0.8481300183124384;1691.0
cpu_forecast;hour;6;539;73.72727272727273;0.11227767810473674;0.8877223218952632;-24753.0
cpu_forecast;hour;7;539;288.9424860853432;0.19152913397446933;0.8084708660255306;-149272.0
cpu_forecast;hour;8;540;443.1425925925926;0.20888391914092028;0.7911160808590797;-230895.0
cpu_forecast;hour;9;542;232.93173431734317;0.14940356441267663;0.8505964355873233;-114463.0
cpu_forecast;hour;10;545;206.7559633027523;0.15636031615639084;0.8436396838436091;-98082.0
cpu_forecast;hour;11;544;194.63419117647058;0.14781201750050954;0.8521879824994905;-87529.0
cpu_forecast;hour;12;542;221.59963099630997;0.1604760288706406;0.8395239711293594;-105653.0
cpu_forecast;hour;13;542;258.6531365313653;0.1802718157958694;0.8197281842041306;-122154.0
cpu_forecast;hour;14;542;279.55719557195573;0.19412027719022684;0.8058797228097732;-135664.0
cpu_forecast;hour;15;541;296.99075785582255;0.1938069867109915;0.8061930132890085;-145786.0
cpu_forecast;hour;16;543;307.3259668508287;0.1840019582418164;0.8159980417581836;-154680.0
cpu_forecast;hour;17;543;328.98710865561696;0.17007615534967768;0.8299238446503223;-164144.0
cpu_forecast;hour;18;543;258.23204419889504;0.13137885964049303;0.868621140359507;-114348.0
cpu_forecast;hour;19;540;174.15555555555557;0.1193494185072566;0.8806505814927434;-47404.0
cpu_forecast;hour;20;541;100.74121996303143;0.10442064846906811;0.8955793515309319;5891.0
cpu_forecast;hour;21;541;70.5286506469501;0.1145021216322464;0.8854978783677536;7364.0
cpu_forecast;hour;22;541;62.78927911275416;0.20403639967564646;0.7959636003243535;25359.0
cpu_forecast;hour;23;535;24.671028037383177;0.15609035004730368;0.8439096499526964;4835.0
cpu_forecast;horizon_week;1;1218;161.8128078817734;0.13926128378316313;0.8607387162168368;-159902.0
cpu_forecast;horizon_week;2;1229;173.89910496338487;0.14977056698126695;0.850229433018733;-169516.0
cpu_forecast;horizon_week;3;1221;174.37428337428338;0.14997439507934707;0.8500256049206529;-162197.0
cpu_forecast;horizon_week;4;1225;179.83020408163264;0.15783010473192266;0.8421698952680774;-139098.0
cpu_forecast;horizon_week;5;1225;207.1395918367347;0.17287952678976565;0.8271204732102344;-211026.0
cpu_forecast;horizon_week;6;1229;208.72091131000815;0.17548739657915943;0.8245126034208405;-204930.0
cpu_forecast;horizon_week;7;1234;224.5486223662885;0.1871770674942025;0.8128229325057975;-223623.0
cpu_forecast;horizon_week;8;1236;209.63834951456312;0.17641099589257375;0.8235890041074263;-211917.0
cpu_forecast;horizon_week;9;891;219.79236812570147;0.16386590834353476;0.8361340916564652;-164699.0
mean_same_closure;route;1;1194;122.18174204355108;0.12870460799285743;0.8712953920071426;-119161.0
mean_same_closure;route;7;1220;186.95901639344262;0.16944934349430116;0.8305506565056988;-43874.0
mean_same_closure;route;11;1220;179.87622950819673;0.11513286639909762;0.8848671336009024;-123675.0
mean_same_closure;route;12;1220;159.42868852459017;0.0982991229023316;0.9017008770976684;-112197.0
mean_same_closure;route;17;1220;271.5098360655738;0.10837198285113044;0.8916280171488695;-263810.0
mean_same_closure;route;25;1177;79.84282073067119;0.20230604130293917;0.7976939586970608;-79183.0
mean_same_closure;route;26;1220;118.68688524590164;0.13301072275975342;0.8669892772402465;-127390.0
mean_same_closure;route;28;1175;84.26978723404255;0.16478774322822012;0.8352122567717799;-50277.0
mean_same_closure;route;50;1062;136.4030131826742;0.12524738650050019;0.8747526134994998;-83084.0
mean_same_closure;hour;0;432;13.766203703703704;0.23315168385149174;0.7668483161485082;2451.0
mean_same_closure;hour;5;533;16.681050656660414;0.15655373996337513;0.8434462600366248;2097.0
mean_same_closure;hour;6;539;77.51205936920222;0.11804144828852756;0.8819585517114724;-17165.0
mean_same_closure;hour;7;539;231.7699443413729;0.1536316009543252;0.8463683990456747;-112326.0
mean_same_closure;hour;8;540;329.0314814814815;0.15509541741518404;0.8449045825848159;-164421.0
mean_same_closure;hour;9;542;164.68081180811808;0.10562708574944972;0.8943729142505503;-65813.0
mean_same_closure;hour;10;545;152.94311926605505;0.11566406163273461;0.8843359383672654;-58040.0
mean_same_closure;hour;11;544;150.66176470588235;0.11441781768534262;0.8855821823146574;-48050.0
mean_same_closure;hour;12;542;162.43357933579335;0.11762968940813048;0.8823703105918695;-58599.0
mean_same_closure;hour;13;542;185.9280442804428;0.1295850752064851;0.8704149247935149;-67891.0
mean_same_closure;hour;14;542;201.57564575645756;0.13997107156904068;0.8600289284309593;-78634.0
mean_same_closure;hour;15;541;209.93715341959336;0.1369984958342933;0.8630015041657066;-84156.0
mean_same_closure;hour;16;543;209.14364640883977;0.12521831749980153;0.8747816825001985;-86241.0
mean_same_closure;hour;17;543;239.65009208103132;0.1238916821297221;0.8761083178702779;-101928.0
mean_same_closure;hour;18;543;207.15469613259668;0.10539260466881228;0.8946073953311877;-73423.0
mean_same_closure;hour;19;540;159.67407407407407;0.1094252080023148;0.8905747919976852;-31466.0
mean_same_closure;hour;20;541;94.98521256931608;0.09845441116456584;0.9015455888354341;2467.0
mean_same_closure;hour;21;541;68.19223659889094;0.11070899127940126;0.8892910087205987;8430.0
mean_same_closure;hour;22;541;61.068391866913124;0.19844430429167792;0.8015556957083221;25156.0
mean_same_closure;hour;23;535;23.67663551401869;0.14979895931882686;0.8502010406811731;4901.0
mean_same_closure;horizon_week;1;1218;124.50164203612479;0.10715009973580435;0.8928499002641956;-86071.0
mean_same_closure;horizon_week;2;1229;131.26851098454028;0.11305497702866721;0.8869450229713328;-97835.0
mean_same_closure;horizon_week;3;1221;134.02538902538902;0.1152714509008917;0.8847285490991083;-90541.0
mean_same_closure;horizon_week;4;1225;146.25714285714287;0.1283643106163407;0.8716356893836593;-66615.0
mean_same_closure;horizon_week;5;1225;158.75510204081633;0.13249763926304128;0.8675023607369587;-138629.0
mean_same_closure;horizon_week;6;1229;158.69080553295362;0.13342331704687407;0.866576682953126;-132537.0
mean_same_closure;horizon_week;7;1234;176.43030794165315;0.14706706863580205;0.852932931364198;-151235.0
mean_same_closure;horizon_week;8;1236;159.7467637540453;0.134427149182021;0.865572850817979;-139591.0
mean_same_closure;horizon_week;9;891;158.66329966329965;0.11829121248304525;0.8817087875169547;-99597.0
030;route;1;1194;87.87018425460637;0.09256127330970712;0.9074387266902929;-28961.0
030;route;7;1220;120.05655737704917;0.1088126436593748;0.8911873563406252;50419.0
030;route;11;1220;156.03032786885245;0.09986988798824795;0.9001301120117521;59347.0
030;route;12;1220;150.7516393442623;0.0929491050874697;0.9070508949125303;79717.0
030;route;17;1220;197.35573770491803;0.078773693550329;0.921226306449671;57164.0
030;route;25;1177;62.265930331350894;0.15776964989591383;0.8422303501040862;-33641.0
030;route;26;1220;91.50327868852459;0.10254643727511646;0.8974535627248835;-71498.0
030;route;28;1175;75.62553191489361;0.1478840892297246;0.8521159107702754;-21688.0
030;route;50;1062;129.54143126177024;0.11894697434097273;0.8810530256590272;-31687.0
030;hour;0;432;12.983796296296296;0.2199004194926883;0.7800995805073117;-233.0
030;hour;5;533;21.181988742964354;0.19879560501479082;0.8012043949852092;6794.0
030;hour;6;539;106.3896103896104;0.1620184497153432;0.8379815502846568;46812.0
030;hour;7;539;127.54730983302412;0.08454632658582778;0.9154536734141723;-30322.0
030;hour;8;540;200.92222222222222;0.09470861506392295;0.9052913849360771;-82092.0
030;hour;9;542;122.15129151291512;0.07834844145700694;0.9216515585429931;-6874.0
030;hour;10;545;120.38899082568807;0.09104482582535912;0.9089551741746409;558.0
030;hour;11;544;126.6470588235294;0.09618020945887464;0.9038197905411254;17914.0
030;hour;12;542;127.52214022140221;0.09234783724056106;0.9076521627594389;4235.0
030;hour;13;542;141.04981549815497;0.09830658424836593;0.9016934157516341;-12903.0
030;hour;14;542;145.7380073800738;0.10119826224429791;0.898801737755702;-18438.0
030;hour;15;541;153.90388170055454;0.10043291505383997;0.89956708494616;-24886.0
030;hour;16;543;160.03130755064456;0.09581381707198744;0.9041861829280126;-13127.0
030;hour;17;543;167.34254143646407;0.08651091585400336;0.9134890841459966;-4607.0
030;hour;18;543;185.07734806629836;0.09416047109749413;0.9058395289025059;38575.0
030;hour;19;540;175.4388888888889;0.12022889138192727;0.8797711086180727;57179.0
030;hour;20;541;116.81515711645102;0.12108166311259788;0.8789183368874021;40201.0
030;hour;21;541;71.85767097966728;0.11665976460985374;0.8833402353901463;15099.0
030;hour;22;541;55.151571164510166;0.17921734690812985;0.8207826530918702;22811.0
030;hour;23;535;24.037383177570092;0.15208136234626302;0.847918637653737;2476.0
030;horizon_week;1;1218;106.07224958949097;0.09128917447865696;0.9087108255213431;44160.0
030;horizon_week;2;1229;108.27095199349064;0.09324833426302527;0.9067516657369747;33839.0
030;horizon_week;3;1221;108.82227682227682;0.09359496607964363;0.9064050339203564;30802.0
030;horizon_week;4;1225;125.98938775510204;0.11057607572681145;0.8894239242731885;56625.0
030;horizon_week;5;1225;122.78775510204082;0.10247914852680476;0.8975208514731953;731.0
030;horizon_week;6;1229;120.97233523189585;0.10171055710089168;0.8982894428991083;-17485.0
030;horizon_week;7;1234;139.41410048622367;0.11621145666076052;0.8837885433392395;-72179.0
030;horizon_week;8;1236;117.59304207119742;0.09895472708048662;0.9010452729195134;-5145.0
030;horizon_week;9;891;125.52861952861953;0.09358769568560774;0.9064123043143922;-12176.0
