cutoff;end;weeks;statistic;wape_score
2025-06-30;2025-08-31;4;mean;0.8176354235390901
2025-06-30;2025-08-31;4;median;0.8150483599347731
2025-06-30;2025-08-31;8;mean;0.8014649639244711
2025-06-30;2025-08-31;8;median;0.7906565457941211
2025-06-30;2025-08-31;12;mean;0.781874655766519
2025-06-30;2025-08-31;12;median;0.7669590534420175
2025-06-30;2025-08-31;99;mean;0.7791622468377818
2025-06-30;2025-08-31;99;median;0.746697294640907
2025-08-31;2025-10-31;4;mean;0.7902763350386425
2025-08-31;2025-10-31;4;median;0.793467840831783
2025-08-31;2025-10-31;8;mean;0.7675838005482152
2025-08-31;2025-10-31;8;median;0.7605557607557689
2025-08-31;2025-10-31;12;mean;0.7883197481732107
2025-08-31;2025-10-31;12;median;0.7984670250400624
2025-08-31;2025-10-31;99;mean;0.862295810146313
2025-08-31;2025-10-31;99;median;0.8793378578085616
