feature;gain;gain_fraction
lag_24h;2500488.206203234;0.32344051928106327
lag_168h;2078076.5608717455;0.26880117262170117
lag_1h;575732.7572626095;0.07447157779595687
diff_24h;467171.6166652136;0.06042909137212274
diff_168h;440173.04331177496;0.05693680032127092
hour_sin;217589.51543611003;0.028145410039598584
route_dow;185439.9664337635;0.023986835406783147
month;175058.74353791378;0.022644014386521475
hour_cos;166798.3201544738;0.02157552079315313
lag_336h;154447.03972621774;0.01997787096397554
day_of_year;120370.71829434042;0.015570066491324086
doy_cos;93903.39540800179;0.012146493191878119
schedule_headway;80722.13093590364;0.010441484140021811
lag_672h;77618.66692088905;0.010040048128407674
hist_median_boardings;47495.06785738643;0.006143532040252234
doy_sin;36800.52654684399;0.0047601829861061715
ewm_7d;34323.93565264484;0.004439833606781236
roll_7d_mean;31532.83972938219;0.004078802703878447
roll_7d_std;29112.160342478426;0.003765685531011652
roll_7d_max;29030.279789373977;0.0037550942038662477
roll_30d_max;24705.876035060734;0.003195728479842364
roll_30d_std;22845.48858662008;0.0029550856002259537
roll_30d_mean;22763.199913538134;0.0029444414823746696
month_sin;20280.725801481167;0.0026233311032440743
ewm_30d;19713.37856924394;0.002549944201057435
days_since_start;18980.26021326054;0.002455114646906569
week_of_year;14449.771331334952;0.0018690916163112408
month_cos;7480.83131014742;0.000967652619838615
dow_sin;7034.017050434835;0.0009098567718817636
route_hour;6044.642300963402;0.0007818802103691983
dow_cos;5669.5338185777655;0.0007333595726679058
weather_is_freezing_avg;5569.336272280198;0.0007203989250932539
weather_is_snow_avg;4722.89407369215;0.0006109108245001206
dayofweek;4022.451218890026;0.0005203078773948801
weather_is_rain_avg;2010.3540696576238;0.0002600412041999495
is_weekend;1929.154239621479;0.00024953792922857774
route_id;796.7631908357143;0.00010306207385766595
is_school_holiday;1.6919499635696411;2.1885533131367305e-07
hour_x_weekend;0.0;0.0
hour_x_holiday;0.0;0.0
holiday_name;0.0;0.0
depot_id;0.0;0.0
is_holiday;0.0;0.0
roll_30d_min;0.0;0.0
roll_7d_min;0.0;0.0
is_holiday_eve;0.0;0.0
hour_x_school_holiday;0.0;0.0
