method;cutoff;end;seconds;wape_score;absolute_error;actual_total;bias;primary
cov0_shares0;2025-06-30;2025-08-31;0.0561106912791729;0.8309951886648288;1807112.0;10692666.0;482888.0;True
cov0_shares1;2025-06-30;2025-08-31;0.07781985402107239;0.8296338817653146;1821668.0;10692666.0;482836.0;True
cov1_shares0;2025-06-30;2025-08-31;0.03065555915236473;0.8022205126392239;2114790.0;10692666.0;1175338.0;True
cov1_shares1;2025-06-30;2025-08-31;0.07247701659798622;0.8005201883234733;2132971.0;10692666.0;1175363.0;True
cov0_shares0;2025-08-31;2025-10-31;0.04521122947335243;0.8675967121030717;1685682.0;12731421.0;-737404.0;True
cov0_shares1;2025-08-31;2025-10-31;0.07537081092596054;0.8694316997293546;1662320.0;12731421.0;-737440.0;True
cov1_shares0;2025-08-31;2025-10-31;0.031646352261304855;0.871213668921953;1639633.0;12731421.0;-619849.0;True
cov1_shares1;2025-08-31;2025-10-31;0.07503121346235275;0.8730798392418254;1615874.0;12731421.0;-619876.0;True
cov0_shares0;2025-04-30;2025-06-30;0.029248248785734177;0.8203502138949132;2071523.0;11530896.0;1340059.0;False
cov0_shares1;2025-04-30;2025-06-30;0.06769075989723206;0.8198975170706595;2076743.0;11530896.0;1340055.0;False
cov1_shares0;2025-04-30;2025-06-30;0.029165875166654587;0.826698289534482;1998324.0;11530896.0;745976.0;False
cov1_shares1;2025-04-30;2025-06-30;0.06758075207471848;0.828466408854958;1977936.0;11530896.0;745956.0;False
