leap_day_of_year;climate_temperature;climate_wet_probability
1;-5.594193548387097;0.432258064516129
2;-5.759354838709678;0.41935483870967744
3;-5.89483870967742;0.432258064516129
4;-5.96516129032258;0.41935483870967744
5;-5.9870967741935495;0.4064516129032258
6;-6.035483870967742;0.4064516129032258
7;-6.024516129032258;0.4064516129032258
8;-6.005806451612903;0.4
9;-5.97741935483871;0.3870967741935484
10;-5.913548387096775;0.38064516129032255
11;-5.87225806451613;0.3870967741935484
12;-5.809032258064517;0.38064516129032255
13;-5.765806451612904;0.3935483870967742
14;-5.688387096774195;0.4
15;-5.673548387096775;0.4064516129032258
16;-5.678064516129034;0.3935483870967742
17;-5.629032258064518;0.3935483870967742
18;-5.570322580645162;0.3870967741935484
19;-5.472903225806452;0.4064516129032258
20;-5.3103225806451615;0.4064516129032258
21;-5.252258064516129;0.4129032258064516
22;-5.2064516129032254;0.4129032258064516
23;-5.094838709677419;0.4129032258064516
24;-5.056129032258064;0.4129032258064516
25;-5.053548387096774;0.3935483870967742
26;-5.029677419354839;0.3870967741935484
27;-4.967096774193549;0.3870967741935484
28;-4.789677419354839;0.4064516129032258
29;-4.625806451612903;0.4064516129032258
30;-4.569677419354838;0.4064516129032258
31;-4.633548387096774;0.4
32;-4.710322580645161;0.4
33;-4.637419354838709;0.3935483870967742
34;-4.509032258064516;0.3870967741935484
35;-4.470322580645162;0.3870967741935484
36;-4.526451612903226;0.3935483870967742
37;-4.498709677419354;0.3870967741935484
38;-4.514838709677419;0.3935483870967742
39;-4.619354838709677;0.4064516129032258
40;-4.6658064516129025;0.4129032258064516
41;-4.626451612903225;0.4129032258064516
42;-4.5361290322580645;0.41935483870967744
43;-4.475483870967742;0.4258064516129032
44;-4.415483870967741;0.4064516129032258
45;-4.421710526315789;0.40131578947368424
46;-4.399342105263158;0.375
47;-4.336842105263157;0.3684210526315789
48;-4.294078947368422;0.3618421052631579
49;-4.207236842105263;0.3618421052631579
50;-4.141447368421052;0.34868421052631576
51;-4.158552631578947;0.3355263157894737
52;-4.031578947368421;0.32894736842105265
53;-3.8782894736842106;0.3355263157894737
54;-3.7697368421052624;0.32894736842105265
55;-3.7125;0.3355263157894737
56;-3.6394736842105266;0.34210526315789475
57;-3.469736842105263;0.3355263157894737
58;-3.3302631578947373;0.3355263157894737
59;-3.1361842105263156;0.3355263157894737
60;-2.955921052631579;0.32894736842105265
61;-2.7927631578947367;0.32894736842105265
62;-2.560526315789474;0.3223684210526316
63;-2.3171052631578952;0.3092105263157895
64;-2.1427631578947373;0.3026315789473684
65;-1.9960526315789473;0.2894736842105263
66;-1.7907894736842105;0.28289473684210525
67;-1.581578947368421;0.27631578947368424
68;-1.3539473684210528;0.26973684210526316
69;-1.1039473684210526;0.26973684210526316
70;-0.7625000000000001;0.2565789473684211
71;-0.49539473684210517;0.2565789473684211
72;-0.36184210526315785;0.25
73;-0.2644736842105263;0.23684210526315788
74;-0.07828947368421052;0.24342105263157895
75;0.04473684210526322;0.2565789473684211
76;0.0916129032258064;0.27741935483870966
77;0.2774193548387097;0.2903225806451613
78;0.4554838709677419;0.3032258064516129
79;0.6400000000000001;0.3032258064516129
80;0.7761290322580646;0.2967741935483871
81;0.9070967741935482;0.2903225806451613
82;1.125806451612903;0.2903225806451613
83;1.3470967741935482;0.2967741935483871
84;1.6903225806451614;0.2903225806451613
85;2.1180645161290323;0.2903225806451613
86;2.620645161290322;0.3032258064516129
87;3.0361290322580636;0.2967741935483871
88;3.327096774193547;0.2967741935483871
89;3.6793548387096773;0.2838709677419355
90;3.9193548387096775;0.27741935483870966
91;4.138064516129032;0.2838709677419355
92;4.365806451612904;0.2838709677419355
93;4.597419354838709;0.2967741935483871
94;4.803225806451613;0.3096774193548387
95;5.012903225806451;0.3225806451612903
96;5.223225806451613;0.3419354838709677
97;5.429677419354839;0.3548387096774194
98;5.687741935483871;0.36129032258064514
99;5.923225806451613;0.36129032258064514
100;6.103225806451613;0.36129032258064514
101;6.2858064516129035;0.3741935483870968
102;6.462580645161291;0.38064516129032255
103;6.629032258064516;0.38064516129032255
104;6.75225806451613;0.3870967741935484
105;6.860000000000001;0.3870967741935484
106;7.063225806451614;0.3870967741935484
107;7.302580645161291;0.36774193548387096
108;7.447741935483871;0.3548387096774194
109;7.626451612903226;0.3548387096774194
110;7.713548387096774;0.36129032258064514
111;7.892903225806452;0.36774193548387096
112;8.099354838709678;0.38064516129032255
113;8.256774193548388;0.38064516129032255
114;8.349032258064515;0.3935483870967742
115;8.33290322580645;0.4
116;8.373548387096776;0.4
117;8.496129032258064;0.3870967741935484
118;8.667741935483871;0.4
119;8.781290322580647;0.3935483870967742
120;8.845161290322581;0.4064516129032258
121;8.969032258064516;0.4
122;9.16;0.4
123;9.408387096774195;0.4
124;9.654193548387097;0.3935483870967742
125;9.861935483870967;0.3935483870967742
126;10.011612903225808;0.3935483870967742
127;10.156774193548388;0.3870967741935484
128;10.296129032258065;0.38064516129032255
129;10.396129032258065;0.3870967741935484
130;10.510967741935483;0.3870967741935484
131;10.703225806451613;0.38064516129032255
132;10.90258064516129;0.3741935483870968
133;11.080645161290322;0.36774193548387096
134;11.287096774193548;0.3741935483870968
135;11.533548387096774;0.38064516129032255
136;11.789032258064516;0.3741935483870968
137;11.970967741935484;0.38064516129032255
138;12.174193548387096;0.38064516129032255
139;12.406451612903226;0.4
140;12.508387096774193;0.4064516129032258
141;12.725806451612904;0.4
142;12.938709677419356;0.4
143;13.189677419354839;0.3935483870967742
144;13.483870967741936;0.4
145;13.820000000000002;0.3870967741935484
146;14.201290322580647;0.3741935483870968
147;14.458709677419357;0.38064516129032255
148;14.640645161290324;0.3935483870967742
149;14.81225806451613;0.3935483870967742
150;15.005806451612903;0.4129032258064516
151;15.220000000000002;0.41935483870967744
152;15.420645161290322;0.4258064516129032
153;15.657419354838714;0.4129032258064516
154;15.82258064516129;0.4129032258064516
155;15.97483870967742;0.4129032258064516
156;16.202580645161287;0.4064516129032258
157;16.418709677419354;0.41935483870967744
158;16.607096774193547;0.41935483870967744
159;16.82774193548387;0.4129032258064516
160;17.061290322580646;0.4064516129032258
161;17.304516129032258;0.4
162;17.516129032258064;0.4064516129032258
163;17.69806451612903;0.3935483870967742
164;17.938709677419354;0.38064516129032255
165;18.12967741935484;0.38064516129032255
166;18.26;0.36774193548387096
167;18.34774193548387;0.38064516129032255
168;18.558064516129033;0.3741935483870968
169;18.734838709677415;0.3741935483870968
170;18.91032258064516;0.36774193548387096
171;19.1458064516129;0.34838709677419355
172;19.34516129032258;0.3419354838709677
173;19.536129032258067;0.33548387096774196
174;19.714193548387097;0.3419354838709677
175;19.814193548387095;0.3419354838709677
176;19.888387096774192;0.3419354838709677
177;19.932903225806452;0.3419354838709677
178;20.045806451612904;0.33548387096774196
179;20.13225806451613;0.32903225806451614
180;20.188387096774193;0.3161290322580645
181;20.28258064516129;0.3096774193548387
182;20.340645161290325;0.3096774193548387
183;20.388387096774196;0.3032258064516129
184;20.402580645161294;0.3096774193548387
185;20.409032258064517;0.3161290322580645
186;20.376129032258067;0.32903225806451614
187;20.318064516129034;0.3419354838709677
188;20.285806451612903;0.32903225806451614
189;20.30516129032258;0.32903225806451614
190;20.270322580645164;0.33548387096774196
191;20.210322580645165;0.3419354838709677
192;20.165161290322583;0.3548387096774194
193;20.159354838709675;0.34838709677419355
194;20.15483870967742;0.3548387096774194
195;20.08838709677419;0.38064516129032255
196;20.032258064516128;0.38064516129032255
197;20.014193548387095;0.3870967741935484
198;19.999354838709674;0.38064516129032255
199;19.93548387096774;0.3870967741935484
200;19.889677419354836;0.3870967741935484
201;19.828387096774193;0.3741935483870968
202;19.779999999999998;0.3741935483870968
203;19.75032258064516;0.3741935483870968
204;19.73677419354839;0.38064516129032255
205;19.70774193548387;0.3741935483870968
206;19.670322580645163;0.38064516129032255
207;19.625161290322584;0.3870967741935484
208;19.598064516129035;0.3935483870967742
209;19.505161290322583;0.4129032258064516
210;19.41741935483871;0.41935483870967744
211;19.31677419354839;0.432258064516129
212;19.250967741935483;0.41935483870967744
213;19.20451612903226;0.4
214;19.195483870967742;0.3935483870967742
215;19.205161290322582;0.3935483870967742
216;19.230322580645165;0.3870967741935484
217;19.270322580645164;0.3741935483870968
218;19.273548387096778;0.3741935483870968
219;19.256129032258062;0.36774193548387096
220;19.25032258064516;0.3548387096774194
221;19.263225806451615;0.3548387096774194
222;19.249032258064517;0.3548387096774194
223;19.218064516129033;0.3419354838709677
224;19.150322580645163;0.3548387096774194
225;19.065161290322582;0.34838709677419355
226;18.999354838709674;0.32903225806451614
227;18.949032258064516;0.3161290322580645
228;18.957419354838706;0.3161290322580645
229;19.0;0.3032258064516129
230;18.968387096774197;0.2903225806451613
231;18.809677419354838;0.2967741935483871
232;18.629032258064516;0.3032258064516129
233;18.421290322580646;0.3032258064516129
234;18.16193548387097;0.3096774193548387
235;17.898709677419355;0.2967741935483871
236;17.625161290322584;0.2967741935483871
237;17.401935483870968;0.2903225806451613
238;17.198709677419355;0.27741935483870966
239;17.012258064516125;0.2709677419354839
240;16.845806451612905;0.24516129032258063
241;16.727741935483873;0.23225806451612904
242;16.66967741935484;0.22580645161290322
243;16.52258064516129;0.23225806451612904
244;16.34193548387097;0.23225806451612904
245;16.078064516129032;0.23870967741935484
246;15.78774193548387;0.23870967741935484
247;15.479354838709675;0.23870967741935484
248;15.193548387096774;0.24516129032258063
249;14.965806451612902;0.23870967741935484
250;14.774193548387096;0.25161290322580643
251;14.578709677419354;0.2645161290322581
252;14.376774193548387;0.25806451612903225
253;14.207096774193548;0.25161290322580643
254;14.025161290322579;0.2709677419354839
255;13.824516129032256;0.2645161290322581
256;13.593548387096774;0.2709677419354839
257;13.363225806451611;0.2838709677419355
258;13.174193548387095;0.2838709677419355
259;12.928387096774191;0.27741935483870966
260;12.661290322580644;0.2903225806451613
261;12.42774193548387;0.2903225806451613
262;12.300645161290323;0.2838709677419355
263;12.176129032258064;0.2967741935483871
264;12.041935483870967;0.2967741935483871
265;11.941290322580643;0.2967741935483871
266;11.81806451612903;0.3096774193548387
267;11.679354838709678;0.3096774193548387
268;11.492903225806453;0.3161290322580645
269;11.289032258064516;0.32903225806451614
270;11.052258064516128;0.3225806451612903
271;10.901290322580644;0.33548387096774196
272;10.714193548387096;0.33548387096774196
273;10.456129032258064;0.3419354838709677
274;10.27935483870968;0.36129032258064514
275;10.070322580645161;0.38064516129032255
276;9.831612903225807;0.3870967741935484
277;9.605806451612903;0.4
278;9.395483870967741;0.4
279;9.16516129032258;0.4064516129032258
280;8.956774193548387;0.4064516129032258
281;8.769032258064517;0.3935483870967742
282;8.619354838709677;0.4064516129032258
283;8.403225806451612;0.41935483870967744
284;8.094193548387096;0.4129032258064516
285;7.801290322580646;0.3935483870967742
286;7.547096774193548;0.3870967741935484
287;7.341935483870968;0.4064516129032258
288;7.158064516129032;0.4064516129032258
289;6.950967741935484;0.41935483870967744
290;6.751612903225807;0.4258064516129032
291;6.567096774193549;0.4258064516129032
292;6.345806451612902;0.432258064516129
293;6.093548387096774;0.432258064516129
294;5.867096774193548;0.4258064516129032
295;5.72;0.44516129032258067
296;5.566451612903226;0.45161290322580644
297;5.443225806451613;0.45806451612903226
298;5.351612903225806;0.4645161290322581
299;5.243870967741935;0.45161290322580644
300;5.144516129032258;0.432258064516129
301;5.025806451612903;0.43870967741935485
302;4.855483870967742;0.43870967741935485
303;4.698709677419354;0.43870967741935485
304;4.5122580645161285;0.432258064516129
305;4.256774193548386;0.41935483870967744
306;4.023225806451612;0.4129032258064516
307;3.827741935483871;0.4
308;3.58;0.3935483870967742
309;3.3716129032258064;0.3870967741935484
310;3.2038709677419357;0.3935483870967742
311;3.0129032258064514;0.3870967741935484
312;2.7419354838709675;0.4
313;2.421935483870968;0.4
314;2.1470967741935483;0.4
315;1.9709677419354839;0.4064516129032258
316;1.8012903225806451;0.41935483870967744
317;1.623225806451613;0.432258064516129
318;1.4141935483870967;0.41935483870967744
319;1.1929032258064516;0.4129032258064516
320;0.9799999999999999;0.4129032258064516
321;0.7083870967741935;0.41935483870967744
322;0.3716129032258065;0.4129032258064516
323;0.1348387096774193;0.4129032258064516
324;-0.10645161290322554;0.4064516129032258
325;-0.43548387096774155;0.4
326;-0.8354838709677418;0.3741935483870968
327;-1.2006451612903226;0.36774193548387096
328;-1.6225806451612903;0.36129032258064514
329;-2.074193548387097;0.3548387096774194
330;-2.468387096774194;0.36129032258064514
331;-2.8193548387096774;0.3741935483870968
332;-3.069677419354838;0.38064516129032255
333;-3.341290322580645;0.3870967741935484
334;-3.6483870967741927;0.4064516129032258
335;-3.8651612903225803;0.41935483870967744
336;-3.9664516129032257;0.4258064516129032
337;-3.978709677419355;0.43870967741935485
338;-4.033548387096774;0.44516129032258067
339;-4.072903225806451;0.45806451612903226
340;-4.100645161290322;0.4645161290322581
341;-4.208387096774193;0.45806451612903226
342;-4.350322580645161;0.45806451612903226
343;-4.386451612903226;0.45161290322580644
344;-4.410967741935484;0.44516129032258067
345;-4.432903225806451;0.45161290322580644
346;-4.45225806451613;0.45161290322580644
347;-4.536774193548387;0.44516129032258067
348;-4.650322580645161;0.432258064516129
349;-4.763870967741935;0.4258064516129032
350;-4.801935483870968;0.432258064516129
351;-4.809032258064517;0.43870967741935485
352;-4.78258064516129;0.43870967741935485
353;-4.787096774193548;0.45161290322580644
354;-4.863870967741936;0.44516129032258067
355;-4.949677419354839;0.4645161290322581
356;-4.966451612903225;0.4645161290322581
357;-5.018064516129032;0.4774193548387097
358;-5.170322580645161;0.4774193548387097
359;-5.248387096774193;0.4645161290322581
360;-5.226451612903226;0.4774193548387097
361;-5.190322580645161;0.4838709677419355
362;-5.19741935483871;0.4838709677419355
363;-5.367096774193549;0.47096774193548385
364;-5.536129032258065;0.4645161290322581
365;-5.565806451612904;0.45161290322580644
366;-5.549677419354839;0.43870967741935485
