method;cutoff;dimension;group;rows;wape_score;absolute_error;actual_total;bias
031;2025-04-30;regime;stable;7920;0.8754873958762367;740657.0;5948450.0;353857.0
031;2025-04-30;regime;transition;6720;0.8947959371214697;587296.0;5582446.0;64484.0
031;2025-04-30;route;1;1464;0.8876326616786048;109107.0;970985.0;60381.0
031;2025-04-30;route;11;1464;0.8990349005220746;174343.0;1726765.0;20673.0
031;2025-04-30;route;12;1464;0.9011937571696083;177606.0;1797518.0;15692.0
031;2025-04-30;route;17;1464;0.9165572897416571;229376.0;2748904.0;-54186.0
031;2025-04-30;route;25;1464;0.8325737482251385;65207.0;389467.0;19903.0
031;2025-04-30;route;26;1464;0.8206936638463257;161335.0;899773.0;136053.0
031;2025-04-30;route;28;1464;0.8281744388847572;91721.0;533803.0;46681.0
031;2025-04-30;route;5;1464;;0.0;0.0;0.0
031;2025-04-30;route;50;1464;0.8789834169303741;134918.0;1114872.0;73470.0
031;2025-04-30;route;7;1464;0.8633312796696938;184340.0;1348809.0;99674.0
031;2025-04-30;month;2025-05;7440;0.8947026017183595;630586.0;5988619.0;103028.0
031;2025-04-30;month;2025-06;7200;0.8741731963234606;697367.0;5542277.0;315313.0
031;2025-04-30;daytype;weekday;10320;0.8939861222767505;983356.0;9275729.0;289230.0
031;2025-04-30;daytype;weekend;4320;0.847196682108243;344597.0;2255167.0;129111.0
031;2025-04-30;horizon;1-14;3360;0.8713340426306224;300518.0;2335645.0;148304.0
031;2025-04-30;horizon;15-30;3840;0.9106475755977782;313638.0;3510123.0;-50314.0
031;2025-04-30;horizon;31-61;7440;0.8744448673802947;713797.0;5685128.0;320351.0
030;2025-04-30;regime;stable;7920;0.8753192848557187;741657.0;5948450.0;353859.0
030;2025-04-30;regime;transition;6720;0.8944738560838743;589094.0;5582446.0;64488.0
030;2025-04-30;route;1;1464;0.8874225657450939;109311.0;970985.0;60385.0
030;2025-04-30;route;11;1464;0.8986324137911065;175038.0;1726765.0;20684.0
030;2025-04-30;route;12;1464;0.9008449428600993;178233.0;1797518.0;15685.0
030;2025-04-30;route;17;1464;0.9165391006743051;229426.0;2748904.0;-54180.0
030;2025-04-30;route;25;1464;0.8318933311423047;65472.0;389467.0;19904.0
030;2025-04-30;route;26;1464;0.8199834847233691;161974.0;899773.0;136040.0
030;2025-04-30;route;28;1464;0.8277735419246426;91935.0;533803.0;46693.0
030;2025-04-30;route;5;1464;;0.0;0.0;0.0
030;2025-04-30;route;50;1464;0.8788434905531756;135074.0;1114872.0;73470.0
030;2025-04-30;route;7;1464;0.8633698322001113;184288.0;1348809.0;99666.0
030;2025-04-30;month;2025-05;7440;0.894509234933797;631744.0;5988619.0;103004.0
030;2025-04-30;month;2025-06;7200;0.8738772890636827;699007.0;5542277.0;315343.0
030;2025-04-30;daytype;weekday;10320;0.8937444162070711;985598.0;9275729.0;289280.0
030;2025-04-30;daytype;weekend;4320;0.8469501371738767;345153.0;2255167.0;129067.0
030;2025-04-30;horizon;1-14;3360;0.8711871881214825;300861.0;2335645.0;148297.0
030;2025-04-30;horizon;15-30;3840;0.9104461581545717;314345.0;3510123.0;-50325.0
030;2025-04-30;horizon;31-61;7440;0.8741373984895326;715545.0;5685128.0;320375.0
029;2025-04-30;regime;stable;7920;0.8754467130092713;740899.0;5948450.0;353877.0
029;2025-04-30;regime;transition;6720;0.8938734024476009;592446.0;5582446.0;64490.0
029;2025-04-30;route;1;1464;0.8872289479240153;109499.0;970985.0;60369.0
029;2025-04-30;route;11;1464;0.8984835805682881;175295.0;1726765.0;20695.0
029;2025-04-30;route;12;1464;0.8997623389584972;180179.0;1797518.0;15687.0
029;2025-04-30;route;17;1464;0.9163048254868122;230070.0;2748904.0;-54208.0
029;2025-04-30;route;25;1464;0.8305196589184707;66007.0;389467.0;19917.0
029;2025-04-30;route;26;1464;0.8200268289890895;161935.0;899773.0;136073.0
029;2025-04-30;route;28;1464;0.8280451777153743;91790.0;533803.0;46692.0
029;2025-04-30;route;5;1464;;0.0;0.0;0.0
029;2025-04-30;route;50;1464;0.8792847968197246;134582.0;1114872.0;73466.0
029;2025-04-30;route;7;1464;0.8635922506448281;183988.0;1348809.0;99676.0
029;2025-04-30;month;2025-05;7440;0.8943870030803429;632476.0;5988619.0;103038.0
029;2025-04-30;month;2025-06;7200;0.8735413260650812;700869.0;5542277.0;315329.0
029;2025-04-30;daytype;weekday;10320;0.893613321389618;986814.0;9275729.0;289268.0
029;2025-04-30;daytype;weekend;4320;0.8463390959516524;346531.0;2255167.0;129099.0
029;2025-04-30;horizon;1-14;3360;0.8715155770675767;300094.0;2335645.0;148310.0
029;2025-04-30;horizon;15-30;3840;0.9100877661552031;315603.0;3510123.0;-50311.0
029;2025-04-30;horizon;31-61;7440;0.8737674859739306;717648.0;5685128.0;320368.0
025;2025-04-30;regime;stable;7920;0.8768094209415899;732793.0;5948450.0;369311.0
025;2025-04-30;regime;transition;6720;0.8961037867630067;579995.0;5582446.0;54647.0
025;2025-04-30;route;1;1464;0.8910940951713981;105746.0;970985.0;49048.0
025;2025-04-30;route;11;1464;0.8969593430489963;177927.0;1726765.0;31221.0
025;2025-04-30;route;12;1464;0.8956199604120794;187625.0;1797518.0;48499.0
025;2025-04-30;route;17;1464;0.9166780651488738;229044.0;2748904.0;-28730.0
025;2025-04-30;route;25;1464;0.8307789876934375;65906.0;389467.0;14580.0
025;2025-04-30;route;26;1464;0.8490786009360138;135795.0;899773.0;98423.0
025;2025-04-30;route;28;1464;0.829142960979987;91204.0;533803.0;45498.0
025;2025-04-30;route;5;1464;;0.0;0.0;0.0
025;2025-04-30;route;50;1464;0.8718982986387676;142817.0;1114872.0;88543.0
025;2025-04-30;route;7;1464;0.8689777425862372;176724.0;1348809.0;76876.0
025;2025-04-30;month;2025-05;7440;0.8972679677902368;615223.0;5988619.0;83171.0
025;2025-04-30;month;2025-06;7200;0.87413747093478;697565.0;5542277.0;340787.0
025;2025-04-30;daytype;weekday;10320;0.8965301810779509;959758.0;9275729.0;276160.0
025;2025-04-30;daytype;weekend;4320;0.8434572694616408;353030.0;2255167.0;147798.0
025;2025-04-30;horizon;1-14;3360;0.8742677076353641;293666.0;2335645.0;141214.0
025;2025-04-30;horizon;15-30;3840;0.9133030380986649;304317.0;3510123.0;-63375.0
025;2025-04-30;horizon;31-61;7440;0.8742675626652557;714805.0;5685128.0;346119.0
C0;2025-04-30;regime;stable;7920;0.8037717388563408;1167254.0;5948450.0;752260.0
C0;2025-04-30;regime;transition;6720;0.8516241805115535;828300.0;5582446.0;149850.0
C0;2025-04-30;route;1;1464;0.8160167252841187;178645.0;970985.0;87923.0
C0;2025-04-30;route;11;1464;0.8457543441058859;266346.0;1726765.0;111796.0
C0;2025-04-30;route;12;1464;0.8270470726857811;310886.0;1797518.0;124482.0
C0;2025-04-30;route;17;1464;0.8719689738164738;351945.0;2748904.0;72693.0
C0;2025-04-30;route;25;1464;0.795420407890784;79677.0;389467.0;13165.0
C0;2025-04-30;route;26;1464;0.7841033238383459;194258.0;899773.0;153154.0
C0;2025-04-30;route;28;1464;0.7753759345676214;119905.0;533803.0;58197.0
C0;2025-04-30;route;5;1464;;0.0;0.0;0.0
C0;2025-04-30;route;50;1464;0.7909051442676828;233114.0;1114872.0;159720.0
C0;2025-04-30;route;7;1464;0.8066605427454888;260778.0;1348809.0;120980.0
C0;2025-04-30;month;2025-05;7440;0.8231021208729425;1059374.0;5988619.0;360760.0
C0;2025-04-30;month;2025-06;7200;0.8310838667933775;936180.0;5542277.0;541350.0
C0;2025-04-30;daytype;weekday;10320;0.8252211766859511;1621201.0;9275729.0;786857.0
C0;2025-04-30;daytype;weekend;4320;0.8340020938582375;374353.0;2255167.0;115253.0
C0;2025-04-30;horizon;1-14;3360;0.7003512948243419;699873.0;2335645.0;530503.0
C0;2025-04-30;horizon;15-30;3840;0.9027036944289417;341522.0;3510123.0;-170432.0
C0;2025-04-30;horizon;31-61;7440;0.8321657841301022;954159.0;5685128.0;542039.0
C1;2025-04-30;regime;stable;7920;0.7928751187284082;1232072.0;5948450.0;950004.0
C1;2025-04-30;regime;transition;6720;0.8496266690264447;839451.0;5582446.0;390055.0
C1;2025-04-30;route;1;1464;0.8056859786711432;188676.0;970985.0;145058.0
C1;2025-04-30;route;11;1464;0.8375667794980788;280484.0;1726765.0;175246.0
C1;2025-04-30;route;12;1464;0.8305941859831167;304510.0;1797518.0;161736.0
C1;2025-04-30;route;17;1464;0.8720999351014077;351585.0;2748904.0;146505.0
C1;2025-04-30;route;25;1464;0.7601465592720308;93415.0;389467.0;63157.0
C1;2025-04-30;route;26;1464;0.8039750025839851;176378.0;899773.0;129286.0
C1;2025-04-30;route;28;1464;0.7659248824004361;124950.0;533803.0;75444.0
C1;2025-04-30;route;5;1464;;0.0;0.0;0.0
C1;2025-04-30;route;50;1464;0.7761267661220301;249590.0;1114872.0;205460.0
C1;2025-04-30;route;7;1464;0.7761469563147932;301935.0;1348809.0;238167.0
C1;2025-04-30;month;2025-05;7440;0.8183382512729562;1087903.0;5988619.0;658265.0
C1;2025-04-30;month;2025-06;7200;0.8225242080105343;983620.0;5542277.0;681794.0
C1;2025-04-30;daytype;weekday;10320;0.8186061710082302;1682560.0;9275729.0;1179060.0
C1;2025-04-30;daytype;weekend;4320;0.8275236379390085;388963.0;2255167.0;160999.0
C1;2025-04-30;horizon;1-14;3360;0.6777592485159345;752640.0;2335645.0;667392.0
C1;2025-04-30;horizon;15-30;3840;0.9097874917773536;316657.0;3510123.0;-12915.0
C1;2025-04-30;horizon;31-61;7440;0.8237109173267515;1002226.0;5685128.0;685582.0
031;2025-06-30;regime;movement;1656;0.8096842277635756;209197.0;1099210.0;-40591.0
031;2025-06-30;regime;stable;9936;0.8903741011691383;778655.0;7102838.0;306441.0
031;2025-06-30;regime;transition;3048;0.8990952203200027;237881.0;2357480.0;4183.0
031;2025-06-30;route;1;1464;0.9049640913722619;85525.0;899923.0;29113.0
031;2025-06-30;route;11;1464;0.8926142730775829;176514.0;1643738.0;38826.0
031;2025-06-30;route;12;1464;0.9082481916566891;157326.0;1714691.0;38342.0
031;2025-06-30;route;17;1464;0.9210530386577741;209246.0;2650463.0;-33480.0
031;2025-06-30;route;25;1464;0.8284881537236519;57080.0;332805.0;-4338.0
031;2025-06-30;route;26;1464;0.8654143699529756;106382.0;790441.0;77820.0
031;2025-06-30;route;28;1464;0.8207633855634382;81731.0;455995.0;54323.0
031;2025-06-30;route;5;1464;;0.0;0.0;0.0
031;2025-06-30;route;50;1464;0.814819119210702;224667.0;1213230.0;27861.0
031;2025-06-30;route;7;1464;0.8517178138566978;127262.0;858242.0;41566.0
031;2025-06-30;month;2025-07;7440;0.8794799878475501;650181.0;5394797.0;181915.0
031;2025-06-30;month;2025-08;7200;0.8885610886607647;575552.0;5164731.0;88118.0
031;2025-06-30;daytype;weekday;10560;0.8879434327868271;953437.0;8508533.0;385647.0
031;2025-06-30;daytype;weekend;4080;0.8672371214946891;272296.0;2050995.0;-115614.0
031;2025-06-30;horizon;1-14;3360;0.8890699018141334;275501.0;2483555.0;45675.0
031;2025-06-30;horizon;15-30;3840;0.8718362753058462;348678.0;2720567.0;118368.0
031;2025-06-30;horizon;31-61;7440;0.8876735022517434;601554.0;5355406.0;105990.0
030;2025-06-30;regime;movement;1656;0.8094158532036644;209492.0;1099210.0;-40592.0
030;2025-06-30;regime;stable;9936;0.8899704596951247;781522.0;7102838.0;306420.0
030;2025-06-30;regime;transition;3048;0.8989213058011096;238291.0;2357480.0;4185.0
030;2025-06-30;route;1;1464;0.9048418586923548;85635.0;899923.0;29113.0
030;2025-06-30;route;11;1464;0.8918921385281596;177701.0;1643738.0;38815.0
030;2025-06-30;route;12;1464;0.9075652697774701;158497.0;1714691.0;38353.0
030;2025-06-30;route;17;1464;0.9210688849457623;209204.0;2650463.0;-33492.0
030;2025-06-30;route;25;1464;0.8290199966947612;56903.0;332805.0;-4339.0
030;2025-06-30;route;26;1464;0.8646173465192215;107012.0;790441.0;77824.0
030;2025-06-30;route;28;1464;0.8209892652331714;81628.0;455995.0;54320.0
030;2025-06-30;route;5;1464;;0.0;0.0;0.0
030;2025-06-30;route;50;1464;0.8145347543334734;225012.0;1213230.0;27852.0
030;2025-06-30;route;7;1464;0.8511923210469774;127713.0;858242.0;41567.0
030;2025-06-30;month;2025-07;7440;0.878977651985793;652891.0;5394797.0;181887.0
030;2025-06-30;month;2025-08;7200;0.8883941874223459;576414.0;5164731.0;88126.0
030;2025-06-30;daytype;weekday;10560;0.8874988203019252;957220.0;8508533.0;385602.0
030;2025-06-30;daytype;weekend;4080;0.8673399983910248;272085.0;2050995.0;-115589.0
030;2025-06-30;horizon;1-14;3360;0.8883688905621177;277242.0;2483555.0;45664.0
030;2025-06-30;horizon;15-30;3840;0.8715179593077472;349544.0;2720567.0;118356.0
030;2025-06-30;horizon;31-61;7440;0.8874933104978409;602519.0;5355406.0;105993.0
029;2025-06-30;regime;movement;1656;0.8077710355619035;211300.0;1099210.0;-40586.0
029;2025-06-30;regime;stable;9936;0.888991695995319;788474.0;7102838.0;306394.0
029;2025-06-30;regime;transition;3048;0.898521726589409;239233.0;2357480.0;4199.0
029;2025-06-30;route;1;1464;0.9039495601290333;86438.0;899923.0;29086.0
029;2025-06-30;route;11;1464;0.8914498539304926;178428.0;1643738.0;38818.0
029;2025-06-30;route;12;1464;0.9067371322296554;159917.0;1714691.0;38347.0
029;2025-06-30;route;17;1464;0.9199894508997107;212065.0;2650463.0;-33503.0
029;2025-06-30;route;25;1464;0.8267994771713165;57642.0;332805.0;-4310.0
029;2025-06-30;route;26;1464;0.8643807697222183;107199.0;790441.0;77831.0
029;2025-06-30;route;28;1464;0.8202962751784559;81944.0;455995.0;54302.0
029;2025-06-30;route;5;1464;;0.0;0.0;0.0
029;2025-06-30;route;50;1464;0.8127181161032945;227216.0;1213230.0;27858.0
029;2025-06-30;route;7;1464;0.8506738192724197;128158.0;858242.0;41578.0
029;2025-06-30;month;2025-07;7440;0.8777624070006712;659447.0;5394797.0;181895.0
029;2025-06-30;month;2025-08;7200;0.8877850559883951;579560.0;5164731.0;88112.0
029;2025-06-30;daytype;weekday;10560;0.8863385732887209;967092.0;8508533.0;385628.0
029;2025-06-30;daytype;weekend;4080;0.8674228849899683;271915.0;2050995.0;-115621.0
029;2025-06-30;horizon;1-14;3360;0.8872140943123868;280110.0;2483555.0;45666.0
029;2025-06-30;horizon;15-30;3840;0.870216392391733;353085.0;2720567.0;118359.0
029;2025-06-30;horizon;31-61;7440;0.886878417808099;605812.0;5355406.0;105982.0
025;2025-06-30;regime;movement;1656;0.8072479326061444;211875.0;1099210.0;-26767.0
025;2025-06-30;regime;stable;9936;0.8884276960842976;792480.0;7102838.0;324542.0
025;2025-06-30;regime;transition;3048;0.8994655309907189;237008.0;2357480.0;19490.0
025;2025-06-30;route;1;1464;0.9015471323657691;88600.0;899923.0;39674.0
025;2025-06-30;route;11;1464;0.8915818701033863;178211.0;1643738.0;34525.0
025;2025-06-30;route;12;1464;0.9088646292539005;156269.0;1714691.0;22699.0
025;2025-06-30;route;17;1464;0.922238491916318;206104.0;2650463.0;-13620.0
025;2025-06-30;route;25;1464;0.8153002508976728;61469.0;332805.0;10623.0
025;2025-06-30;route;26;1464;0.866986909838938;105139.0;790441.0;71463.0
025;2025-06-30;route;28;1464;0.8077391199464906;87670.0;455995.0;64520.0
025;2025-06-30;route;5;1464;;0.0;0.0;0.0
025;2025-06-30;route;50;1464;0.8119523915498298;228145.0;1213230.0;23943.0
025;2025-06-30;route;7;1464;0.8488118735741201;129756.0;858242.0;63438.0
025;2025-06-30;month;2025-07;7440;0.8783357371927062;656354.0;5394797.0;190164.0
025;2025-06-30;month;2025-08;7200;0.8867300155613138;585009.0;5164731.0;127101.0
025;2025-06-30;daytype;weekday;10560;0.8859205223744211;970649.0;8508533.0;428989.0
025;2025-06-30;daytype;weekend;4080;0.8680084544330923;270714.0;2050995.0;-111724.0
025;2025-06-30;horizon;1-14;3360;0.888074554418968;277973.0;2483555.0;44135.0
025;2025-06-30;horizon;15-30;3840;0.8703505556010934;352720.0;2720567.0;128756.0
025;2025-06-30;horizon;31-61;7440;0.8859712970407846;610670.0;5355406.0;144374.0
C0;2025-06-30;regime;movement;1656;0.43325570182221773;622971.0;1099210.0;352981.0
C0;2025-06-30;regime;stable;9936;0.8117408844183128;1337174.0;7102838.0;1052014.0
C0;2025-06-30;regime;transition;3048;0.8401148684188201;376926.0;2357480.0;272834.0
C0;2025-06-30;route;1;1464;0.8261006775024086;156496.0;899923.0;140454.0
C0;2025-06-30;route;11;1464;0.8399629381324761;263059.0;1643738.0;170767.0
C0;2025-06-30;route;12;1464;0.8444337784475453;266748.0;1714691.0;183184.0
C0;2025-06-30;route;17;1464;0.8829891230324665;310133.0;2650463.0;167345.0
C0;2025-06-30;route;25;1464;0.7212211354997671;92779.0;332805.0;68293.0
C0;2025-06-30;route;26;1464;0.7096013491203013;229543.0;790441.0;220005.0
C0;2025-06-30;route;28;1464;0.709542867794603;132447.0;455995.0;121271.0
C0;2025-06-30;route;5;1464;;0.0;0.0;0.0
C0;2025-06-30;route;50;1464;0.7533864147770827;299199.0;1213230.0;22955.0
C0;2025-06-30;route;7;1464;0.3164317290461198;586667.0;858242.0;583555.0
C0;2025-06-30;month;2025-07;7440;0.7643394181467811;1271341.0;5394797.0;888961.0
C0;2025-06-30;month;2025-08;7200;0.7936523702783359;1065730.0;5164731.0;788868.0
C0;2025-06-30;daytype;weekday;10560;0.7761006509582792;1905055.0;8508533.0;1516551.0
C0;2025-06-30;daytype;weekend;4080;0.7893627239461822;432016.0;2050995.0;161278.0
C0;2025-06-30;horizon;1-14;3360;0.8118088788047778;467383.0;2483555.0;313207.0
C0;2025-06-30;horizon;15-30;3840;0.7220818307360194;756095.0;2720567.0;542661.0
C0;2025-06-30;horizon;31-61;7440;0.7920618903590129;1113593.0;5355406.0;821961.0
C1;2025-06-30;regime;movement;1656;0.49226080548757745;558112.0;1099210.0;149636.0
C1;2025-06-30;regime;stable;9936;0.8681552359775064;936472.0;7102838.0;278520.0
C1;2025-06-30;regime;transition;3048;0.8769872915146681;290000.0;2357480.0;71204.0
C1;2025-06-30;route;1;1464;0.857333349631024;128389.0;899923.0;-81379.0
C1;2025-06-30;route;11;1464;0.8649438049129484;221997.0;1643738.0;85137.0
C1;2025-06-30;route;12;1464;0.8829835812983213;200647.0;1714691.0;42699.0
C1;2025-06-30;route;17;1464;0.9045755401980711;252919.0;2650463.0;67593.0
C1;2025-06-30;route;25;1464;0.7969381469629362;67580.0;332805.0;23522.0
C1;2025-06-30;route;26;1464;0.8829564761949342;92516.0;790441.0;7118.0
C1;2025-06-30;route;28;1464;0.7464577462472176;115614.0;455995.0;101722.0
C1;2025-06-30;route;5;1464;;0.0;0.0;0.0
C1;2025-06-30;route;50;1464;0.7651088416870667;284977.0;1213230.0;-151083.0
C1;2025-06-30;route;7;1464;0.5106916231086337;419945.0;858242.0;404031.0
C1;2025-06-30;month;2025-07;7440;0.8164003205310598;990483.0;5394797.0;247697.0
C1;2025-06-30;month;2025-08;7200;0.8462454288519576;794101.0;5164731.0;251663.0
C1;2025-06-30;daytype;weekday;10560;0.8327949130596308;1422670.0;8508533.0;516136.0
C1;2025-06-30;daytype;weekend;4080;0.8235422319410822;361914.0;2050995.0;-16776.0
C1;2025-06-30;horizon;1-14;3360;0.8587049612350038;350914.0;2483555.0;42148.0
C1;2025-06-30;horizon;15-30;3840;0.7800307803483613;598441.0;2720567.0;193699.0
C1;2025-06-30;horizon;31-61;7440;0.8440400223624502;835229.0;5355406.0;263513.0
031;2025-07-31;regime;movement;1008;0.8001183942885883;89816.0;449346.0;-49736.0
031;2025-07-31;regime;stable;7200;0.8895330670114753;629979.0;5702874.0;-170275.0
031;2025-07-31;regime;transition;6432;0.8893371900867126;584539.0;5282163.0;-235331.0
031;2025-07-31;route;1;1464;0.8976402471854131;101902.0;995528.0;-57730.0
031;2025-07-31;route;11;1464;0.8927867471444647;190648.0;1778213.0;-75642.0
031;2025-07-31;route;12;1464;0.9093373906411699;166191.0;1833071.0;-83817.0
031;2025-07-31;route;17;1464;0.9033623964057873;273301.0;2828102.0;-151233.0
031;2025-07-31;route;25;1464;0.8149116695954166;71202.0;384692.0;-42094.0
031;2025-07-31;route;26;1464;0.8724531306801461;117888.0;924272.0;-70328.0
031;2025-07-31;route;28;1464;0.8369324178495618;82506.0;505962.0;-30848.0
031;2025-07-31;route;5;1464;;0.0;0.0;0.0
031;2025-07-31;route;50;1464;0.8496748486590433;160565.0;1068118.0;4619.0
031;2025-07-31;route;7;1464;0.8744823879794881;140131.0;1116425.0;51731.0
031;2025-07-31;month;2025-08;7440;0.8774960271762099;649010.0;5297869.0;-241320.0
031;2025-07-31;month;2025-09;7200;0.8932090760324184;655324.0;6136514.0;-214022.0
031;2025-07-31;daytype;weekday;10320;0.8957415195629599;960693.0;9214531.0;-203971.0
031;2025-07-31;daytype;weekend;4320;0.8451964365191914;343641.0;2219852.0;-251371.0
031;2025-07-31;horizon;1-14;3360;0.8853285545747617;268948.0;2345379.0;-75086.0
031;2025-07-31;horizon;15-30;3840;0.876689749985103;347655.0;2819352.0;-136941.0
031;2025-07-31;horizon;31-61;7440;0.890307946916352;687731.0;6269652.0;-243315.0
030;2025-07-31;regime;movement;1008;0.8000605324182256;89842.0;449346.0;-49740.0
030;2025-07-31;regime;stable;7200;0.8892093705735038;631825.0;5702874.0;-170315.0
030;2025-07-31;regime;transition;6432;0.8888682534030093;587016.0;5282163.0;-235334.0
030;2025-07-31;route;1;1464;0.8970285115034434;102511.0;995528.0;-57757.0
030;2025-07-31;route;11;1464;0.8916423398096853;192683.0;1778213.0;-75663.0
030;2025-07-31;route;12;1464;0.9086500195573439;167451.0;1833071.0;-83825.0
030;2025-07-31;route;17;1464;0.9035162098113859;272866.0;2828102.0;-151266.0
030;2025-07-31;route;25;1464;0.8134403626797542;71768.0;384692.0;-42078.0
030;2025-07-31;route;26;1464;0.8723600844772967;117974.0;924272.0;-70314.0
030;2025-07-31;route;28;1464;0.8360825516540769;82936.0;505962.0;-30850.0
030;2025-07-31;route;5;1464;;0.0;0.0;0.0
030;2025-07-31;route;50;1464;0.8499135863266043;160310.0;1068118.0;4620.0
030;2025-07-31;route;7;1464;0.874434915018922;140184.0;1116425.0;51744.0
030;2025-07-31;month;2025-08;7440;0.8770998301392503;651109.0;5297869.0;-241345.0
030;2025-07-31;month;2025-09;7200;0.8928424183502229;657574.0;6136514.0;-214044.0
030;2025-07-31;daytype;weekday;10320;0.8952919036248291;964836.0;9214531.0;-203978.0
030;2025-07-31;daytype;weekend;4320;0.8451036375398;343847.0;2219852.0;-251411.0
030;2025-07-31;horizon;1-14;3360;0.8849908692795493;269740.0;2345379.0;-75108.0
030;2025-07-31;horizon;15-30;3840;0.8762300698883999;348951.0;2819352.0;-136945.0
030;2025-07-31;horizon;31-61;7440;0.889947320840136;689992.0;6269652.0;-243336.0
029;2025-07-31;regime;movement;1008;0.7973744063594647;91049.0;449346.0;-49749.0
029;2025-07-31;regime;stable;7200;0.8918269981065687;616897.0;5702874.0;-170267.0
029;2025-07-31;regime;transition;6432;0.890309140403278;579405.0;5282163.0;-235375.0
029;2025-07-31;route;1;1464;0.8994674182946135;100083.0;995528.0;-57735.0
029;2025-07-31;route;11;1464;0.894017195915225;188460.0;1778213.0;-75654.0
029;2025-07-31;route;12;1464;0.9098125495411798;165320.0;1833071.0;-83802.0
029;2025-07-31;route;17;1464;0.906215546681131;265232.0;2828102.0;-151268.0
029;2025-07-31;route;25;1464;0.8149896540609111;71172.0;384692.0;-42090.0
029;2025-07-31;route;26;1464;0.8741788131632247;116293.0;924272.0;-70307.0
029;2025-07-31;route;28;1464;0.8372525999976282;82344.0;505962.0;-30868.0
029;2025-07-31;route;5;1464;;0.0;0.0;0.0
029;2025-07-31;route;50;1464;0.8502627986795467;159937.0;1068118.0;4633.0
029;2025-07-31;route;7;1464;0.8759343439998208;138510.0;1116425.0;51700.0
029;2025-07-31;month;2025-08;7440;0.8783699634702179;644380.0;5297869.0;-241348.0
029;2025-07-31;month;2025-09;7200;0.8952221081871564;642971.0;6136514.0;-214043.0
029;2025-07-31;daytype;weekday;10320;0.8972132168202592;947132.0;9214531.0;-203974.0
029;2025-07-31;daytype;weekend;4320;0.8467379807302469;340219.0;2219852.0;-251417.0
029;2025-07-31;horizon;1-14;3360;0.8860431512348323;267272.0;2345379.0;-75098.0
029;2025-07-31;horizon;15-30;3840;0.8777073597053507;344786.0;2819352.0;-136956.0
029;2025-07-31;horizon;31-61;7440;0.8922917890817544;675293.0;6269652.0;-243337.0
025;2025-07-31;regime;movement;1008;0.8053927263178041;87446.0;449346.0;-39360.0
025;2025-07-31;regime;stable;7200;0.8853767416218559;653682.0;5702874.0;-258392.0
025;2025-07-31;regime;transition;6432;0.8847758011254102;608633.0;5282163.0;-326055.0
025;2025-07-31;route;1;1464;0.889944833294493;109563.0;995528.0;-73867.0
025;2025-07-31;route;11;1464;0.8884318132867097;198392.0;1778213.0;-107072.0
025;2025-07-31;route;12;1464;0.9027909993666366;178191.0;1833071.0;-119085.0
025;2025-07-31;route;17;1464;0.9062876798644461;265028.0;2828102.0;-178032.0
025;2025-07-31;route;25;1464;0.8016777058010045;76293.0;384692.0;-52199.0
025;2025-07-31;route;26;1464;0.8519580816036838;136831.0;924272.0;-103187.0
025;2025-07-31;route;28;1464;0.831805550614473;85100.0;505962.0;-35734.0
025;2025-07-31;route;5;1464;;0.0;0.0;0.0
025;2025-07-31;route;50;1464;0.8448710722972556;165696.0;1068118.0;18422.0
025;2025-07-31;route;7;1464;0.8793765814989811;134667.0;1116425.0;26947.0
025;2025-07-31;month;2025-08;7440;0.8784316864007019;644053.0;5297869.0;-220059.0
025;2025-07-31;month;2025-09;7200;0.8849985512947579;705708.0;6136514.0;-403748.0
025;2025-07-31;daytype;weekday;10320;0.8919838676542517;995318.0;9214531.0;-344530.0
025;2025-07-31;daytype;weekend;4320;0.8403303463474141;354443.0;2219852.0;-279277.0
025;2025-07-31;horizon;1-14;3360;0.8850049395001831;269707.0;2345379.0;-57711.0
025;2025-07-31;horizon;15-30;3840;0.8787696605461113;341791.0;2819352.0;-131843.0
025;2025-07-31;horizon;31-61;7440;0.8822481694358794;738263.0;6269652.0;-434253.0
C0;2025-07-31;regime;movement;1008;0.31417660333017317;308172.0;449346.0;232376.0
C0;2025-07-31;regime;stable;7200;0.8622576967332611;785527.0;5702874.0;175421.0
C0;2025-07-31;regime;transition;6432;0.8806078116105088;630649.0;5282163.0;35639.0
C0;2025-07-31;route;1;1464;0.8783590215443463;121097.0;995528.0;11813.0
C0;2025-07-31;route;11;1464;0.8711790994667118;229071.0;1778213.0;-3727.0
C0;2025-07-31;route;12;1464;0.8873344240348573;206524.0;1833071.0;18684.0
C0;2025-07-31;route;17;1464;0.9118044540119132;249426.0;2828102.0;-63060.0
C0;2025-07-31;route;25;1464;0.8068610732742038;74299.0;384692.0;2807.0
C0;2025-07-31;route;26;1464;0.8404062873266744;147508.0;924272.0;44552.0
C0;2025-07-31;route;28;1464;0.8000363663674347;101174.0;505962.0;48738.0
C0;2025-07-31;route;5;1464;;0.0;0.0;0.0
C0;2025-07-31;route;50;1464;0.7314828511456599;286808.0;1068118.0;168422.0
C0;2025-07-31;route;7;1464;0.7237243881138455;308441.0;1116425.0;215207.0
C0;2025-07-31;month;2025-08;7440;0.8180474073632247;963961.0;5297869.0;650567.0
C0;2025-07-31;month;2025-09;7200;0.8760881177815287;760387.0;6136514.0;-207131.0
C0;2025-07-31;daytype;weekday;10320;0.8631391006227013;1261109.0;9214531.0;359423.0
C0;2025-07-31;daytype;weekend;4320;0.7913198717752354;463239.0;2219852.0;84013.0
C0;2025-07-31;horizon;1-14;3360;0.7729266783747957;532573.0;2345379.0;392807.0
C0;2025-07-31;horizon;15-30;3840;0.8555508499825492;407253.0;2819352.0;273283.0
C0;2025-07-31;horizon;31-61;7440;0.8748699289848942;784522.0;6269652.0;-222654.0
C1;2025-07-31;regime;movement;1008;0.6013139095485438;179148.0;449346.0;62750.0
C1;2025-07-31;regime;stable;7200;0.8401877719900528;911389.0;5702874.0;-447831.0
C1;2025-07-31;regime;transition;6432;0.8272821190864424;912324.0;5282163.0;-490464.0
C1;2025-07-31;route;1;1464;0.8906148295176027;108896.0;995528.0;-42462.0
C1;2025-07-31;route;11;1464;0.8675068734735377;235601.0;1778213.0;-125819.0
C1;2025-07-31;route;12;1464;0.8975277007819119;187839.0;1833071.0;-55903.0
C1;2025-07-31;route;17;1464;0.9118582003053638;249274.0;2828102.0;-180896.0
C1;2025-07-31;route;25;1464;0.7912017926029136;80323.0;384692.0;-57199.0
C1;2025-07-31;route;26;1464;0.8335089670573165;153883.0;924272.0;-122569.0
C1;2025-07-31;route;28;1464;0.7858376716037964;108358.0;505962.0;-79668.0
C1;2025-07-31;route;5;1464;;0.0;0.0;0.0
C1;2025-07-31;route;50;1464;0.6699943264695474;352485.0;1068118.0;300749.0
C1;2025-07-31;route;7;1464;0.5286723246075643;526202.0;1116425.0;-511778.0
C1;2025-07-31;month;2025-08;7440;0.8458617983947885;816604.0;5297869.0;-104416.0
C1;2025-07-31;month;2025-09;7200;0.8066887812852704;1186257.0;6136514.0;-771129.0
C1;2025-07-31;daytype;weekday;10320;0.8291940197498928;1573897.0;9214531.0;-813125.0
C1;2025-07-31;daytype;weekend;4320;0.8067600903123271;428964.0;2219852.0;-62420.0
C1;2025-07-31;horizon;1-14;3360;0.8631274518958343;321018.0;2345379.0;-8590.0
C1;2025-07-31;horizon;15-30;3840;0.8343076706987989;467145.0;2819352.0;-76415.0
C1;2025-07-31;horizon;31-61;7440;0.8062575083912153;1214698.0;6269652.0;-790540.0
031;2025-08-31;regime;movement;768;0.80760392598795;30560.0;158839.0;-8818.0
031;2025-08-31;regime;stable;10704;0.8983291884695509;993316.0;9769923.0;-10954.0
031;2025-08-31;regime;transition;3168;0.9091819589896595;254532.0;2802659.0;79576.0
031;2025-08-31;route;1;1464;0.9075551814886276;104785.0;1133487.0;-28861.0
031;2025-08-31;route;11;1464;0.9000755489100496;190461.0;1906050.0;59345.0
031;2025-08-31;route;12;1464;0.9071120466370342;183796.0;1978685.0;79738.0
031;2025-08-31;route;17;1464;0.9211958797694639;240867.0;3056528.0;57189.0
031;2025-08-31;route;25;1464;0.8415866735268095;73586.0;464519.0;-33456.0
031;2025-08-31;route;26;1464;0.8973552730569648;111741.0;1088619.0;-71467.0
031;2025-08-31;route;28;1464;0.8520626551900892;88892.0;600876.0;-21618.0
031;2025-08-31;route;5;1464;;0.0;0.0;0.0
031;2025-08-31;route;50;1464;0.8809760753801473;137662.0;1156591.0;-31480.0
031;2025-08-31;route;7;1464;0.8910766634028346;146618.0;1346066.0;50414.0
031;2025-08-31;month;2025-09;7200;0.9031552767581073;594289.0;6136514.0;177921.0
031;2025-08-31;month;2025-10;7440;0.8962655576492587;684119.0;6594907.0;-118117.0
031;2025-08-31;daytype;weekday;10800;0.9010180080006776;1062259.0;10731841.0;139977.0
031;2025-08-31;daytype;weekend;3840;0.8919027995879134;216149.0;1999580.0;-80173.0
031;2025-08-31;horizon;1-14;3360;0.9078612430006667;261880.0;2842235.0;78130.0
031;2025-08-31;horizon;15-30;3840;0.8990950675398167;332409.0;3294279.0;99791.0
031;2025-08-31;horizon;31-61;7440;0.8962655576492587;684119.0;6594907.0;-118117.0
030;2025-08-31;regime;movement;768;0.8075850389387996;30563.0;158839.0;-8815.0
030;2025-08-31;regime;stable;10704;0.8983891684714403;992730.0;9769923.0;-11026.0
030;2025-08-31;regime;transition;3168;0.9089989185270131;255045.0;2802659.0;79563.0
030;2025-08-31;route;1;1464;0.9073549145248248;105012.0;1133487.0;-28866.0
030;2025-08-31;route;11;1464;0.9001301120117521;190357.0;1906050.0;59347.0
030;2025-08-31;route;12;1464;0.9070508949125303;183917.0;1978685.0;79717.0
030;2025-08-31;route;17;1464;0.921226306449671;240774.0;3056528.0;57164.0
030;2025-08-31;route;25;1464;0.8418234776187842;73476.0;464519.0;-33452.0
030;2025-08-31;route;26;1464;0.8974535627248835;111634.0;1088619.0;-71498.0
030;2025-08-31;route;28;1464;0.8519794433460481;88942.0;600876.0;-21606.0
030;2025-08-31;route;5;1464;;0.0;0.0;0.0
030;2025-08-31;route;50;1464;0.880893937442017;137757.0;1156591.0;-31503.0
030;2025-08-31;route;7;1464;0.8911873563406252;146469.0;1346066.0;50419.0
030;2025-08-31;month;2025-09;7200;0.9031371883124523;594400.0;6136514.0;177892.0
030;2025-08-31;month;2025-10;7440;0.8962930030703996;683938.0;6594907.0;-118170.0
030;2025-08-31;daytype;weekday;10800;0.9010708414334503;1061692.0;10731841.0;139918.0
030;2025-08-31;daytype;weekend;3840;0.8916542473919523;216646.0;1999580.0;-80196.0
030;2025-08-31;horizon;1-14;3360;0.9076842695976933;262383.0;2842235.0;78121.0
030;2025-08-31;horizon;15-30;3840;0.8992140617112272;332017.0;3294279.0;99771.0
030;2025-08-31;horizon;31-61;7440;0.8962930030703996;683938.0;6594907.0;-118170.0
029;2025-08-31;regime;movement;768;0.8082712683912641;30454.0;158839.0;-8822.0
029;2025-08-31;regime;stable;10704;0.8993422977847421;983418.0;9769923.0;-10984.0
029;2025-08-31;regime;transition;3168;0.9100939500667045;251976.0;2802659.0;79558.0
029;2025-08-31;route;1;1464;0.9081806849130162;104076.0;1133487.0;-28864.0
029;2025-08-31;route;11;1464;0.9017502164161486;187269.0;1906050.0;59359.0
029;2025-08-31;route;12;1464;0.9075936796407715;182843.0;1978685.0;79713.0
029;2025-08-31;route;17;1464;0.9232681657095895;234533.0;3056528.0;57193.0
029;2025-08-31;route;25;1464;0.8421356284672963;73331.0;464519.0;-33447.0
029;2025-08-31;route;26;1464;0.896443108194878;112734.0;1088619.0;-71498.0
029;2025-08-31;route;28;1464;0.8527832697594845;88459.0;600876.0;-21621.0
029;2025-08-31;route;5;1464;;0.0;0.0;0.0
029;2025-08-31;route;50;1464;0.8823568573506105;136065.0;1156591.0;-31503.0
029;2025-08-31;route;7;1464;0.8911360958526551;146538.0;1346066.0;50420.0
029;2025-08-31;month;2025-09;7200;0.9042720345785897;587436.0;6136514.0;177898.0
029;2025-08-31;month;2025-10;7440;0.8971309223920823;678412.0;6594907.0;-118146.0
029;2025-08-31;daytype;weekday;10800;0.9022905762394355;1048602.0;10731841.0;139916.0
029;2025-08-31;daytype;weekend;3840;0.8913541843787195;217246.0;1999580.0;-80164.0
029;2025-08-31;horizon;1-14;3360;0.9087953670263015;259225.0;2842235.0;78119.0
029;2025-08-31;horizon;15-30;3840;0.900369397977524;328211.0;3294279.0;99779.0
029;2025-08-31;horizon;31-61;7440;0.8971309223920823;678412.0;6594907.0;-118146.0
025;2025-08-31;regime;movement;768;0.8120801566365943;29849.0;158839.0;-14963.0
025;2025-08-31;regime;stable;10704;0.8986185459189392;990489.0;9769923.0;-299287.0
025;2025-08-31;regime;transition;3168;0.9138357538323428;241489.0;2802659.0;-17929.0
025;2025-08-31;route;1;1464;0.8998418155655954;113528.0;1133487.0;-63240.0
025;2025-08-31;route;11;1464;0.9045004066000367;182027.0;1906050.0;2507.0
025;2025-08-31;route;12;1464;0.9152386559760649;167716.0;1978685.0;6886.0
025;2025-08-31;route;17;1464;0.9295946250124324;215196.0;3056528.0;-1996.0
025;2025-08-31;route;25;1464;0.8125566446151826;87071.0;464519.0;-68265.0
025;2025-08-31;route;26;1464;0.8859316252977396;124177.0;1088619.0;-94301.0
025;2025-08-31;route;28;1464;0.8467687176721985;92073.0;600876.0;-35893.0
025;2025-08-31;route;5;1464;;0.0;0.0;0.0
025;2025-08-31;route;50;1464;0.8781764686047185;140900.0;1156591.0;-71752.0
025;2025-08-31;route;7;1464;0.896632854555423;139139.0;1346066.0;-6125.0
025;2025-08-31;month;2025-09;7200;0.9079588183128076;564812.0;6136514.0;-34814.0
025;2025-08-31;month;2025-10;7440;0.8943101093010106;697015.0;6594907.0;-297365.0
025;2025-08-31;daytype;weekday;10800;0.9034217894208458;1036462.0;10731841.0;-213124.0
025;2025-08-31;daytype;weekend;3840;0.8872938317046579;225365.0;1999580.0;-119055.0
025;2025-08-31;horizon;1-14;3360;0.9125885086912237;248444.0;2842235.0;-20962.0
025;2025-08-31;horizon;15-30;3840;0.9039644183142957;316368.0;3294279.0;-13852.0
025;2025-08-31;horizon;31-61;7440;0.8943101093010106;697015.0;6594907.0;-297365.0
C0;2025-08-31;regime;movement;768;0.0;233083.0;158839.0;232337.0
C0;2025-08-31;regime;stable;10704;0.874406072596478;1227043.0;9769923.0;-866411.0
C0;2025-08-31;regime;transition;3168;0.8960462189656323;291347.0;2802659.0;-199979.0
C0;2025-08-31;route;1;1464;0.8712521625744274;145934.0;1133487.0;-119122.0
C0;2025-08-31;route;11;1464;0.8848844468927888;219416.0;1906050.0;-123756.0
C0;2025-08-31;route;12;1464;0.9016993609392097;194506.0;1978685.0;-112206.0
C0;2025-08-31;route;17;1464;0.8916407767244403;331203.0;3056528.0;-264069.0
C0;2025-08-31;route;25;1464;0.7972289615710014;94191.0;464519.0;-79105.0
C0;2025-08-31;route;26;1464;0.8669800912899738;144808.0;1088619.0;-127408.0
C0;2025-08-31;route;28;1464;0.8350558185049828;99111.0;600876.0;-50291.0
C0;2025-08-31;route;5;1464;;0.0;0.0;0.0
C0;2025-08-31;route;50;1464;0.7455928673143748;294245.0;1156591.0;85823.0
C0;2025-08-31;route;7;1464;0.8305736865800042;228059.0;1346066.0;-43919.0
C0;2025-08-31;month;2025-09;7200;0.8721873689198786;784324.0;6136514.0;-291266.0
C0;2025-08-31;month;2025-10;7440;0.8533491071216015;967149.0;6594907.0;-542787.0
C0;2025-08-31;daytype;weekday;10800;0.8820173537792817;1266171.0;10731841.0;-872593.0
C0;2025-08-31;daytype;weekend;3840;0.7572980325868433;485302.0;1999580.0;38540.0
C0;2025-08-31;horizon;1-14;3360;0.876991522516611;349619.0;2842235.0;-141761.0
C0;2025-08-31;horizon;15-30;3840;0.8680424457066326;434705.0;3294279.0;-149505.0
C0;2025-08-31;horizon;31-61;7440;0.8533491071216015;967149.0;6594907.0;-542787.0
C1;2025-08-31;regime;movement;768;0.0;195062.0;158839.0;192850.0
C1;2025-08-31;regime;stable;10704;0.8798629221540436;1173730.0;9769923.0;-712654.0
C1;2025-08-31;regime;transition;3168;0.8869327306675554;316889.0;2802659.0;-217599.0
C1;2025-08-31;route;1;1464;0.8904363261334272;124189.0;1133487.0;-83359.0
C1;2025-08-31;route;11;1464;0.875836940269143;236661.0;1906050.0;-153893.0
C1;2025-08-31;route;12;1464;0.9127132413698997;172713.0;1978685.0;-43575.0
C1;2025-08-31;route;17;1464;0.9265441049452189;224520.0;3056528.0;-57840.0
C1;2025-08-31;route;25;1464;0.8169934921929997;85010.0;464519.0;-67732.0
C1;2025-08-31;route;26;1464;0.8783541349177261;132426.0;1088619.0;-101148.0
C1;2025-08-31;route;28;1464;0.8549284710988623;87170.0;600876.0;-25172.0
C1;2025-08-31;route;5;1464;;0.0;0.0;0.0
C1;2025-08-31;route;50;1464;0.6804324086907126;369609.0;1156591.0;-87139.0
C1;2025-08-31;route;7;1464;0.8117603445893441;253383.0;1346066.0;-117545.0
C1;2025-08-31;month;2025-09;7200;0.868129527611279;809225.0;6136514.0;-353983.0
C1;2025-08-31;month;2025-10;7440;0.8671010826991192;876456.0;6594907.0;-383420.0
C1;2025-08-31;daytype;weekday;10800;0.8791166399129469;1297301.0;10731841.0;-855959.0
C1;2025-08-31;daytype;weekend;3840;0.8057692115344223;388380.0;1999580.0;118556.0
C1;2025-08-31;horizon;1-14;3360;0.8717935005374292;364393.0;2842235.0;-170601.0
C1;2025-08-31;horizon;15-30;3840;0.8649683284263415;444832.0;3294279.0;-183382.0
C1;2025-08-31;horizon;31-61;7440;0.8671010826991192;876456.0;6594907.0;-383420.0
