experiment;cutoff;group;without_score;with_score;delta
movement_notice;2025-04-30;all;0.8374245158398792;0.8374245158398792;0.0
movement_notice;2025-04-30;movement;;;
movement_notice;2025-04-30;transition;0.8626181068298735;0.8626181068298735;0.0
movement_notice;2025-04-30;stable;0.8137810690179794;0.8137810690179794;0.0
school_proxy;2025-04-30;all;0.8843684827267543;0.8843676154914588;-8.672352954652851e-07
school_proxy;2025-04-30;movement;;;
school_proxy;2025-04-30;transition;0.8939097664357165;0.8938734024476009;-3.6363988115573065e-05
school_proxy;2025-04-30;stable;0.8754142675823113;0.8754467130092713;3.2445426960014956e-05
movement_notice;2025-06-30;all;0.8300022501005727;0.8300022501005727;0.0
movement_notice;2025-06-30;movement;0.47532864511785733;0.47532864511785733;0.0
movement_notice;2025-06-30;transition;0.885094253185605;0.885094253185605;0.0
movement_notice;2025-06-30;stable;0.866604869771773;0.866604869771773;0.0
school_proxy;2025-06-30;all;0.8825076272348537;0.8826645471274852;0.00015691989263155737
school_proxy;2025-06-30;movement;0.8081431209686957;0.8077710355619035;-0.000372085406792122
school_proxy;2025-06-30;transition;0.8980122843035784;0.898521726589409;0.000509442285830608
school_proxy;2025-06-30;stable;0.8888699136880216;0.888991695995319;0.00012178230729742445
movement_notice;2025-07-31;all;0.832801997274361;0.8790697320528794;0.04626773477851842
movement_notice;2025-07-31;movement;0.5590391368789307;0.5991463148664948;0.040107177987564135
movement_notice;2025-07-31;transition;0.8357193823818008;0.8896313877477844;0.05391200536598362
movement_notice;2025-07-31;stable;0.8516704033790682;0.8913432069514424;0.03967280357237424
school_proxy;2025-07-31;all;0.8873646264953693;0.8874140388685599;4.9412373190560466e-05
school_proxy;2025-07-31;movement;0.7979507996065393;0.7973744063594647;-0.0005763932470745914
school_proxy;2025-07-31;transition;0.8902105065671014;0.890309140403278;9.863383617658705e-05
school_proxy;2025-07-31;stable;0.8917738670010945;0.8918269981065687;5.3131105474224505e-05
movement_notice;2025-08-31;all;0.8609280142413012;0.8786199121056479;0.017691897864346773
movement_notice;2025-08-31;movement;0.0;0.4240898016230271;0.4240898016230271
movement_notice;2025-08-31;transition;0.8873266423064669;0.8941373174546029;0.006810675148136047
movement_notice;2025-08-31;stable;0.8756141680952859;0.8815582272245135;0.005944059129227575
school_proxy;2025-08-31;all;0.9001155487671015;0.9005729211216879;0.0004573723545863162
school_proxy;2025-08-31;movement;0.8096626143453434;0.8082712683912641;-0.0013913459540793038
school_proxy;2025-08-31;transition;0.9098991350713733;0.9100939500667045;0.00019481499533113844
school_proxy;2025-08-31;stable;0.8987795502584821;0.8993422977847421;0.0005627475262599546
