method;cutoff
031;2025-05-31
030;2025-05-31
029;2025-05-31
025;2025-05-31
C0;2025-05-31
C1;2025-05-31
031;2025-08-14
030;2025-08-14
029;2025-08-14
025;2025-08-14
C0;2025-08-14
C1;2025-08-14
031;2025-05-29
030;2025-05-29
029;2025-05-29
025;2025-05-29
C0;2025-05-29
C1;2025-05-29
031;2025-06-02
030;2025-06-02
029;2025-06-02
025;2025-06-02
C0;2025-06-02
C1;2025-06-02
031;2025-08-12
030;2025-08-12
029;2025-08-12
025;2025-08-12
C0;2025-08-12
C1;2025-08-12
031;2025-08-16
030;2025-08-16
029;2025-08-16
025;2025-08-16
C0;2025-08-16
C1;2025-08-16
