method;cutoff;scenario;rows;wape_score;absolute_error;actual_total;bias
031;2025-04-30;clean;14640;0.8848352287627952;1327953.0;11530896.0;418341.0
031;2025-04-30;raw_labels;14640;0.8833710860280299;1347753.0;11555908.0;393329.0
031;2025-04-30;observed_only;14529;0.8848727800510906;1327520.0;11530896.0;417908.0
031;2025-04-30;past_median_missing;14640;0.8848388823291908;1328003.0;11531696.0;417541.0
030;2025-04-30;clean;14640;0.8845925763271129;1330751.0;11530896.0;418347.0
030;2025-04-30;raw_labels;14640;0.883140035382767;1350423.0;11555908.0;393335.0
030;2025-04-30;observed_only;14529;0.8846294338271719;1330326.0;11530896.0;417922.0
030;2025-04-30;past_median_missing;14640;0.8845957264222019;1330807.0;11531696.0;417547.0
029;2025-04-30;clean;14640;0.8843676154914588;1333345.0;11530896.0;418367.0
029;2025-04-30;raw_labels;14640;0.8828830239908452;1353393.0;11555908.0;393355.0
029;2025-04-30;observed_only;14529;0.8844046464385769;1332918.0;11530896.0;417940.0
029;2025-04-30;past_median_missing;14640;0.884372949130813;1333376.0;11531696.0;417567.0
025;2025-04-30;clean;14640;0.8861503910884289;1312788.0;11530896.0;423958.0
025;2025-04-30;raw_labels;14640;0.8846764789058549;1332668.0;11555908.0;398946.0
025;2025-04-30;observed_only;14529;0.8861869016943696;1312367.0;11530896.0;423537.0
025;2025-04-30;past_median_missing;14640;0.8861551674619241;1312824.0;11531696.0;423158.0
C0;2025-04-30;clean;14640;0.826938513711337;1995554.0;11530896.0;902110.0
C0;2025-04-30;raw_labels;14640;0.825608857391388;2015248.0;11555908.0;877098.0
C0;2025-04-30;observed_only;14529;0.8269751110408072;1995132.0;11530896.0;901688.0
C0;2025-04-30;past_median_missing;14640;0.8269431486920917;1995639.0;11531696.0;901310.0
C1;2025-04-30;clean;14640;0.8203502138949132;2071523.0;11530896.0;1340059.0
C1;2025-04-30;raw_labels;14640;0.8191428142210894;2089969.0;11555908.0;1315047.0
C1;2025-04-30;observed_only;14529;0.8203881988008564;2071085.0;11530896.0;1339621.0
C1;2025-04-30;past_median_missing;14640;0.8203565199776338;2071594.0;11531696.0;1339259.0
031;2025-06-30;clean;14640;0.8839216108901837;1225733.0;10559528.0;270033.0
031;2025-06-30;raw_labels;14640;0.8821451519931914;1247406.0;10584257.0;245304.0
031;2025-06-30;observed_only;14529;0.8839579761519644;1225349.0;10559528.0;269649.0
031;2025-06-30;past_median_missing;14640;0.8839255331877224;1225784.5;10560328.5;269232.5
030;2025-06-30;clean;14640;0.8835833381946617;1229305.0;10559528.0;270013.0
030;2025-06-30;raw_labels;14640;0.8817965210028441;1251096.0;10584257.0;245284.0
030;2025-06-30;observed_only;14529;0.8836202716636576;1228915.0;10559528.0;269623.0
030;2025-06-30;past_median_missing;14640;0.8835880436863304;1229348.5;10560328.5;269212.5
029;2025-06-30;clean;14640;0.8826645471274852;1239007.0;10559528.0;270007.0
029;2025-06-30;raw_labels;14640;0.8808662714822589;1260942.0;10584257.0;245278.0
029;2025-06-30;observed_only;14529;0.8826936203966692;1238700.0;10559528.0;269700.0
029;2025-06-30;past_median_missing;14640;0.8826544553041129;1239207.5;10560328.5;269206.5
025;2025-06-30;clean;14640;0.8824414310942686;1241363.0;10559528.0;317265.0
025;2025-06-30;raw_labels;14640;0.8806431098564594;1263304.0;10584257.0;292536.0
025;2025-06-30;observed_only;14529;0.8824716407778832;1241044.0;10559528.0;316946.0
025;2025-06-30;past_median_missing;14640;0.8824336288402392;1241539.5;10560328.5;316464.5
C0;2025-06-30;clean;14640;0.7786765658465038;2337071.0;10559528.0;1677829.0
C0;2025-06-30;raw_labels;14640;0.7775091817970784;2354900.0;10584257.0;1653100.0
C0;2025-06-30;observed_only;14529;0.7787110370842333;2336707.0;10559528.0;1677465.0
C0;2025-06-30;past_median_missing;14640;0.7786825949590488;2337184.5;10560328.5;1677028.5
C1;2025-06-30;clean;14640;0.8309977491418177;1784584.0;10559528.0;499360.0
C1;2025-06-30;raw_labels;14640;0.8293997396321726;1805677.0;10584257.0;474631.0
C1;2025-06-30;observed_only;14529;0.8310294740446732;1784249.0;10559528.0;499025.0
C1;2025-06-30;past_median_missing;14640;0.8309958350253972;1784739.5;10560328.5;498559.5
031;2025-07-31;clean;14640;0.8859287816404261;1304334.0;11434383.0;-455342.0
031;2025-07-31;raw_labels;14640;0.8849658015141122;1318024.0;11457671.0;-478630.0
031;2025-07-31;observed_only;14433;0.885980730223922;1303740.0;11434383.0;-455936.0
031;2025-07-31;past_median_missing;14640;0.8826670791726073;1346725.5;11477814.5;-498773.5
030;2025-07-31;clean;14640;0.8855484375501503;1308683.0;11434383.0;-455389.0
030;2025-07-31;raw_labels;14640;0.8845483519294628;1322807.0;11457671.0;-478677.0
030;2025-07-31;observed_only;14433;0.8856047589100348;1308039.0;11434383.0;-456033.0
030;2025-07-31;past_median_missing;14640;0.8822935760113565;1351012.5;11477814.5;-498820.5
029;2025-07-31;clean;14640;0.8874140388685599;1287351.0;11434383.0;-455391.0
029;2025-07-31;raw_labels;14640;0.8863035079293166;1302697.0;11457671.0;-478679.0
029;2025-07-31;observed_only;14433;0.8874568046216398;1286862.0;11434383.0;-455880.0
029;2025-07-31;past_median_missing;14640;0.8841341703161346;1329886.5;11477814.5;-498822.5
025;2025-07-31;clean;14640;0.8819559393803759;1349761.0;11434383.0;-623807.0
025;2025-07-31;raw_labels;14640;0.8807589256141147;1366225.0;11457671.0;-647095.0
025;2025-07-31;observed_only;14433;0.8819978305781782;1349282.0;11434383.0;-624286.0
025;2025-07-31;past_median_missing;14640;0.8786955042704341;1392310.5;11477814.5;-667238.5
C0;2025-07-31;clean;14640;0.8491962355992448;1724348.0;11434383.0;443436.0
C0;2025-07-31;raw_labels;14640;0.8480682505196737;1740784.0;11457671.0;420148.0
C0;2025-07-31;observed_only;14433;0.8530650057812477;1680111.0;11434383.0;399199.0
C0;2025-07-31;past_median_missing;14640;0.8534478406146048;1682098.5;11477814.5;400004.5
C1;2025-07-31;clean;14640;0.8248387341931787;2002861.0;11434383.0;-875545.0
C1;2025-07-31;raw_labels;14640;0.823419000248829;2023207.0;11457671.0;-898833.0
C1;2025-07-31;observed_only;14433;0.8294963532356753;1949604.0;11434383.0;-928802.0
C1;2025-07-31;past_median_missing;14640;0.8291963596379781;1960452.5;11477814.5;-918976.5
031;2025-08-31;clean;14640;0.8995863855260148;1278408.0;12731421.0;59804.0
031;2025-08-31;raw_labels;14640;0.8989691544485424;1288596.0;12754481.0;36744.0
031;2025-08-31;observed_only;14368;0.8996284075438241;1277873.0;12731421.0;59269.0
031;2025-08-31;past_median_missing;14640;0.8946871632175641;1348238.0;12802219.0;-10994.0
030;2025-08-31;clean;14640;0.8995918837339524;1278338.0;12731421.0;59722.0
030;2025-08-31;raw_labels;14640;0.8989718201783358;1288562.0;12754481.0;36662.0
030;2025-08-31;observed_only;14368;0.8996350839391769;1277788.0;12731421.0;59172.0
030;2025-08-31;past_median_missing;14640;0.894694037025925;1348150.0;12802219.0;-11076.0
029;2025-08-31;clean;14640;0.9005729211216879;1265848.0;12731421.0;59752.0
029;2025-08-31;raw_labels;14640;0.8999390096704052;1276226.0;12754481.0;36692.0
029;2025-08-31;observed_only;14368;0.9006140791353927;1265324.0;12731421.0;59228.0
029;2025-08-31;past_median_missing;14640;0.8956674620235757;1335688.0;12802219.0;-11046.0
025;2025-08-31;clean;14640;0.9008887538947931;1261827.0;12731421.0;-332179.0
025;2025-08-31;raw_labels;14640;0.9000962093243935;1274221.0;12754481.0;-355239.0
025;2025-08-31;observed_only;14368;0.9009283409919443;1261323.0;12731421.0;-332683.0
025;2025-08-31;past_median_missing;14640;0.8959796735237853;1331691.0;12802219.0;-402977.0
C0;2025-08-31;clean;14640;0.8624291035541123;1751473.0;12731421.0;-834053.0
C0;2025-08-31;raw_labels;14640;0.8614823292300173;1766721.0;12754481.0;-857113.0
C0;2025-08-31;observed_only;14368;0.8681993942388677;1678009.0;12731421.0;-907517.0
C0;2025-08-31;past_median_missing;14640;0.868623478476661;1681911.0;12802219.0;-904851.0
C1;2025-08-31;clean;14640;0.8675967906488993;1685681.0;12731421.0;-737403.0
C1;2025-08-31;raw_labels;14640;0.8667150000066643;1699981.0;12754481.0;-760463.0
C1;2025-08-31;observed_only;14368;0.8725854718024013;1622168.0;12731421.0;-800916.0
C1;2025-08-31;past_median_missing;14640;0.872693241695053;1629809.0;12802219.0;-808201.0
