cutoff;end;weeks;statistic;method;source_start;source_end;dimension;value;wape_score;absolute_error;actual_total;bias
2025-06-30;2025-08-31;1;mean;repeat_week;2025-06-23;2025-06-29;route;1;0.8581712282724575;128912.0;908927.0;65788.0
2025-06-30;2025-08-31;1;mean;repeat_week;2025-06-23;2025-06-29;route;5;;0.0;0.0;0.0
2025-06-30;2025-08-31;1;mean;repeat_week;2025-06-23;2025-06-29;route;7;0.4354004573500384;490838.0;869356.0;471190.0
2025-06-30;2025-08-31;1;mean;repeat_week;2025-06-23;2025-06-29;route;11;0.840762763945036;265330.0;1666256.0;118628.0
2025-06-30;2025-08-31;1;mean;repeat_week;2025-06-23;2025-06-29;route;12;0.8670874296063371;230659.0;1735419.0;126575.0
2025-06-30;2025-08-31;1;mean;repeat_week;2025-06-23;2025-06-29;route;17;0.8658990009138051;360565.0;2688757.0;78967.0
2025-06-30;2025-08-31;1;mean;repeat_week;2025-06-23;2025-06-29;route;25;0.7558367539792694;82681.0;338630.0;27717.0
2025-06-30;2025-08-31;1;mean;repeat_week;2025-06-23;2025-06-29;route;26;0.8382816354314334;129479.0;800645.0;97305.0
2025-06-30;2025-08-31;1;mean;repeat_week;2025-06-23;2025-06-29;route;28;0.7774326697323205;103044.0;462979.0;67718.0
2025-06-30;2025-08-31;1;mean;repeat_week;2025-06-23;2025-06-29;route;50;0.7721308966134811;278387.0;1221697.0;-81637.0
2025-06-30;2025-08-31;1;mean;repeat_week;2025-06-23;2025-06-29;hour;0;0.6490278041674584;11083.0;31578.0;3515.0
2025-06-30;2025-08-31;1;mean;repeat_week;2025-06-23;2025-06-29;hour;1;;0.0;0.0;0.0
2025-06-30;2025-08-31;1;mean;repeat_week;2025-06-23;2025-06-29;hour;2;;0.0;0.0;0.0
2025-06-30;2025-08-31;1;mean;repeat_week;2025-06-23;2025-06-29;hour;3;;0.0;0.0;0.0
2025-06-30;2025-08-31;1;mean;repeat_week;2025-06-23;2025-06-29;hour;4;;0.0;0.0;0.0
2025-06-30;2025-08-31;1;mean;repeat_week;2025-06-23;2025-06-29;hour;5;0.7828802889073252;13347.0;61473.0;1109.0
2025-06-30;2025-08-31;1;mean;repeat_week;2025-06-23;2025-06-29;hour;6;0.8393270494177965;54905.0;341719.0;-5613.0
2025-06-30;2025-08-31;1;mean;repeat_week;2025-06-23;2025-06-29;hour;7;0.8523784303462458;95046.0;643849.0;40606.0
2025-06-30;2025-08-31;1;mean;repeat_week;2025-06-23;2025-06-29;hour;8;0.8269336711567741;148908.0;860410.0;91090.0
2025-06-30;2025-08-31;1;mean;repeat_week;2025-06-23;2025-06-29;hour;9;0.808908684072744;134676.0;704773.0;87758.0
2025-06-30;2025-08-31;1;mean;repeat_week;2025-06-23;2025-06-29;hour;10;0.8030717995874443;118857.0;603555.0;82359.0
2025-06-30;2025-08-31;1;mean;repeat_week;2025-06-23;2025-06-29;hour;11;0.7959294020266211;122284.0;599224.0;86268.0
2025-06-30;2025-08-31;1;mean;repeat_week;2025-06-23;2025-06-29;hour;12;0.7785111041601501;134539.0;607430.0;91813.0
2025-06-30;2025-08-31;1;mean;repeat_week;2025-06-23;2025-06-29;hour;13;0.7714243588378398;139526.0;610415.0;101176.0
2025-06-30;2025-08-31;1;mean;repeat_week;2025-06-23;2025-06-29;hour;14;0.7720019415708521;135279.0;593334.0;88613.0
2025-06-30;2025-08-31;1;mean;repeat_week;2025-06-23;2025-06-29;hour;15;0.7904695277382416;130285.0;621795.0;72327.0
2025-06-30;2025-08-31;1;mean;repeat_week;2025-06-23;2025-06-29;hour;16;0.813697235122568;130256.0;699163.0;70056.0
2025-06-30;2025-08-31;1;mean;repeat_week;2025-06-23;2025-06-29;hour;17;0.8277870571599396;145170.0;842968.0;70466.0
2025-06-30;2025-08-31;1;mean;repeat_week;2025-06-23;2025-06-29;hour;18;0.8152356482271513;172154.0;931749.0;74994.0
2025-06-30;2025-08-31;1;mean;repeat_week;2025-06-23;2025-06-29;hour;19;0.8211961520129429;133174.0;744805.0;4928.0
2025-06-30;2025-08-31;1;mean;repeat_week;2025-06-23;2025-06-29;hour;20;0.8112010056249347;101231.0;536184.0;6435.0
2025-06-30;2025-08-31;1;mean;repeat_week;2025-06-23;2025-06-29;hour;21;0.7942176299283155;73489.0;357120.0;785.0
2025-06-30;2025-08-31;1;mean;repeat_week;2025-06-23;2025-06-29;hour;22;0.7715935131323814;46647.0;204228.0;1799.0
2025-06-30;2025-08-31;1;mean;repeat_week;2025-06-23;2025-06-29;hour;23;0.7003013602493446;29039.0;96894.0;1767.0
2025-06-30;2025-08-31;1;mean;repeat_week;2025-06-23;2025-06-29;month;2025-07;0.7951027629028489;1105379.0;5394797.0;547379.0
2025-06-30;2025-08-31;1;mean;repeat_week;2025-06-23;2025-06-29;month;2025-08;0.8179426482610272;964516.0;5297869.0;424872.0
2025-06-30;2025-08-31;0;mean;mean_all;2025-01-01;2025-06-30;route;1;0.8263534915345236;157832.0;908927.0;140272.0
2025-06-30;2025-08-31;0;mean;mean_all;2025-01-01;2025-06-30;route;5;;0.0;0.0;0.0
2025-06-30;2025-08-31;0;mean;mean_all;2025-01-01;2025-06-30;route;7;0.32164613806081743;589731.0;869356.0;586551.0
2025-06-30;2025-08-31;0;mean;mean_all;2025-01-01;2025-06-30;route;11;0.8399303588404183;266717.0;1666256.0;167129.0
2025-06-30;2025-08-31;0;mean;mean_all;2025-01-01;2025-06-30;route;12;0.8444969197640455;269863.0;1735419.0;180217.0
2025-06-30;2025-08-31;0;mean;mean_all;2025-01-01;2025-06-30;route;17;0.8815549341201158;318470.0;2688757.0;159008.0
2025-06-30;2025-08-31;0;mean;mean_all;2025-01-01;2025-06-30;route;25;0.7219354457667662;94161.0;338630.0;66951.0
2025-06-30;2025-08-31;0;mean;mean_all;2025-01-01;2025-06-30;route;26;0.7119360015987111;230637.0;800645.0;219385.0
2025-06-30;2025-08-31;0;mean;mean_all;2025-01-01;2025-06-30;route;28;0.7108400165018284;133875.0;462979.0;119957.0
2025-06-30;2025-08-31;0;mean;mean_all;2025-01-01;2025-06-30;route;50;0.7542704942387515;300207.0;1221697.0;23597.0
2025-06-30;2025-08-31;0;mean;mean_all;2025-01-01;2025-06-30;hour;0;0.7076762302869086;9231.0;31578.0;-2131.0
2025-06-30;2025-08-31;0;mean;mean_all;2025-01-01;2025-06-30;hour;1;;0.0;0.0;0.0
2025-06-30;2025-08-31;0;mean;mean_all;2025-01-01;2025-06-30;hour;2;;0.0;0.0;0.0
2025-06-30;2025-08-31;0;mean;mean_all;2025-01-01;2025-06-30;hour;3;;0.0;0.0;0.0
2025-06-30;2025-08-31;0;mean;mean_all;2025-01-01;2025-06-30;hour;4;;0.0;0.0;0.0
2025-06-30;2025-08-31;0;mean;mean_all;2025-01-01;2025-06-30;hour;5;0.8126169212499796;11519.0;61473.0;-3133.0
2025-06-30;2025-08-31;0;mean;mean_all;2025-01-01;2025-06-30;hour;6;0.8445711242278012;53113.0;341719.0;-4499.0
2025-06-30;2025-08-31;0;mean;mean_all;2025-01-01;2025-06-30;hour;7;0.8176264931684293;117421.0;643849.0;74299.0
2025-06-30;2025-08-31;0;mean;mean_all;2025-01-01;2025-06-30;hour;8;0.7767773503329808;192063.0;860410.0;159401.0
2025-06-30;2025-08-31;0;mean;mean_all;2025-01-01;2025-06-30;hour;9;0.8134193563033771;131497.0;704773.0;109321.0
2025-06-30;2025-08-31;0;mean;mean_all;2025-01-01;2025-06-30;hour;10;0.8119044660387206;113526.0;603555.0;95650.0
2025-06-30;2025-08-31;0;mean;mean_all;2025-01-01;2025-06-30;hour;11;0.7773837496495467;133397.0;599224.0;116201.0
2025-06-30;2025-08-31;0;mean;mean_all;2025-01-01;2025-06-30;hour;12;0.7490887838927942;152411.0;607430.0;136851.0
2025-06-30;2025-08-31;0;mean;mean_all;2025-01-01;2025-06-30;hour;13;0.7129755985681872;175204.0;610415.0;161842.0
2025-06-30;2025-08-31;0;mean;mean_all;2025-01-01;2025-06-30;hour;14;0.6841846245116578;187384.0;593334.0;175012.0
2025-06-30;2025-08-31;0;mean;mean_all;2025-01-01;2025-06-30;hour;15;0.6696306660555328;205422.0;621795.0;191180.0
2025-06-30;2025-08-31;0;mean;mean_all;2025-01-01;2025-06-30;hour;16;0.7115379389355558;201682.0;699163.0;186396.0
2025-06-30;2025-08-31;0;mean;mean_all;2025-01-01;2025-06-30;hour;17;0.7791090527754316;186204.0;842968.0;160066.0
2025-06-30;2025-08-31;0;mean;mean_all;2025-01-01;2025-06-30;hour;18;0.8319418641715741;156588.0;931749.0;95498.0
2025-06-30;2025-08-31;0;mean;mean_all;2025-01-01;2025-06-30;hour;19;0.8410886070850759;118358.0;744805.0;31066.0
2025-06-30;2025-08-31;0;mean;mean_all;2025-01-01;2025-06-30;hour;20;0.835483714545753;88211.0;536184.0;-723.0
2025-06-30;2025-08-31;0;mean;mean_all;2025-01-01;2025-06-30;hour;21;0.8245659722222223;62651.0;357120.0;-6699.0
2025-06-30;2025-08-31;0;mean;mean_all;2025-01-01;2025-06-30;hour;22;0.7955422371075465;41756.0;204228.0;-8046.0
2025-06-30;2025-08-31;0;mean;mean_all;2025-01-01;2025-06-30;hour;23;0.7538031250645034;23855.0;96894.0;-4485.0
2025-06-30;2025-08-31;0;mean;mean_all;2025-01-01;2025-06-30;month;2025-07;0.7643394181467811;1271341.0;5394797.0;888961.0
2025-06-30;2025-08-31;0;mean;mean_all;2025-01-01;2025-06-30;month;2025-08;0.7942282076057373;1090152.0;5297869.0;774106.0
2025-08-31;2025-10-31;1;mean;repeat_week;2025-08-25;2025-08-31;route;1;0.8354908349191477;186469.0;1133487.0;-140311.0
2025-08-31;2025-10-31;1;mean;repeat_week;2025-08-25;2025-08-31;route;5;;0.0;0.0;0.0
2025-08-31;2025-10-31;1;mean;repeat_week;2025-08-25;2025-08-31;route;7;0.7809416477349551;294867.0;1346066.0;-172587.0
2025-08-31;2025-10-31;1;mean;repeat_week;2025-08-25;2025-08-31;route;11;0.8363846698670024;311859.0;1906050.0;-163609.0
2025-08-31;2025-10-31;1;mean;repeat_week;2025-08-25;2025-08-31;route;12;0.8797989573883666;237840.0;1978685.0;-85436.0
2025-08-31;2025-10-31;1;mean;repeat_week;2025-08-25;2025-08-31;route;17;0.8950910968262028;320657.0;3056528.0;-101341.0
2025-08-31;2025-10-31;1;mean;repeat_week;2025-08-25;2025-08-31;route;25;0.7501845995535167;116044.0;464519.0;-82146.0
2025-08-31;2025-10-31;1;mean;repeat_week;2025-08-25;2025-08-31;route;26;0.7875252958105636;231304.0;1088619.0;-198456.0
2025-08-31;2025-10-31;1;mean;repeat_week;2025-08-25;2025-08-31;route;28;0.7759953800784188;134599.0;600876.0;-64227.0
2025-08-31;2025-10-31;1;mean;repeat_week;2025-08-25;2025-08-31;route;50;0.6396107180498551;416823.0;1156591.0;-137037.0
2025-08-31;2025-10-31;1;mean;repeat_week;2025-08-25;2025-08-31;hour;0;0.7353667620653155;6750.0;25507.0;3128.0
2025-08-31;2025-10-31;1;mean;repeat_week;2025-08-25;2025-08-31;hour;1;;0.0;0.0;0.0
2025-08-31;2025-10-31;1;mean;repeat_week;2025-08-25;2025-08-31;hour;2;;0.0;0.0;0.0
2025-08-31;2025-10-31;1;mean;repeat_week;2025-08-25;2025-08-31;hour;3;;0.0;0.0;0.0
2025-08-31;2025-10-31;1;mean;repeat_week;2025-08-25;2025-08-31;hour;4;;0.0;0.0;0.0
2025-08-31;2025-10-31;1;mean;repeat_week;2025-08-25;2025-08-31;hour;5;0.8017502465135935;11259.0;56792.0;-1925.0
2025-08-31;2025-10-31;1;mean;repeat_week;2025-08-25;2025-08-31;hour;6;0.8661901196547388;47360.0;353935.0;-4074.0
2025-08-31;2025-10-31;1;mean;repeat_week;2025-08-25;2025-08-31;hour;7;0.8028396094153528;160319.0;813140.0;-140719.0
2025-08-31;2025-10-31;1;mean;repeat_week;2025-08-25;2025-08-31;hour;8;0.7645465512335042;269735.0;1145598.0;-246267.0
2025-08-31;2025-10-31;1;mean;repeat_week;2025-08-25;2025-08-31;hour;9;0.8473160398570448;129021.0;845020.0;-98519.0
2025-08-31;2025-10-31;1;mean;repeat_week;2025-08-25;2025-08-31;hour;10;0.851286883062099;107171.0;720656.0;-72915.0
2025-08-31;2025-10-31;1;mean;repeat_week;2025-08-25;2025-08-31;hour;11;0.8466639304670246;109838.0;716322.0;-56388.0
2025-08-31;2025-10-31;1;mean;repeat_week;2025-08-25;2025-08-31;hour;12;0.8405875137953241;119311.0;748442.0;-66575.0
2025-08-31;2025-10-31;1;mean;repeat_week;2025-08-25;2025-08-31;hour;13;0.8254247684396374;135760.0;777659.0;-76784.0
2025-08-31;2025-10-31;1;mean;repeat_week;2025-08-25;2025-08-31;hour;14;0.8078783212285743;149960.0;780547.0;-96470.0
2025-08-31;2025-10-31;1;mean;repeat_week;2025-08-25;2025-08-31;hour;15;0.7836582709211115;179354.0;829031.0;-125920.0
2025-08-31;2025-10-31;1;mean;repeat_week;2025-08-25;2025-08-31;hour;16;0.8045341677913326;177275.0;906936.0;-131873.0
2025-08-31;2025-10-31;1;mean;repeat_week;2025-08-25;2025-08-31;hour;17;0.8325667656492627;175864.0;1050353.0;-118394.0
2025-08-31;2025-10-31;1;mean;repeat_week;2025-08-25;2025-08-31;hour;18;0.8628073775291742;146425.0;1067295.0;-54467.0
2025-08-31;2025-10-31;1;mean;repeat_week;2025-08-25;2025-08-31;hour;19;0.8474450868812597;120209.0;787972.0;18035.0
2025-08-31;2025-10-31;1;mean;repeat_week;2025-08-25;2025-08-31;hour;20;0.8335776156892498;86862.0;521937.0;52720.0
2025-08-31;2025-10-31;1;mean;repeat_week;2025-08-25;2025-08-31;hour;21;0.8342966203928771;55218.0;333234.0;27938.0
2025-08-31;2025-10-31;1;mean;repeat_week;2025-08-25;2025-08-31;hour;22;0.7326005345826951;44518.0;166485.0;36354.0
2025-08-31;2025-10-31;1;mean;repeat_week;2025-08-25;2025-08-31;hour;23;0.7841414380321665;18253.0;84560.0;7965.0
2025-08-31;2025-10-31;1;mean;repeat_week;2025-08-25;2025-08-31;month;2025-09;0.8332605449934605;1023199.0;6136514.0;-460619.0
2025-08-31;2025-10-31;1;mean;repeat_week;2025-08-25;2025-08-31;month;2025-10;0.8139074591954064;1227263.0;6594907.0;-684531.0
2025-08-31;2025-10-31;0;mean;mean_all;2025-01-01;2025-08-31;route;1;0.8712521625744274;145934.0;1133487.0;-119122.0
2025-08-31;2025-10-31;0;mean;mean_all;2025-01-01;2025-08-31;route;5;;0.0;0.0;0.0
2025-08-31;2025-10-31;0;mean;mean_all;2025-01-01;2025-08-31;route;7;0.8305736865800042;228059.0;1346066.0;-43919.0
2025-08-31;2025-10-31;0;mean;mean_all;2025-01-01;2025-08-31;route;11;0.8848844468927888;219416.0;1906050.0;-123756.0
2025-08-31;2025-10-31;0;mean;mean_all;2025-01-01;2025-08-31;route;12;0.9016993609392097;194506.0;1978685.0;-112206.0
2025-08-31;2025-10-31;0;mean;mean_all;2025-01-01;2025-08-31;route;17;0.8916407767244403;331203.0;3056528.0;-264069.0
2025-08-31;2025-10-31;0;mean;mean_all;2025-01-01;2025-08-31;route;25;0.7972289615710014;94191.0;464519.0;-79105.0
2025-08-31;2025-10-31;0;mean;mean_all;2025-01-01;2025-08-31;route;26;0.8669800912899738;144808.0;1088619.0;-127408.0
2025-08-31;2025-10-31;0;mean;mean_all;2025-01-01;2025-08-31;route;28;0.8350558185049828;99111.0;600876.0;-50291.0
2025-08-31;2025-10-31;0;mean;mean_all;2025-01-01;2025-08-31;route;50;0.7455928673143748;294245.0;1156591.0;85823.0
2025-08-31;2025-10-31;0;mean;mean_all;2025-01-01;2025-08-31;hour;0;0.7365037048653311;6721.0;25507.0;3665.0
2025-08-31;2025-10-31;0;mean;mean_all;2025-01-01;2025-08-31;hour;1;;0.0;0.0;0.0
2025-08-31;2025-10-31;0;mean;mean_all;2025-01-01;2025-08-31;hour;2;;0.0;0.0;0.0
2025-08-31;2025-10-31;0;mean;mean_all;2025-01-01;2025-08-31;hour;3;;0.0;0.0;0.0
2025-08-31;2025-10-31;0;mean;mean_all;2025-01-01;2025-08-31;hour;4;;0.0;0.0;0.0
2025-08-31;2025-10-31;0;mean;mean_all;2025-01-01;2025-08-31;hour;5;0.8358395548668827;9323.0;56792.0;2395.0
2025-08-31;2025-10-31;0;mean;mean_all;2025-01-01;2025-08-31;hour;6;0.8747990450223911;44313.0;353935.0;-14165.0
2025-08-31;2025-10-31;0;mean;mean_all;2025-01-01;2025-08-31;hour;7;0.8407654278476031;129480.0;813140.0;-106710.0
2025-08-31;2025-10-31;0;mean;mean_all;2025-01-01;2025-08-31;hour;8;0.8391818072308087;184233.0;1145598.0;-156213.0
2025-08-31;2025-10-31;0;mean;mean_all;2025-01-01;2025-08-31;hour;9;0.8852039004993965;97005.0;845020.0;-56581.0
2025-08-31;2025-10-31;0;mean;mean_all;2025-01-01;2025-08-31;hour;10;0.8727548233831398;91700.0;720656.0;-48512.0
2025-08-31;2025-10-31;0;mean;mean_all;2025-01-01;2025-08-31;hour;11;0.8708988415824168;92478.0;716322.0;-36354.0
2025-08-31;2025-10-31;0;mean;mean_all;2025-01-01;2025-08-31;hour;12;0.8678281015763413;98923.0;748442.0;-46383.0
2025-08-31;2025-10-31;0;mean;mean_all;2025-01-01;2025-08-31;hour;13;0.85513316247867;112657.0;777659.0;-54811.0
2025-08-31;2025-10-31;0;mean;mean_all;2025-01-01;2025-08-31;hour;14;0.8451239963768997;120888.0;780547.0;-65330.0
2025-08-31;2025-10-31;0;mean;mean_all;2025-01-01;2025-08-31;hour;15;0.8498825737517657;124452.0;829031.0;-71708.0
2025-08-31;2025-10-31;0;mean;mean_all;2025-01-01;2025-08-31;hour;16;0.8626749847839319;124545.0;906936.0;-73817.0
2025-08-31;2025-10-31;0;mean;mean_all;2025-01-01;2025-08-31;hour;17;0.8655385379962737;141232.0;1050353.0;-89448.0
2025-08-31;2025-10-31;0;mean;mean_all;2025-01-01;2025-08-31;hour;18;0.8844021568544779;123377.0;1067295.0;-61727.0
2025-08-31;2025-10-31;0;mean;mean_all;2025-01-01;2025-08-31;hour;19;0.8783713126862376;95840.0;787972.0;-21138.0
2025-08-31;2025-10-31;0;mean;mean_all;2025-01-01;2025-08-31;hour;20;0.8864709725503269;59255.0;521937.0;10971.0
2025-08-31;2025-10-31;0;mean;mean_all;2025-01-01;2025-08-31;hour;21;0.8699352407017291;43342.0;333234.0;15270.0
2025-08-31;2025-10-31;0;mean;mean_all;2025-01-01;2025-08-31;hour;22;0.779679851037631;36680.0;166485.0;29196.0
2025-08-31;2025-10-31;0;mean;mean_all;2025-01-01;2025-08-31;hour;23;0.8222682119205298;15029.0;84560.0;7347.0
2025-08-31;2025-10-31;0;mean;mean_all;2025-01-01;2025-08-31;month;2025-09;0.8721873689198786;784324.0;6136514.0;-291266.0
2025-08-31;2025-10-31;0;mean;mean_all;2025-01-01;2025-08-31;month;2025-10;0.8533491071216015;967149.0;6594907.0;-542787.0
