date;1;5;7;11;12;17;25;26;28;50
2025-01-01;1860.0;0.0;5795.0;9002.0;7665.0;18089.0;2396.0;3987.0;2413.0;3606.0
2025-01-02;5610.0;0.0;10392.0;13373.0;13607.0;29674.0;2971.0;6263.0;3571.0;7651.0
2025-01-03;7268.0;0.0;13627.0;16997.0;16279.0;35638.0;4105.0;8000.0;4760.0;8146.0
2025-01-04;6760.0;0.0;13459.0;17943.0;15940.0;35753.0;4080.0;8235.0;4966.0;9463.0
2025-01-05;7277.0;0.0;12344.0;17514.0;16823.0;35507.0;4253.0;8026.0;5727.0;8082.0
2025-01-06;8006.0;0.0;13533.0;17506.0;17515.0;34969.0;3644.0;8092.0;5599.0;9170.0
2025-01-07;6639.0;0.0;12256.0;15344.0;15530.0;32035.0;3119.0;7455.0;5418.0;7466.0
2025-01-08;7332.0;0.0;13093.0;15569.0;16370.0;30393.0;2952.0;8214.0;4612.0;7879.0
2025-01-09;23116.0;0.0;21638.0;30777.0;34634.0;50251.0;5860.0;16751.0;9323.0;24380.0
2025-01-10;19432.0;0.0;22412.0;30790.0;35230.0;48801.0;5807.0;16446.0;9371.0;22865.0
2025-01-11;8940.0;0.0;15021.0;18307.0;19806.0;34732.0;4006.0;9961.0;6059.0;9376.0
2025-01-12;8182.0;0.0;12672.0;16743.0;16417.0;31836.0;3254.0;8943.0;4926.0;9371.0
2025-01-13;19893.0;0.0;29021.0;33361.0;38151.0;50408.0;6997.0;18257.0;11813.0;19743.0
2025-01-14;20675.0;0.0;26297.0;34620.0;40932.0;52783.0;6431.0;18066.0;12096.0;26657.0
2025-01-15;21147.0;0.0;25639.0;36082.0;36091.0;53945.0;6806.0;18810.0;13025.0;26879.0
2025-01-16;21714.0;0.0;26487.0;33924.0;38729.0;53389.0;6581.0;18705.0;11678.0;25795.0
2025-01-17;20597.0;0.0;26237.0;33974.0;40362.0;52481.0;6958.0;18498.0;11764.0;24871.0
2025-01-18;10842.0;0.0;17273.0;21972.0;22007.0;39737.0;4356.0;12049.0;6788.0;11203.0
2025-01-19;10629.0;0.0;14895.0;19806.0;19447.0;36702.0;4440.0;10686.0;6094.0;10098.0
2025-01-20;19374.0;0.0;23331.0;34543.0;37087.0;53897.0;7001.0;18466.0;10820.0;26304.0
2025-01-21;19933.0;0.0;23938.0;36082.0;38668.0;54731.0;6790.0;18978.0;10891.0;27102.0
2025-01-22;21181.0;0.0;28593.0;33472.0;35797.0;53358.0;7672.0;15748.0;10639.0;25948.0
2025-01-23;21789.0;0.0;27984.0;32094.0;35268.0;55863.0;7557.0;18696.0;12263.0;27036.0
2025-01-24;20836.0;0.0;25722.0;35367.0;38172.0;56343.0;6685.0;19350.0;10189.0;26853.0
2025-01-25;9953.0;0.0;16247.0;22055.0;22876.0;41497.0;4608.0;11854.0;6695.0;10482.0
2025-01-26;7916.0;0.0;13608.0;17782.0;17369.0;33866.0;3599.0;8717.0;5382.0;9538.0
2025-01-27;20835.0;0.0;25608.0;33629.0;37446.0;52012.0;6494.0;17410.0;12355.0;25768.0
2025-01-28;21288.0;0.0;23944.0;33643.0;39029.0;55098.0;6433.0;17540.0;11739.0;27943.0
2025-01-29;19643.0;0.0;23598.0;35006.0;37410.0;55303.0;6679.0;17161.0;10744.0;26705.0
2025-01-30;23335.0;0.0;23434.0;35300.0;39237.0;52210.0;6086.0;17854.0;12654.0;26507.0
2025-01-31;21922.0;0.0;27250.0;35346.0;38422.0;57719.0;6405.0;17842.0;10950.0;24494.0
2025-02-01;10014.0;0.0;16253.0;21290.0;19953.0;39313.0;4278.0;10164.0;6535.0;10576.0
2025-02-02;8235.0;0.0;14518.0;18468.0;17011.0;34723.0;3817.0;8906.0;5509.0;9011.0
2025-02-03;20647.0;0.0;26310.0;33783.0;36355.0;51486.0;5989.0;17302.0;11359.0;25622.0
2025-02-04;20270.0;0.0;27254.0;36849.0;39610.0;53630.0;6508.0;17529.0;12257.0;24793.0
2025-02-05;20890.0;0.0;25519.0;31517.0;38228.0;56263.0;5938.0;17724.0;11393.0;27215.0
2025-02-06;21998.0;0.0;28517.0;37145.0;38631.0;56338.0;7861.0;18386.0;10400.0;24591.0
2025-02-07;20744.0;0.0;27882.0;37678.0;39445.0;53742.0;7255.0;19099.0;10018.0;24320.0
2025-02-08;10485.0;0.0;17085.0;21658.0;21622.0;40983.0;5096.0;11310.0;6537.0;9953.0
2025-02-09;8770.0;0.0;14347.0;17554.0;18172.0;34095.0;3704.0;9381.0;5439.0;9002.0
2025-02-10;21010.0;0.0;27270.0;36389.0;33575.0;55057.0;8618.0;19676.0;12155.0;24658.0
2025-02-11;20822.0;0.0;28471.0;36992.0;38361.0;53752.0;8619.0;20636.0;11623.0;30183.0
2025-02-12;21762.0;0.0;27829.0;36579.0;39956.0;56108.0;8283.0;20194.0;12459.0;27607.0
2025-02-13;19923.0;0.0;28627.0;38344.0;37865.0;53296.0;7670.0;20243.0;12280.0;26568.0
2025-02-14;20846.0;0.0;31925.0;36041.0;38063.0;55555.0;7835.0;18872.0;11679.0;26694.0
2025-02-15;10379.0;0.0;16956.0;22551.0;21761.0;39995.0;4779.0;11978.0;7388.0;11819.0
2025-02-16;9006.0;0.0;13437.0;17724.0;18163.0;34227.0;3589.0;9012.0;5905.0;7362.0
2025-02-17;19712.0;0.0;23145.0;38277.0;29580.0;53730.0;6861.0;20684.0;11791.0;27617.0
2025-02-18;20696.0;0.0;23393.0;34243.0;37599.0;56067.0;7610.0;20611.0;10026.0;28731.0
2025-02-19;21539.0;0.0;28622.0;34354.0;41337.0;52924.0;7282.0;20368.0;11192.0;24378.0
2025-02-20;20260.0;0.0;29244.0;36736.0;39639.0;54393.0;7830.0;20626.0;11732.0;26709.0
2025-02-21;24038.0;0.0;26502.0;37015.0;39469.0;55126.0;7393.0;19859.0;11014.0;29819.0
2025-02-22;11304.0;0.0;18058.0;23792.0;21472.0;41537.0;5260.0;12867.0;8030.0;12140.0
2025-02-23;8745.0;0.0;14101.0;19249.0;17055.0;34970.0;4448.0;9042.0;5817.0;9685.0
2025-02-24;20365.0;0.0;26607.0;36206.0;35681.0;52148.0;7254.0;19963.0;11114.0;26369.0
2025-02-25;21429.0;0.0;28480.0;36223.0;40573.0;53089.0;7558.0;21339.0;11600.0;26623.0
2025-02-26;21673.0;0.0;30885.0;36525.0;35924.0;52614.0;7481.0;21299.0;11409.0;29371.0
2025-02-27;22639.0;0.0;29561.0;41150.0;39664.0;57352.0;8759.0;21585.0;10930.0;30126.0
2025-02-28;21674.0;0.0;28141.0;37189.0;40171.0;56537.0;7818.0;20590.0;11561.0;25123.0
2025-03-01;10930.0;0.0;16958.0;24949.0;23635.0;41564.0;5677.0;15009.0;7274.0;11854.0
2025-03-02;8395.0;0.0;14112.0;18551.0;17357.0;33249.0;4447.0;11341.0;4895.0;10028.0
2025-03-03;20320.0;0.0;25552.0;35607.0;39110.0;52253.0;7683.0;20273.0;10495.0;27854.0
2025-03-04;22310.0;0.0;26652.0;38886.0;40929.0;55554.0;7360.0;20193.0;10531.0;28293.0
2025-03-05;22060.0;0.0;27360.0;40170.0;40418.0;56009.0;7441.0;21239.0;11673.0;28722.0
2025-03-06;22641.0;0.0;29641.0;39027.0;40842.0;56950.0;7410.0;20856.0;11732.0;28057.0
2025-03-07;24230.0;0.0;31224.0;38969.0;42083.0;59718.0;7897.0;20411.0;12022.0;26282.0
2025-03-08;10291.0;0.0;15949.0;22392.0;22758.0;44140.0;5978.0;11361.0;6667.0;9507.0
2025-03-09;9743.0;0.0;16035.0;21776.0;19984.0;38617.0;5114.0;10396.0;5942.0;9644.0
2025-03-10;23087.0;0.0;25862.0;36612.0;41395.0;56204.0;7759.0;21096.0;9928.0;27216.0
2025-03-11;22718.0;0.0;31070.0;36864.0;41293.0;53785.0;7420.0;20250.0;11076.0;29264.0
2025-03-12;21712.0;0.0;28623.0;36870.0;41157.0;55176.0;7795.0;21626.0;10337.0;27946.0
2025-03-13;21832.0;0.0;27590.0;38714.0;40058.0;55868.0;8473.0;21481.0;11938.0;28079.0
2025-03-14;20892.0;0.0;25469.0;34469.0;39229.0;51880.0;7845.0;18385.0;10920.0;26686.0
2025-03-15;11039.0;0.0;19043.0;25348.0;23401.0;42008.0;4958.0;13525.0;7469.0;11762.0
2025-03-16;9914.0;0.0;16112.0;21106.0;20082.0;36555.0;5086.0;11230.0;6245.0;9506.0
2025-03-17;21821.0;0.0;24517.0;36805.0;38972.0;53270.0;7355.0;20433.0;11377.0;27689.0
2025-03-18;22080.0;0.0;28517.0;35244.0;41632.0;54998.0;7210.0;21710.0;11884.0;28231.0
2025-03-19;22539.0;0.0;24692.0;42500.0;41701.0;53086.0;7486.0;21484.0;10904.0;29215.0
2025-03-20;23124.0;0.0;28055.0;39676.0;41922.0;57987.0;8126.0;23297.0;10367.0;28060.0
2025-03-21;22288.0;0.0;28470.0;39866.0;39195.0;56813.0;7873.0;21161.0;11521.0;27519.0
2025-03-22;11549.0;0.0;19282.0;25208.0;24705.0;42964.0;5803.0;13336.0;7501.0;11705.0
2025-03-23;9396.0;0.0;16005.0;20361.0;20116.0;36975.0;5018.0;10657.0;6239.0;9521.0
2025-03-24;21366.0;0.0;25721.0;38603.0;41668.0;54893.0;7598.0;21740.0;11324.0;26812.0
2025-03-25;21836.0;0.0;25716.0;33655.0;40311.0;53961.0;7586.0;20911.0;11630.0;28598.0
2025-03-26;22225.0;0.0;32043.0;36770.0;41842.0;54423.0;7519.0;21785.0;11138.0;27337.0
2025-03-27;21682.0;0.0;30249.0;36974.0;41430.0;53791.0;7947.0;21664.0;12666.0;29371.0
2025-03-28;22807.0;0.0;30434.0;37878.0;41378.0;55653.0;7677.0;21075.0;11698.0;25163.0
2025-03-29;10833.0;0.0;19675.0;25587.0;23521.0;43844.0;6372.0;13849.0;7486.0;10794.0
2025-03-30;10879.0;0.0;15010.0;22953.0;19160.0;37739.0;5353.0;11469.0;6034.0;8498.0
2025-03-31;16502.0;0.0;37292.0;26835.0;26871.0;49054.0;9132.0;28121.0;12916.0;25539.0
2025-04-01;18130.0;0.0;41300.0;25192.0;22509.0;43714.0;7801.0;31131.0;13667.0;25800.0
2025-04-02;18834.0;0.0;39023.0;29581.0;24967.0;42364.0;14219.0;32205.0;14590.0;24070.0
2025-04-03;17152.0;0.0;50676.0;29277.0;24985.0;43580.0;6661.0;28172.0;14589.0;22872.0
2025-04-04;18930.0;0.0;43599.0;25388.0;24715.0;44653.0;10414.0;29979.0;15738.0;26346.0
2025-04-05;10241.0;0.0;23420.0;11507.0;15357.0;13759.0;5658.0;19748.0;8767.0;13881.0
2025-04-06;7239.0;0.0;12633.0;11004.0;12921.0;7562.0;2800.0;10955.0;6010.0;10311.0
2025-04-07;22251.0;0.0;28515.0;33077.0;38074.0;52254.0;7660.0;22597.0;11236.0;26320.0
2025-04-08;25109.0;0.0;28827.0;36117.0;37920.0;53572.0;6373.0;22189.0;12099.0;26205.0
2025-04-09;27083.0;0.0;32229.0;36701.0;39421.0;54658.0;8870.0;22332.0;12657.0;28264.0
2025-04-10;24547.0;0.0;29388.0;34525.0;37951.0;57882.0;7715.0;22089.0;12352.0;29010.0
2025-04-11;20857.0;0.0;29549.0;36631.0;38889.0;55777.0;6830.0;21153.0;11053.0;26771.0
2025-04-12;12235.0;0.0;18942.0;25419.0;22568.0;5187.0;6183.0;13558.0;7049.0;12459.0
2025-04-13;11368.0;0.0;15680.0;20710.0;20717.0;4043.0;5792.0;11108.0;6086.0;10133.0
2025-04-14;22002.0;0.0;30720.0;35622.0;40385.0;54116.0;7624.0;22053.0;11260.0;27856.0
2025-04-15;22931.0;0.0;30312.0;35739.0;40446.0;57941.0;8814.0;22984.0;11236.0;27273.0
2025-04-16;24739.0;0.0;30658.0;36524.0;41186.0;57722.0;8626.0;20811.0;12747.0;23697.0
2025-04-17;22623.0;0.0;30206.0;37287.0;37624.0;57510.0;7632.0;22055.0;11320.0;26021.0
2025-04-18;24680.0;0.0;29870.0;37826.0;37373.0;58104.0;7789.0;22590.0;11791.0;25179.0
2025-04-19;12466.0;0.0;20751.0;26145.0;25239.0;40699.0;6951.0;15914.0;8166.0;12686.0
2025-04-20;9396.0;0.0;16286.0;22485.0;20035.0;33660.0;6213.0;10796.0;6151.0;10222.0
2025-04-21;22832.0;0.0;29373.0;36391.0;38068.0;54149.0;7887.0;20640.0;12095.0;26682.0
2025-04-22;25605.0;0.0;30012.0;36348.0;39603.0;55602.0;8348.0;21828.0;11261.0;28324.0
2025-04-23;23393.0;0.0;32353.0;34300.0;40845.0;55353.0;8328.0;20988.0;11562.0;28316.0
2025-04-24;23281.0;0.0;29812.0;36415.0;40462.0;51507.0;8739.0;19795.0;12559.0;28077.0
2025-04-25;21678.0;0.0;31303.0;35831.0;38184.0;53687.0;8083.0;19016.0;10486.0;26046.0
2025-04-26;10832.0;0.0;18292.0;26989.0;23063.0;673.0;7606.0;12134.0;7524.0;12213.0
2025-04-27;8719.0;0.0;13550.0;20138.0;19393.0;323.0;5583.0;9716.0;5404.0;9055.0
2025-04-28;22530.0;0.0;30760.0;34239.0;40545.0;52460.0;7885.0;20313.0;11649.0;26145.0
2025-04-29;21865.0;0.0;28678.0;38196.0;37767.0;53410.0;8114.0;21338.0;12173.0;26264.0
2025-04-30;21148.0;0.0;30353.0;35354.0;38862.0;53361.0;7486.0;20269.0;11862.0;25521.0
2025-05-01;7040.0;0.0;11265.0;15679.0;14784.0;22808.0;3004.0;7335.0;4051.0;7270.0
2025-05-02;7352.0;0.0;14729.0;16075.0;17538.0;29652.0;3878.0;8800.0;5190.0;9115.0
2025-05-03;8425.0;0.0;14484.0;20002.0;19843.0;33851.0;4996.0;9376.0;6219.0;9923.0
2025-05-04;8551.0;0.0;13685.0;19017.0;19165.0;31601.0;4716.0;9134.0;4540.0;9098.0
2025-05-05;20093.0;0.0;27057.0;33570.0;37718.0;52252.0;6511.0;17992.0;9625.0;23313.0
2025-05-06;22484.0;0.0;28408.0;33826.0;37620.0;53602.0;7618.0;18973.0;10476.0;24707.0
2025-05-07;20165.0;0.0;25240.0;36377.0;37312.0;53571.0;7798.0;18545.0;10090.0;24226.0
2025-05-08;9948.0;0.0;14577.0;21027.0;20206.0;35456.0;5283.0;10162.0;5568.0;9267.0
2025-05-09;6821.0;0.0;12965.0;19430.0;15976.0;30358.0;5065.0;8139.0;4579.0;8021.0
2025-05-10;8415.0;0.0;14682.0;18944.0;18169.0;32518.0;4713.0;9551.0;5530.0;8106.0
2025-05-11;7951.0;0.0;12369.0;16573.0;15396.0;27885.0;3282.0;5870.0;4954.0;10112.0
2025-05-12;22124.0;0.0;27997.0;33714.0;36660.0;51841.0;5925.0;17153.0;10518.0;26087.0
2025-05-13;22090.0;0.0;29493.0;34609.0;39046.0;52353.0;7424.0;18579.0;12384.0;28033.0
2025-05-14;22229.0;0.0;32122.0;34937.0;39459.0;53170.0;7547.0;19923.0;11168.0;24507.0
2025-05-15;24419.0;0.0;29600.0;36487.0;40430.0;54456.0;8363.0;19624.0;14026.0;26210.0
2025-05-16;21614.0;0.0;26296.0;37253.0;36402.0;55904.0;7918.0;19687.0;9496.0;25539.0
2025-05-17;10187.0;0.0;17121.0;25658.0;22120.0;43965.0;6847.0;12741.0;8550.0;11930.0
2025-05-18;8722.0;0.0;14556.0;18424.0;18386.0;32273.0;5175.0;9282.0;6861.0;9394.0
2025-05-19;21381.0;0.0;27439.0;33818.0;39602.0;53774.0;7280.0;19201.0;12096.0;26233.0
2025-05-20;21519.0;0.0;29014.0;35387.0;38851.0;56282.0;7507.0;19581.0;10836.0;25644.0
2025-05-21;23052.0;0.0;28294.0;35545.0;39779.0;56475.0;7198.0;19617.0;13589.0;29444.0
2025-05-22;21468.0;0.0;31121.0;35090.0;40678.0;57128.0;8577.0;20913.0;10961.0;27320.0
2025-05-23;22325.0;0.0;30956.0;34575.0;38749.0;56603.0;8570.0;18661.0;13454.0;25117.0
2025-05-24;10696.0;0.0;18178.0;23526.0;21045.0;39534.0;7443.0;12329.0;6996.0;11137.0
2025-05-25;9528.0;0.0;18281.0;21957.0;19351.0;32245.0;5622.0;10262.0;7263.0;9904.0
2025-05-26;20606.0;0.0;22443.0;33531.0;36821.0;54190.0;8770.0;20036.0;10648.0;25841.0
2025-05-27;21529.0;0.0;28712.0;35623.0;40573.0;57067.0;8434.0;19664.0;12232.0;26325.0
2025-05-28;21660.0;0.0;29851.0;34262.0;40587.0;56855.0;8068.0;19683.0;11941.0;25241.0
2025-05-29;21809.0;0.0;34031.0;32089.0;40451.0;55590.0;7592.0;19651.0;10614.0;27707.0
2025-05-30;20023.0;0.0;31298.0;30914.0;37291.0;53786.0;7926.0;18348.0;11264.0;23968.0
2025-05-31;9761.0;0.0;15639.0;23389.0;20808.0;36606.0;5955.0;13949.0;6958.0;10074.0
2025-06-01;8850.0;0.0;14626.0;21300.0;17921.0;34533.0;5036.0;11350.0;6708.0;8736.0
2025-06-02;21087.0;0.0;28115.0;33765.0;37393.0;53057.0;7484.0;18419.0;11170.0;25009.0
2025-06-03;21174.0;0.0;26478.0;34059.0;38883.0;55630.0;7542.0;18992.0;10984.0;24816.0
2025-06-04;20921.0;0.0;28076.0;35738.0;37299.0;52912.0;8242.0;17821.0;13680.0;24161.0
2025-06-05;22791.0;0.0;25489.0;36570.0;38593.0;56980.0;7759.0;18117.0;10429.0;21867.0
2025-06-06;20995.0;0.0;24288.0;38063.0;36455.0;53827.0;7608.0;18421.0;10649.0;20309.0
2025-06-07;10626.0;0.0;17526.0;23599.0;18221.0;37355.0;5851.0;11849.0;6571.0;10138.0
2025-06-08;8499.0;0.0;11000.0;17606.0;15076.0;29662.0;4408.0;8614.0;5134.0;6522.0
2025-06-09;20572.0;0.0;24554.0;33064.0;35585.0;51967.0;6540.0;17519.0;10640.0;21781.0
2025-06-10;21825.0;0.0;27663.0;33508.0;37787.0;52033.0;8971.0;17943.0;8950.0;23780.0
2025-06-11;20040.0;0.0;29341.0;33080.0;37953.0;53604.0;8108.0;18457.0;8846.0;23014.0
2025-06-12;9820.0;0.0;13963.0;22234.0;15653.0;36760.0;5509.0;8724.0;5483.0;9441.0
2025-06-13;7961.0;0.0;13645.0;18698.0;13904.0;31512.0;4329.0;8344.0;4194.0;8927.0
2025-06-14;6953.0;0.0;12024.0;16035.0;12998.0;29133.0;3821.0;7870.0;4767.0;7634.0
2025-06-15;7827.0;0.0;13893.0;17660.0;14328.0;29582.0;3757.0;8128.0;4863.0;8336.0
2025-06-16;19754.0;0.0;25941.0;34395.0;36028.0;52295.0;7436.0;17422.0;9984.0;22664.0
2025-06-17;18991.0;0.0;24897.0;34287.0;35680.0;51852.0;6661.0;16827.0;9901.0;23669.0
2025-06-18;17712.0;0.0;26690.0;31773.0;33934.0;50531.0;6006.0;15500.0;9449.0;23241.0
2025-06-19;18469.0;0.0;24938.0;29574.0;34922.0;50260.0;7323.0;16487.0;9232.0;22667.0
2025-06-20;18041.0;0.0;22678.0;28617.0;34258.0;49440.0;5838.0;15330.0;8603.0;21115.0
2025-06-21;9930.0;0.0;16834.0;22914.0;20281.0;37407.0;5240.0;10720.0;5630.0;10079.0
2025-06-22;7938.0;0.0;13976.0;18721.0;16534.0;29753.0;4254.0;8485.0;5062.0;8221.0
2025-06-23;19159.0;0.0;25535.0;33133.0;35648.0;52924.0;6273.0;16691.0;9703.0;22155.0
2025-06-24;19023.0;0.0;25504.0;34638.0;34999.0;52863.0;6428.0;16631.0;9236.0;22945.0
2025-06-25;17705.0;0.0;24578.0;30693.0;35605.0;51039.0;6173.0;16459.0;9631.0;22203.0
2025-06-26;19519.0;0.0;25895.0;33455.0;35863.0;52993.0;6799.0;17304.0;9984.0;23065.0
2025-06-27;18051.0;0.0;27142.0;29506.0;34097.0;40030.0;5911.0;16040.0;10287.0;21374.0
2025-06-28;9434.0;0.0;13538.0;23719.0;18794.0;36064.0;6013.0;10416.0;6732.0;9774.0
2025-06-29;7844.0;0.0;10306.0;17056.0;16427.0;28213.0;3810.0;8245.0;4701.0;7909.0
2025-06-30;17686.0;0.0;23291.0;29729.0;30696.0;47142.0;5362.0;15432.0;11347.0;21858.0
2025-07-01;17109.0;0.0;24216.0;29897.0;34029.0;48316.0;5774.0;15843.0;10799.0;21535.0
2025-07-02;19064.0;0.0;23620.0;31417.0;33938.0;49750.0;5918.0;14178.0;9207.0;22886.0
2025-07-03;19059.0;0.0;24628.0;32613.0;34898.0;54048.0;6654.0;16427.0;10007.0;22964.0
2025-07-04;18685.0;0.0;21453.0;28962.0;33751.0;53380.0;8174.0;14236.0;9062.0;21004.0
2025-07-05;9423.0;0.0;12480.0;22557.0;19533.0;37568.0;5417.0;11171.0;5762.0;9451.0
2025-07-06;8232.0;0.0;11906.0;18401.0;17645.0;33531.0;4633.0;8701.0;5158.0;9503.0
2025-07-07;16074.0;0.0;22738.0;29968.0;32154.0;52403.0;4959.0;15341.0;8065.0;20686.0
2025-07-08;17915.0;0.0;22319.0;30651.0;32435.0;50077.0;5709.0;14483.0;9357.0;21166.0
2025-07-09;16719.0;0.0;22312.0;30956.0;30848.0;46717.0;6611.0;14681.0;8313.0;20348.0
2025-07-10;16764.0;0.0;11742.0;29963.0;32805.0;46105.0;5952.0;14430.0;7564.0;27506.0
2025-07-11;16253.0;0.0;12079.0;26800.0;30126.0;45874.0;6072.0;13819.0;7930.0;24188.0
2025-07-12;7454.0;0.0;7519.0;17336.0;19209.0;30582.0;4010.0;8291.0;6178.0;15827.0
2025-07-13;7800.0;0.0;7037.0;18193.0;15941.0;30129.0;4015.0;7961.0;4836.0;14112.0
2025-07-14;15171.0;0.0;10982.0;27271.0;31147.0;45796.0;5320.0;14015.0;7482.0;27275.0
2025-07-15;15503.0;0.0;10232.0;28144.0;31562.0;43874.0;4853.0;12968.0;8707.0;24500.0
2025-07-16;18622.0;0.0;11362.0;29848.0;31543.0;39177.0;5535.0;15177.0;7678.0;28336.0
2025-07-17;16877.0;0.0;11657.0;30390.0;29976.0;47592.0;5619.0;14890.0;9095.0;28367.0
2025-07-18;17026.0;0.0;10980.0;30917.0;31454.0;48619.0;5972.0;14597.0;8870.0;27999.0
2025-07-19;8398.0;0.0;7528.0;19935.0;18704.0;32031.0;4057.0;9345.0;5477.0;15882.0
2025-07-20;8172.0;0.0;6932.0;18345.0;17194.0;28197.0;3849.0;7728.0;4713.0;14012.0
2025-07-21;13946.0;0.0;9710.0;27145.0;26310.0;41110.0;4382.0;10851.0;6176.0;25942.0
2025-07-22;16647.0;0.0;11339.0;29581.0;31032.0;47186.0;5267.0;14403.0;7403.0;28239.0
2025-07-23;17796.0;0.0;11042.0;29823.0;31287.0;46943.0;5737.0;14559.0;7655.0;27807.0
2025-07-24;16091.0;0.0;10689.0;30307.0;30994.0;48157.0;5752.0;14931.0;8160.0;26344.0
2025-07-25;16663.0;0.0;9948.0;29809.0;32431.0;44430.0;6867.0;14823.0;7061.0;26923.0
2025-07-26;8546.0;0.0;7622.0;22773.0;18411.0;32430.0;4719.0;9299.0;5597.0;16524.0
2025-07-27;8148.0;0.0;6680.0;20644.0;17418.0;29280.0;4225.0;8336.0;5459.0;14666.0
2025-07-28;17275.0;0.0;11321.0;27196.0;30409.0;42894.0;5484.0;14097.0;8186.0;26950.0
2025-07-29;17342.0;0.0;10382.0;27890.0;34770.0;45597.0;5072.0;14735.0;9072.0;26478.0
2025-07-30;18257.0;0.0;10233.0;30474.0;33425.0;45175.0;5461.0;15492.0;7521.0;26373.0
2025-07-31;19126.0;0.0;10249.0;30987.0;31579.0;45775.0;5471.0;14019.0;7679.0;26299.0
2025-08-01;15848.0;0.0;10135.0;27679.0;31092.0;42708.0;5045.0;12613.0;7981.0;25694.0
2025-08-02;8539.0;0.0;7383.0;20651.0;18655.0;34202.0;4507.0;9952.0;4645.0;16183.0
2025-08-03;7979.0;0.0;6850.0;21999.0;17285.0;31860.0;4568.0;8288.0;5087.0;14780.0
2025-08-04;14467.0;0.0;10172.0;24780.0;28246.0;40717.0;3771.0;12434.0;7571.0;24668.0
2025-08-05;17193.0;0.0;9876.0;29181.0;30662.0;50521.0;5181.0;14629.0;8137.0;24123.0
2025-08-06;19183.0;0.0;11297.0;31018.0;33939.0;48258.0;5623.0;13034.0;8767.0;26080.0
2025-08-07;16585.0;0.0;10706.0;28491.0;30229.0;46054.0;5124.0;14106.0;7749.0;27221.0
2025-08-08;16547.0;0.0;10467.0;29627.0;31435.0;48489.0;5466.0;13806.0;7671.0;25939.0
2025-08-09;8226.0;0.0;7542.0;19692.0;17857.0;32550.0;4021.0;8616.0;4478.0;16146.0
2025-08-10;7053.0;0.0;7183.0;19592.0;18117.0;32683.0;4432.0;8744.0;4969.0;14509.0
2025-08-11;15735.0;0.0;17129.0;28923.0;29630.0;46651.0;5439.0;13746.0;7869.0;14702.0
2025-08-12;17067.0;0.0;19866.0;30595.0;32635.0;46944.0;6781.0;14178.0;7475.0;16773.0
2025-08-13;18403.0;0.0;20819.0;30576.0;33638.0;48931.0;6254.0;14818.0;7947.0;16534.0
2025-08-14;17392.0;0.0;22550.0;30874.0;31484.0;45148.0;6129.0;15960.0;7169.0;16507.0
2025-08-15;17063.0;0.0;18168.0;31421.0;31410.0;49671.0;5779.0;13411.0;7896.0;13928.0
2025-08-16;8319.0;0.0;10897.0;19732.0;19531.0;36225.0;7199.0;9463.0;5556.0;7910.0
2025-08-17;8833.0;0.0;10490.0;20325.0;16553.0;31650.0;4070.0;8579.0;5361.0;7091.0
2025-08-18;17199.0;0.0;20121.0;28526.0;31336.0;46818.0;5104.0;14845.0;8285.0;17770.0
2025-08-19;18138.0;0.0;20817.0;30492.0;32567.0;48677.0;6323.0;15135.0;8372.0;18033.0
2025-08-20;18273.0;0.0;19768.0;29007.0;32643.0;48091.0;6280.0;14612.0;7931.0;17973.0
2025-08-21;17482.0;0.0;21261.0;25324.0;30315.0;48379.0;5782.0;14723.0;8915.0;19902.0
2025-08-22;17147.0;0.0;21388.0;29165.0;31612.0;49397.0;5330.0;13409.0;9409.0;18094.0
2025-08-23;7551.0;0.0;11484.0;20876.0;18899.0;35178.0;4324.0;8898.0;5028.0;8521.0
2025-08-24;8110.0;0.0;11475.0;20457.0;19117.0;34371.0;4740.0;8957.0;4571.0;8262.0
2025-08-25;18753.0;0.0;21112.0;28203.0;34090.0;50205.0;6207.0;15091.0;8615.0;18946.0
2025-08-26;18088.0;0.0;20365.0;29644.0;35096.0;50847.0;6748.0;15307.0;8862.0;16428.0
2025-08-27;19152.0;0.0;23212.0;31841.0;35492.0;51611.0;6054.0;15662.0;9275.0;21642.0
2025-08-28;19795.0;0.0;22539.0;31982.0;35297.0;54106.0;6581.0;18262.0;10644.0;21051.0
2025-08-29;17959.0;0.0;21988.0;29576.0;33400.0;49766.0;6064.0;15332.0;9821.0;19397.0
2025-08-30;9984.0;0.0;13375.0;25253.0;21510.0;43184.0;6362.0;11598.0;7144.0;9414.0
2025-08-31;9007.0;0.0;11125.0;22582.0;20786.0;38385.0;5825.0;10219.0;6991.0;8476.0
2025-09-01;20624.0;0.0;25591.0;32838.0;36182.0;56886.0;6358.0;18673.0;9932.0;22754.0
2025-09-02;20834.0;0.0;25167.0;34113.0;35846.0;52632.0;7000.0;21199.0;10577.0;23713.0
2025-09-03;20945.0;0.0;28766.0;31890.0;39187.0;52865.0;7499.0;18875.0;10836.0;23486.0
2025-09-04;21487.0;0.0;27976.0;33709.0;39919.0;54590.0;7697.0;20105.0;11554.0;23493.0
2025-09-05;19543.0;0.0;26568.0;33767.0;38142.0;53901.0;8513.0;19950.0;11059.0;24878.0
2025-09-06;9599.0;0.0;9832.0;24707.0;21381.0;39240.0;6731.0;12670.0;6611.0;86.0
2025-09-07;8476.0;0.0;8613.0;22204.0;19911.0;34692.0;5428.0;10076.0;5395.0;20.0
2025-09-08;21463.0;0.0;25964.0;31784.0;37614.0;50147.0;7111.0;19951.0;11296.0;24070.0
2025-09-09;21874.0;0.0;28227.0;37323.0;36559.0;53976.0;7603.0;19863.0;11614.0;24473.0
2025-09-10;21977.0;0.0;26984.0;35248.0;39710.0;53489.0;7604.0;19808.0;11856.0;24012.0
2025-09-11;22741.0;0.0;24573.0;38835.0;39491.0;53181.0;6704.0;20413.0;10999.0;24570.0
2025-09-12;20718.0;0.0;26022.0;31526.0;35147.0;52345.0;8467.0;18187.0;10708.0;25554.0
2025-09-13;10156.0;0.0;9932.0;24704.0;21858.0;35979.0;6119.0;12572.0;8005.0;2736.0
2025-09-14;8625.0;0.0;8477.0;21826.0;19619.0;35703.0;5887.0;9828.0;5859.0;15.0
2025-09-15;21817.0;0.0;23383.0;36979.0;37437.0;51832.0;8422.0;18809.0;11054.0;25169.0
2025-09-16;22009.0;0.0;29964.0;33601.0;37480.0;54107.0;7510.0;19271.0;11877.0;25964.0
2025-09-17;21443.0;0.0;24937.0;37925.0;37154.0;53049.0;7100.0;19715.0;10482.0;22566.0
2025-09-18;22158.0;0.0;27415.0;34608.0;36694.0;54332.0;7398.0;20232.0;11445.0;23868.0
2025-09-19;21427.0;0.0;23661.0;34166.0;33351.0;53255.0;7579.0;20042.0;9277.0;21977.0
2025-09-20;9911.0;0.0;9702.0;25597.0;21834.0;40697.0;5826.0;11887.0;6491.0;304.0
2025-09-21;8304.0;0.0;8203.0;21614.0;19786.0;36612.0;5632.0;10261.0;5587.0;0.0
2025-09-22;21081.0;0.0;24458.0;34494.0;33819.0;53848.0;8959.0;20112.0;6295.0;24136.0
2025-09-23;23568.0;0.0;26145.0;32678.0;34568.0;53930.0;7103.0;20380.0;6041.0;23654.0
2025-09-24;21348.0;0.0;27749.0;37045.0;35136.0;48336.0;7946.0;19798.0;6719.0;24463.0
2025-09-25;21645.0;0.0;24946.0;36995.0;37179.0;53985.0;7134.0;18989.0;11001.0;24464.0
2025-09-26;21263.0;0.0;24251.0;36908.0;35015.0;56240.0;7795.0;19558.0;9742.0;25076.0
2025-09-27;9571.0;0.0;9049.0;24183.0;21731.0;37507.0;5321.0;13488.0;6623.0;20.0
2025-09-28;8534.0;0.0;7590.0;20857.0;19320.0;36131.0;4885.0;11196.0;6071.0;206.0
2025-09-29;21447.0;0.0;28317.0;34420.0;34306.0;53014.0;7540.0;20013.0;10771.0;25329.0
2025-09-30;22217.0;0.0;27031.0;34517.0;38623.0;55574.0;8724.0;21270.0;11419.0;25223.0
2025-10-01;21483.0;0.0;27720.0;33326.0;34960.0;55990.0;8287.0;20960.0;12040.0;39898.0
2025-10-02;19133.0;0.0;25233.0;35892.0;35968.0;56147.0;9274.0;20215.0;12161.0;26332.0
2025-10-03;24140.0;0.0;27476.0;35692.0;34480.0;54610.0;7865.0;19925.0;11154.0;25830.0
2025-10-04;10817.0;0.0;10032.0;24547.0;22733.0;43857.0;7501.0;13231.0;7061.0;184.0
2025-10-05;9359.0;0.0;8444.0;20530.0;18641.0;36410.0;5789.0;9696.0;5547.0;85.0
2025-10-06;23499.0;0.0;24745.0;32680.0;35287.0;51142.0;7490.0;20151.0;11063.0;25367.0
2025-10-07;22047.0;0.0;26989.0;33796.0;37400.0;55988.0;8239.0;20716.0;12053.0;27268.0
2025-10-08;22117.0;0.0;27220.0;34614.0;37367.0;56071.0;8348.0;22979.0;11732.0;23651.0
2025-10-09;22689.0;0.0;26652.0;31710.0;39654.0;56585.0;8734.0;19580.0;12775.0;24223.0
2025-10-10;22222.0;0.0;25902.0;35357.0;35389.0;55887.0;8335.0;20056.0;11828.0;26610.0
2025-10-11;10807.0;0.0;11144.0;24663.0;21742.0;43909.0;7444.0;12331.0;7504.0;718.0
2025-10-12;9681.0;0.0;8769.0;21306.0;18916.0;37967.0;6754.0;10367.0;6194.0;8.0
2025-10-13;22465.0;0.0;29298.0;32863.0;34813.0;50482.0;9591.0;19465.0;10691.0;26344.0
2025-10-14;22454.0;0.0;29055.0;35872.0;39172.0;55908.0;8453.0;23402.0;11431.0;26233.0
2025-10-15;22606.0;0.0;29298.0;33202.0;37999.0;55323.0;9994.0;20719.0;12968.0;28517.0
2025-10-16;22599.0;0.0;28566.0;35475.0;35578.0;58216.0;9059.0;20090.0;12495.0;24739.0
2025-10-17;21445.0;0.0;26400.0;33105.0;34553.0;59442.0;8663.0;20954.0;12063.0;25917.0
2025-10-18;12196.0;0.0;11385.0;24520.0;22226.0;45157.0;6811.0;12749.0;7075.0;1784.0
2025-10-19;8494.0;0.0;8089.0;17734.0;16790.0;36313.0;5489.0;9250.0;6437.0;2560.0
2025-10-20;22415.0;0.0;27066.0;32791.0;37044.0;54099.0;8453.0;19966.0;12047.0;23934.0
2025-10-21;21624.0;0.0;29427.0;35694.0;38194.0;53638.0;8362.0;19990.0;10617.0;26629.0
2025-10-22;23201.0;0.0;27276.0;35018.0;37854.0;55921.0;8744.0;20515.0;11966.0;27002.0
2025-10-23;23046.0;0.0;27054.0;35292.0;36754.0;54920.0;8324.0;21482.0;12574.0;27677.0
2025-10-24;22179.0;0.0;26499.0;30946.0;38930.0;58695.0;10903.0;19364.0;13223.0;25097.0
2025-10-25;12239.0;0.0;12220.0;22299.0;22541.0;40266.0;6708.0;13121.0;7701.0;88.0
2025-10-26;8699.0;0.0;8076.0;17678.0;19909.0;35205.0;5302.0;9730.0;6140.0;1015.0
2025-10-27;21968.0;0.0;26485.0;34355.0;38513.0;54845.0;8249.0;20497.0;10807.0;27049.0
2025-10-28;21946.0;0.0;25611.0;33080.0;36024.0;55174.0;8220.0;20389.0;11831.0;28966.0
2025-10-29;21299.0;0.0;26583.0;32275.0;37920.0;56081.0;9211.0;21087.0;12493.0;26244.0
2025-10-30;20521.0;0.0;26860.0;36557.0;37580.0;55445.0;8642.0;21315.0;10449.0;27066.0
2025-10-31;19898.0;0.0;25506.0;33131.0;34674.0;51257.0;7704.0;18481.0;10848.0;24146.0
