cutoff;method;subset;days;wape_score;absolute_error;actual_total;bias
2025-04-30;cov0_shares0;special_days;6;0.0;798051.0;686108.0;789103.0
2025-04-30;cov0_shares0;ordinary_days;55;0.8825729004568831;1273472.0;10844788.0;550956.0
2025-04-30;cov0_shares1;special_days;6;0.0;789262.0;686108.0;789112.0
2025-04-30;cov0_shares1;ordinary_days;55;0.8812811278560724;1287481.0;10844788.0;550943.0
2025-04-30;cov1_shares0;special_days;6;0.37655442000384776;427751.0;686108.0;369505.0
2025-04-30;cov1_shares0;ordinary_days;55;0.8551771597563733;1570573.0;10844788.0;376471.0
2025-04-30;cov1_shares1;special_days;6;0.4283042902866604;392245.0;686108.0;369511.0
2025-04-30;cov1_shares1;ordinary_days;55;0.8537831260509656;1585691.0;10844788.0;376445.0
2025-06-30;cov0_shares0;ordinary_days;62;0.8309951886648288;1807112.0;10692666.0;482888.0
2025-06-30;cov0_shares1;ordinary_days;62;0.8296338817653146;1821668.0;10692666.0;482836.0
2025-06-30;cov1_shares0;ordinary_days;62;0.8022205126392239;2114790.0;10692666.0;1175338.0
2025-06-30;cov1_shares1;ordinary_days;62;0.8005201883234733;2132971.0;10692666.0;1175363.0
2025-08-31;cov0_shares0;ordinary_days;61;0.8675967121030717;1685682.0;12731421.0;-737404.0
2025-08-31;cov0_shares1;ordinary_days;61;0.8694316997293546;1662320.0;12731421.0;-737440.0
2025-08-31;cov1_shares0;ordinary_days;61;0.871213668921953;1639633.0;12731421.0;-619849.0
2025-08-31;cov1_shares1;ordinary_days;61;0.8730798392418254;1615874.0;12731421.0;-619876.0
