route;positions;boarding_positions;unique_stop_ids;nearest_metro_min_m;nearest_metro_max_m;positions_with_metro_candidate_500m;share_basis;verified_stop_observations
1;44;44;42;6.792861221208684;1014.8147395994599;14;aggregate_fit_B_v4_F_v2;0
5;32;32;30;45.161976342172196;866.5419444570239;16;route5_no_history_zero_fallback;0
7;89;89;87;2.6196431223158223;1887.9724615614464;56;aggregate_fit_B_v4_F_v2;0
11;85;85;83;27.212544460224837;1947.082213642331;35;aggregate_fit_B_v4_F_v2;0
12;97;97;95;16.70934049829849;1436.7258999074188;42;aggregate_fit_B_v4_F_v2;0
17;52;50;52;22.77310034318132;1812.324389076416;23;uniform_source_geographic_prior_only;0
25;41;39;40;22.77310034318132;2311.360846810881;16;uniform_source_geographic_prior_only;0
26;51;49;51;55.3337862944703;1141.7865476676227;17;uniform_source_geographic_prior_only;0
28;30;28;29;71.48124309067184;2211.782184526774;9;uniform_source_geographic_prior_only;0
50;83;81;82;15.048869318900895;1116.94253357227;48;uniform_source_geographic_prior_only;0
