route;comparison;mean;max
1;alpha_025;0.022951184074727154;0.028681592585613327
1;alpha_075;0.023387827141134465;0.02969358076202646
1;distance_300m;0.02785493583951999;0.03611847769701826
1;distance_800m;0.01762314339822817;0.022208601818308797
1;equal_shares;0.2907283147977896;0.4878812738866696
1;lambda_10;0.2687632583295195;0.434296417288623
1;uniform_prior;0.046385268830610414;0.05766830812571114
1;unregularized;0.3048090591361067;0.41271338166991156
5;alpha_025;0.02579083904595157;0.02579083904595157
5;alpha_075;0.026591843832605704;0.026591843832605704
5;distance_300m;0.02929405766585738;0.02929405766585738
5;distance_800m;0.018590291993277153;0.018590291993277153
5;equal_shares;0.05144839919713686;0.05144839919713686
5;lambda_10;0.04254650015441719;0.04254650015441719
5;uniform_prior;0.05144839919713686;0.05144839919713686
5;unregularized;0.05144839919713686;0.05144839919713686
7;alpha_025;0.033389204705678105;0.036048403768500596
7;alpha_075;0.03649865073710766;0.04248586709317985
7;distance_300m;0.02617582476151768;0.02750852546247078
7;distance_800m;0.019762385559950812;0.020415263347520182
7;equal_shares;0.22383263331771097;0.38680692068860056
7;lambda_10;0.20419987583854873;0.3384949759137723
7;uniform_prior;0.06615209870751486;0.0690743401873356
7;unregularized;0.3224303896932246;0.46329452052747794
11;alpha_025;0.04149432557739365;0.04194246612834654
11;alpha_075;0.04971193815504292;0.05228251212813669
11;distance_300m;0.02723849967417629;0.031132137799344303
11;distance_800m;0.021749287179020374;0.023792119093187774
11;equal_shares;0.2035578885271058;0.32675437284242376
11;lambda_10;0.18894505545968943;0.3133404882832269
11;uniform_prior;0.0795434252016082;0.08028941458107113
11;unregularized;0.36514738334174146;0.528194029746827
12;alpha_025;0.03561661165150602;0.0388422573141815
12;alpha_075;0.039866857287002025;0.04482245669393435
12;distance_300m;0.029908163033377937;0.032487600979779346
12;distance_800m;0.02259095933530913;0.02295662992605306
12;equal_shares;0.1932658048108413;0.3223551061873863
12;lambda_10;0.18147050834929623;0.30385202881344203
12;uniform_prior;0.06956744146356592;0.07502072667415813
12;unregularized;0.36327248069978924;0.5316376461968206
17;alpha_025;0.039155158790083036;0.039155158790083036
17;alpha_075;0.044317327242298574;0.044317327242298574
17;distance_300m;0.03066624169089933;0.030666241690899335
17;distance_800m;0.022959440415372557;0.022959440415372557
17;equal_shares;0.0766755150418814;0.0766755150418814
17;lambda_10;0.06117335373263287;0.06117335373263288
17;uniform_prior;0.0766755150418814;0.0766755150418814
17;unregularized;0.0766755150418814;0.0766755150418814
25;alpha_025;0.05714981594105516;0.057149815941055164
25;alpha_075;0.06827635330383229;0.06827635330383229
25;distance_300m;0.02729516581131326;0.02729516581131326
25;distance_800m;0.028770630769540128;0.028770630769540128
25;equal_shares;0.11155840977079641;0.11155840977079641
25;lambda_10;0.09120207568069011;0.09120207568069011
25;uniform_prior;0.11155840977079642;0.11155840977079642
25;unregularized;0.11155840977079642;0.11155840977079642
26;alpha_025;0.031422676972100994;0.031422676972100994
26;alpha_075;0.03270794017415339;0.03270794017415339
26;distance_300m;0.034988563664956895;0.034988563664956895
26;distance_800m;0.023000363501712993;0.023000363501712993
26;equal_shares;0.06305373365312256;0.06305373365312256
26;lambda_10;0.05426767559752298;0.054267675597522984
26;uniform_prior;0.06305373365312258;0.06305373365312258
26;unregularized;0.06305373365312258;0.06305373365312258
28;alpha_025;0.04247678345706985;0.04247678345706985
28;alpha_075;0.050416850279424094;0.0504168502794241
28;distance_300m;0.030500873596242976;0.03050087359624298
28;distance_800m;0.023343995375299752;0.023343995375299752
28;equal_shares;0.08239907066777745;0.08239907066777745
28;lambda_10;0.06610719409067414;0.06610719409067414
28;uniform_prior;0.08239907066777745;0.08239907066777745
28;unregularized;0.08239907066777745;0.08239907066777745
50;alpha_025;0.029024196567298023;0.029024196567298023
50;alpha_075;0.030680923430437997;0.030680923430437997
50;distance_300m;0.028842019804359166;0.028842019804359166
50;distance_800m;0.01972480296988713;0.01972480296988713
50;equal_shares;0.05745649919766219;0.05745649919766219
50;lambda_10;0.046254104936240256;0.046254104936240256
50;uniform_prior;0.0574564991976622;0.0574564991976622
50;unregularized;0.0574564991976622;0.0574564991976622
