occurrence_id;source_route_id;route;direction_id;pattern_key;stop_sequence;source_stop_id;stop_name;stop_lat;stop_lon;start_date;actual_date;stop_mode;boarding_eligibility;historical_validity_verified
catalog:12:2043157:1;4428;12;0;2043157;1;10463;Восточное Измайлово;55.79448147;37.82268714;2025-12-20;2026-02-05;5;assumed_unverified;False
catalog:12:2043157:2;4428;12;0;2043157;2;3707;Восточное Измайлово;55.79364821;37.82154062;2025-12-20;2026-02-05;2;assumed_unverified;False
catalog:12:2043157:3;4428;12;0;2043157;3;3636;15-я Парковая улица;55.7935984;37.81852669;2025-12-20;2026-02-05;1;assumed_unverified;False
catalog:12:2043157:4;4428;12;0;2043157;4;3637;13-я Парковая улица;55.79349712;37.8121004;2025-12-20;2026-02-05;1;assumed_unverified;False
catalog:12:2043157:5;4428;12;0;2043157;5;4070;"Районный центр ""Первомайский""";55.79337532;37.80490753;2025-12-20;2026-02-05;1;assumed_unverified;False
catalog:12:2043157:6;4428;12;0;2043157;6;4073;"Метро ""Первомайская""";55.79327072;37.79854007;2025-12-20;2026-02-05;1;assumed_unverified;False
catalog:12:2043157:7;4428;12;0;2043157;7;3638;7-я Парковая улица;55.79321952;37.79330963;2025-12-20;2026-02-05;1;assumed_unverified;False
catalog:12:2043157:8;4428;12;0;2043157;8;3639;5-я Парковая улица;55.79308626;37.78740798;2025-12-20;2026-02-05;1;assumed_unverified;False
catalog:12:2043157:9;4428;12;0;2043157;9;3640;3-я Парковая улица;55.7927587;37.78212551;2025-12-20;2026-02-05;1;assumed_unverified;False
catalog:12:2043157:10;4428;12;0;2043157;10;6257;Измайловская площадь;55.79145605;37.77504648;2025-12-20;2026-02-05;1;assumed_unverified;False
catalog:12:2043157:11;4428;12;0;2043157;11;7896;"Галерея ""Измайлово""";55.79019455;37.7708356;2025-12-20;2026-02-05;1;assumed_unverified;False
catalog:12:2043157:12;4428;12;0;2043157;12;7897;Главная аллея;55.78678655;37.76108428;2025-12-20;2026-02-05;4;assumed_unverified;False
catalog:12:2043157:13;4428;12;0;2043157;13;8843;"Метро ""Партизанская""";55.78665204;37.75092424;2025-12-20;2026-02-05;1;assumed_unverified;False
catalog:12:2043157:14;4428;12;0;2043157;14;16917;Мост Окружной железной дороги;55.78365525;37.74594301;2025-12-20;2026-02-05;1;assumed_unverified;False
catalog:12:2043157:15;4428;12;0;2043157;15;3644;Фортунатовская улица;55.78309315;37.73908137;2025-12-20;2026-02-05;1;assumed_unverified;False
catalog:12:2043157:16;4428;12;0;2043157;16;3645;Улица Ибрагимова;55.78269035;37.73005338;2025-12-20;2026-02-05;1;assumed_unverified;False
catalog:12:2043157:17;4428;12;0;2043157;17;3646;"Метро ""Семёновская""";55.78238945;37.72186995;2025-12-20;2026-02-05;1;assumed_unverified;False
catalog:12:2043157:18;4428;12;0;2043157;18;21450;"Метро ""Семёновская""";55.78165116;37.71850165;2025-12-20;2026-02-05;1;assumed_unverified;False
catalog:12:2043157:19;4428;12;0;2043157;19;4659;Кирпичная улица;55.77756426;37.72132116;2025-12-20;2026-02-05;1;assumed_unverified;False
catalog:12:2043157:20;4428;12;0;2043157;20;22816;Вольная улица;55.77530992;37.72335535;2025-12-20;2026-02-05;1;assumed_unverified;False
catalog:12:2043157:21;4428;12;0;2043157;21;4074;10-я улица Соколиной Горы;55.77217249;37.72620637;2025-12-20;2026-02-05;1;assumed_unverified;False
catalog:12:2043157:22;4428;12;0;2043157;22;3927;9-я улица Соколиной Горы;55.76985337;37.72829742;2025-12-20;2026-02-05;1;assumed_unverified;False
catalog:12:2043157:23;4428;12;0;2043157;23;4657;8-я улица Соколиной Горы;55.76801258;37.72997799;2025-12-20;2026-02-05;1;assumed_unverified;False
catalog:12:2043157:24;4428;12;0;2043157;24;10406;Проспект Будённого, 24;55.76537644;37.73237164;2025-12-20;2026-02-05;1;assumed_unverified;False
catalog:12:2043157:25;4428;12;0;2043157;25;4661;5-я улица Соколиной Горы;55.76250165;37.73501869;2025-12-20;2026-02-05;1;assumed_unverified;False
catalog:12:2043157:26;4428;12;0;2043157;26;16114;3-я улица Соколиной Горы;55.76037197;37.73699846;2025-12-20;2026-02-05;1;assumed_unverified;False
catalog:12:2043157:27;4428;12;0;2043157;27;3941;Гаражная улица;55.75726262;37.73982687;2025-12-20;2026-02-05;1;assumed_unverified;False
catalog:12:2043157:28;4428;12;0;2043157;28;6090;Улица Буракова;55.75561843;37.73695626;2025-12-20;2026-02-05;1;assumed_unverified;False
catalog:12:2043157:29;4428;12;0;2043157;29;6264;"Дом культуры ""Компрессор""";55.75309599;37.72392332;2025-12-20;2026-02-05;1;assumed_unverified;False
catalog:12:2043157:30;4428;12;0;2043157;30;1009094;"Метро ""Авиамоторная""";55.75246234;37.72077085;2025-12-20;2026-02-05;1;assumed_unverified;False
catalog:12:2043157:31;4428;12;0;2043157;31;14572;"Метро ""Авиамоторная""";55.75147797;37.71547704;2025-12-20;2026-02-05;1;assumed_unverified;False
catalog:12:2043157:32;4428;12;0;2043157;32;22095;Горбатый путепровод;55.75019468;37.70916248;2025-12-20;2026-02-05;4;assumed_unverified;False
catalog:12:2043157:33;4428;12;0;2043157;33;6009;Душинская улица;55.74863737;37.70119769;2025-12-20;2026-02-05;1;assumed_unverified;False
catalog:12:2043157:34;4428;12;0;2043157;34;15496;Старообрядческая улица;55.74786714;37.69482339;2025-12-20;2026-02-05;1;assumed_unverified;False
catalog:12:2043157:35;4428;12;0;2043157;35;7606;МЦД Москва-Товарная;55.74743741;37.68921718;2025-12-20;2026-02-05;4;assumed_unverified;False
catalog:12:2043157:36;4428;12;0;2043157;36;14922;"Метро ""Площадь Ильича""";55.74687906;37.68165749;2025-12-20;2026-02-05;1;assumed_unverified;False
catalog:12:2043157:37;4428;12;0;2043157;37;6011;Библиотечная улица;55.74524225;37.67860398;2025-12-20;2026-02-05;1;assumed_unverified;False
catalog:12:2043157:38;4428;12;0;2043157;38;6012;Новорогожская улица;55.74318985;37.67672405;2025-12-20;2026-02-05;1;assumed_unverified;False
catalog:12:2043157:39;4428;12;0;2043157;39;6013;Малая Андроньевская улица;55.74057473;37.67422608;2025-12-20;2026-02-05;1;assumed_unverified;False
catalog:12:2043157:40;4428;12;0;2043157;40;22949;Абельмановская Застава;55.73798843;37.67244582;2025-12-20;2026-02-05;1;assumed_unverified;False
catalog:12:2043157:41;4428;12;0;2043157;41;6014;"Кинотеатр ""Победа""";55.73521976;37.67026601;2025-12-20;2026-02-05;1;assumed_unverified;False
catalog:12:2043157:42;4428;12;0;2043157;42;6023;"Метро ""Пролетарская""";55.73133132;37.6634618;2025-12-20;2026-02-05;1;assumed_unverified;False
catalog:12:2043157:43;4428;12;0;2043157;43;8610;Динамовская улица;55.72975115;37.66152474;2025-12-20;2026-02-05;4;assumed_unverified;False
catalog:12:2043157:44;4428;12;0;2043157;44;8611;Арбатецкая улица;55.72684475;37.66331442;2025-12-20;2026-02-05;4;assumed_unverified;False
catalog:12:2043157:45;4428;12;0;2043157;45;1000509;Шарикоподшипниковская улица;55.72424032;37.66395416;2025-12-20;2026-02-05;1;assumed_unverified;False
catalog:12:2043157:46;4428;12;0;2043157;46;6016;ЦНИИТМАШ;55.72188493;37.66849532;2025-12-20;2026-02-05;4;assumed_unverified;False
catalog:12:2043157:47;4428;12;0;2043157;47;6020;Новоостаповская улица;55.72083739;37.67388165;2025-12-20;2026-02-05;4;assumed_unverified;False
catalog:12:2043157:48;4428;12;0;2043157;48;5387;"Метро ""Дубровка""";55.71818243;37.6760721;2025-12-20;2026-02-05;1;assumed_unverified;False
catalog:12:2043157:49;4428;12;0;2043157;49;10737;МЦК Дубровка;55.71537983;37.67823797;2025-12-20;2026-02-05;1;assumed_unverified;False
catalog:12:2043157:50;4428;12;0;2043157;50;8439;МЦК Дубровка;55.71421404;37.67850074;2025-12-20;2026-02-05;6;assumed_unverified;False
catalog:12:2043158:1;4428;12;1;2043158;1;8439;МЦК Дубровка;55.71421404;37.67850074;2025-12-20;2026-02-05;1;assumed_unverified;False
catalog:12:2043158:2;4428;12;1;2043158;2;8098;МЦК Дубровка;55.71521257;37.67853812;2025-12-20;2026-02-05;1;assumed_unverified;False
catalog:12:2043158:3;4428;12;1;2043158;3;6019;"Метро ""Дубровка""";55.71787208;37.67652303;2025-12-20;2026-02-05;1;assumed_unverified;False
catalog:12:2043158:4;4428;12;1;2043158;4;6017;Новоостаповская улица;55.72044752;37.6746132;2025-12-20;2026-02-05;1;assumed_unverified;False
catalog:12:2043158:5;4428;12;1;2043158;5;6021;ЦНИИТМАШ;55.72198839;37.66913948;2025-12-20;2026-02-05;4;assumed_unverified;False
catalog:12:2043158:6;4428;12;1;2043158;6;3788;Шарикоподшипниковская улица;55.72367835;37.66417052;2025-12-20;2026-02-05;1;assumed_unverified;False
catalog:12:2043158:7;4428;12;1;2043158;7;8612;Арбатецкая улица;55.72674768;37.66354269;2025-12-20;2026-02-05;4;assumed_unverified;False
catalog:12:2043158:8;4428;12;1;2043158;8;8613;Динамовская улица;55.73006156;37.66156425;2025-12-20;2026-02-05;4;assumed_unverified;False
catalog:12:2043158:9;4428;12;1;2043158;9;7193;"Метро ""Пролетарская""";55.73134335;37.66409171;2025-12-20;2026-02-05;1;assumed_unverified;False
catalog:12:2043158:10;4428;12;1;2043158;10;6024;"Кинотеатр ""Победа""";55.73487675;37.67037214;2025-12-20;2026-02-05;1;assumed_unverified;False
catalog:12:2043158:11;4428;12;1;2043158;11;6025;Абельмановская Застава;55.73794835;37.67259894;2025-12-20;2026-02-05;1;assumed_unverified;False
catalog:12:2043158:12;4428;12;1;2043158;12;6026;Новорогожская улица;55.74348693;37.67741908;2025-12-20;2026-02-05;1;assumed_unverified;False
catalog:12:2043158:13;4428;12;1;2043158;13;6027;Библиотечная улица;55.74522631;37.67909484;2025-12-20;2026-02-05;1;assumed_unverified;False
catalog:12:2043158:14;4428;12;1;2043158;14;8459;"Метро ""Площадь Ильича""";55.74677458;37.68172587;2025-12-20;2026-02-05;1;assumed_unverified;False
catalog:12:2043158:15;4428;12;1;2043158;15;7605;МЦД Москва-Товарная;55.7473783;37.68947773;2025-12-20;2026-02-05;4;assumed_unverified;False
catalog:12:2043158:16;4428;12;1;2043158;16;15495;Старообрядческая улица;55.74765675;37.69341695;2025-12-20;2026-02-05;1;assumed_unverified;False
catalog:12:2043158:17;4428;12;1;2043158;17;6029;Душинская улица;55.74870511;37.7020464;2025-12-20;2026-02-05;1;assumed_unverified;False
catalog:12:2043158:18;4428;12;1;2043158;18;22096;Горбатый путепровод;55.74993524;37.70844553;2025-12-20;2026-02-05;4;assumed_unverified;False
catalog:12:2043158:19;4428;12;1;2043158;19;5342;"Метро ""Авиамоторная""";55.75150237;37.7161645;2025-12-20;2026-02-05;1;assumed_unverified;False
catalog:12:2043158:20;4428;12;1;2043158;20;1009095;"Метро ""Авиамоторная""";55.75236271;37.72082716;2025-12-20;2026-02-05;1;assumed_unverified;False
catalog:12:2043158:21;4428;12;1;2043158;21;6266;"Дом культуры ""Компрессор""";55.75291464;37.72378877;2025-12-20;2026-02-05;1;assumed_unverified;False
catalog:12:2043158:22;4428;12;1;2043158;22;6087;Улица Буракова;55.75545612;37.73668507;2025-12-20;2026-02-05;1;assumed_unverified;False
catalog:12:2043158:23;4428;12;1;2043158;23;3930;Гаражная улица;55.75737659;37.73988521;2025-12-20;2026-02-05;1;assumed_unverified;False
catalog:12:2043158:24;4428;12;1;2043158;24;7143;3-я улица Соколиной Горы;55.76110903;37.73645468;2025-12-20;2026-02-05;1;assumed_unverified;False
catalog:12:2043158:25;4428;12;1;2043158;25;3863;5-я улица Соколиной Горы;55.76358271;37.73419408;2025-12-20;2026-02-05;1;assumed_unverified;False
catalog:12:2043158:26;4428;12;1;2043158;26;10702;Проспект Будённого, 24;55.76541912;37.73250897;2025-12-20;2026-02-05;1;assumed_unverified;False
catalog:12:2043158:27;4428;12;1;2043158;27;4660;8-я улица Соколиной Горы;55.76798773;37.73015084;2025-12-20;2026-02-05;1;assumed_unverified;False
catalog:12:2043158:28;4428;12;1;2043158;28;3943;9-я улица Соколиной Горы;55.77063947;37.72774494;2025-12-20;2026-02-05;1;assumed_unverified;False
catalog:12:2043158:29;4428;12;1;2043158;29;4069;10-я улица Соколиной Горы;55.7727669;37.7258268;2025-12-20;2026-02-05;1;assumed_unverified;False
catalog:12:2043158:30;4428;12;1;2043158;30;22815;Вольная улица;55.77534646;37.7234992;2025-12-20;2026-02-05;1;assumed_unverified;False
catalog:12:2043158:31;4428;12;1;2043158;31;4658;Кирпичная улица;55.77764821;37.72136516;2025-12-20;2026-02-05;1;assumed_unverified;False
catalog:12:2043158:32;4428;12;1;2043158;32;3622;"Метро ""Семёновская""";55.78215255;37.72008527;2025-12-20;2026-02-05;1;assumed_unverified;False
catalog:12:2043158:33;4428;12;1;2043158;33;3623;Улица Ибрагимова;55.78258775;37.73112375;2025-12-20;2026-02-05;1;assumed_unverified;False
catalog:12:2043158:34;4428;12;1;2043158;34;3624;Фортунатовская улица;55.78286096;37.73864919;2025-12-20;2026-02-05;1;assumed_unverified;False
catalog:12:2043158:35;4428;12;1;2043158;35;16916;Мост Окружной железной дороги;55.78379333;37.74609084;2025-12-20;2026-02-05;1;assumed_unverified;False
catalog:12:2043158:36;4428;12;1;2043158;36;8844;"Метро ""Партизанская""";55.78654187;37.75022768;2025-12-20;2026-02-05;1;assumed_unverified;False
catalog:12:2043158:37;4428;12;1;2043158;37;3627;Главная аллея;55.7866487;37.76169693;2025-12-20;2026-02-05;4;assumed_unverified;False
catalog:12:2043158:38;4428;12;1;2043158;38;7894;"Галерея ""Измайлово""";55.79007904;37.77092625;2025-12-20;2026-02-05;1;assumed_unverified;False
catalog:12:2043158:39;4428;12;1;2043158;39;3628;Измайловская площадь;55.79207947;37.77820362;2025-12-20;2026-02-05;1;assumed_unverified;False
catalog:12:2043158:40;4428;12;1;2043158;40;3629;3-я Парковая улица;55.79281619;37.78379377;2025-12-20;2026-02-05;1;assumed_unverified;False
catalog:12:2043158:41;4428;12;1;2043158;41;3630;5-я Парковая улица;55.792988;37.78902938;2025-12-20;2026-02-05;1;assumed_unverified;False
catalog:12:2043158:42;4428;12;1;2043158;42;3631;7-я Парковая улица;55.79311915;37.79476118;2025-12-20;2026-02-05;1;assumed_unverified;False
catalog:12:2043158:43;4428;12;1;2043158;43;3632;"Метро ""Первомайская""";55.79317447;37.80028776;2025-12-20;2026-02-05;1;assumed_unverified;False
catalog:12:2043158:44;4428;12;1;2043158;44;4072;"Районный центр ""Первомайский""";55.79327873;37.80625892;2025-12-20;2026-02-05;1;assumed_unverified;False
catalog:12:2043158:45;4428;12;1;2043158;45;3691;13-я Парковая улица;55.79339478;37.81327101;2025-12-20;2026-02-05;1;assumed_unverified;False
catalog:12:2043158:46;4428;12;1;2043158;46;3633;15-я Парковая улица;55.79350052;37.8198454;2025-12-20;2026-02-05;3;assumed_unverified;False
catalog:12:2043158:47;4428;12;1;2043158;47;10463;Восточное Измайлово;55.79448147;37.82268714;2025-12-20;2026-02-05;5;assumed_unverified;False
