route;date;hour;raw_boardings;boardings;working_events;supplied_label_present;successful_working_observed;working_events_observed;removed_boardings
1;2025-01-01;0;0;0;0;False;False;False;0
1;2025-01-02;0;0;0;0;False;False;False;0
1;2025-01-03;0;0;0;0;False;False;False;0
1;2025-01-04;0;0;0;0;False;False;False;0
1;2025-01-05;0;0;0;0;False;False;False;0
1;2025-01-06;0;0;0;0;False;False;False;0
1;2025-01-07;0;0;0;0;False;False;False;0
1;2025-01-08;0;0;0;0;False;False;False;0
1;2025-01-09;0;0;0;0;False;False;False;0
1;2025-01-12;0;0;0;0;False;False;False;0
1;2025-01-13;0;0;0;0;False;False;False;0
1;2025-01-19;0;0;0;0;False;False;False;0
1;2025-01-26;0;0;0;0;False;False;False;0
1;2025-01-27;0;0;0;0;False;False;False;0
1;2025-02-02;0;0;0;0;False;False;False;0
1;2025-02-03;0;0;0;0;False;False;False;0
1;2025-02-10;0;0;0;0;False;False;False;0
1;2025-02-16;0;0;0;0;False;False;False;0
1;2025-02-17;0;0;0;0;False;False;False;0
1;2025-02-24;0;0;0;0;False;False;False;0
1;2025-03-02;0;0;0;0;False;False;False;0
1;2025-03-03;0;0;0;0;False;False;False;0
1;2025-03-09;0;0;0;0;False;False;False;0
1;2025-03-10;0;0;0;0;False;False;False;0
1;2025-03-16;0;0;0;0;False;False;False;0
1;2025-03-17;0;0;0;0;False;False;False;0
1;2025-03-23;0;0;0;0;False;False;False;0
1;2025-03-24;0;0;0;0;False;False;False;0
1;2025-03-27;0;0;0;0;False;False;False;0
1;2025-03-30;0;0;0;0;False;False;False;0
1;2025-03-31;0;0;0;0;False;False;False;0
1;2025-04-07;0;0;0;0;False;False;False;0
1;2025-04-09;0;0;0;0;False;False;False;0
1;2025-04-13;0;0;0;0;False;False;False;0
1;2025-04-20;0;0;0;0;False;False;False;0
1;2025-04-21;0;0;0;0;False;False;False;0
1;2025-04-27;0;0;0;0;False;False;False;0
1;2025-04-28;0;0;0;0;False;False;False;0
1;2025-05-01;0;0;0;0;False;False;False;0
1;2025-05-02;0;0;0;0;False;False;False;0
1;2025-05-03;0;0;0;0;False;False;False;0
1;2025-05-04;0;0;0;0;False;False;False;0
1;2025-05-05;0;0;0;0;False;False;False;0
1;2025-05-09;0;0;0;0;False;False;False;0
1;2025-05-10;0;0;0;0;False;False;False;0
1;2025-05-12;0;0;0;0;False;False;False;0
1;2025-05-17;0;0;0;0;False;False;False;0
1;2025-05-18;0;0;0;0;False;False;False;0
1;2025-05-19;0;0;0;0;False;False;False;0
1;2025-05-25;0;0;0;0;False;False;False;0
1;2025-05-26;0;0;0;0;False;False;False;0
1;2025-05-27;0;0;0;0;False;False;False;0
1;2025-06-01;0;0;0;0;False;False;False;0
1;2025-06-02;0;0;0;0;False;False;False;0
1;2025-06-03;0;0;0;0;False;False;False;0
1;2025-06-05;0;0;0;0;False;False;False;0
1;2025-06-08;0;0;0;0;False;False;False;0
1;2025-06-09;0;0;0;0;False;False;False;0
1;2025-06-13;0;0;0;0;False;False;False;0
1;2025-06-14;0;0;0;0;False;False;False;0
1;2025-06-15;0;0;0;0;False;False;False;0
1;2025-06-16;0;0;0;0;False;False;False;0
1;2025-06-22;0;0;0;0;False;False;False;0
1;2025-06-23;0;0;0;0;False;False;False;0
1;2025-06-30;0;0;0;0;False;False;False;0
1;2025-07-07;0;0;0;0;False;False;False;0
1;2025-07-13;0;0;0;0;False;False;False;0
1;2025-07-14;0;0;0;0;False;False;False;0
1;2025-07-20;0;0;0;0;False;False;False;0
1;2025-07-21;0;0;0;0;False;False;False;0
1;2025-07-25;0;0;0;0;False;False;False;0
1;2025-07-27;0;0;0;0;False;False;False;0
1;2025-07-28;0;0;0;0;False;False;False;0
1;2025-07-30;0;0;0;0;False;False;False;0
1;2025-08-03;0;0;0;0;False;False;False;0
1;2025-08-04;0;0;0;0;False;False;False;0
1;2025-08-10;0;0;0;0;False;False;False;0
1;2025-08-11;0;0;0;0;False;False;False;0
1;2025-08-17;0;0;0;0;False;False;False;0
1;2025-08-18;0;0;0;0;False;False;False;0
1;2025-08-23;0;0;0;0;False;False;False;0
1;2025-08-24;0;0;0;0;False;False;False;0
1;2025-08-25;0;0;0;0;False;False;False;0
1;2025-08-29;0;0;0;0;False;False;False;0
1;2025-08-31;0;0;0;0;False;False;False;0
1;2025-09-01;0;0;0;0;False;False;False;0
1;2025-09-03;0;0;0;0;False;False;False;0
1;2025-09-04;0;0;0;0;False;False;False;0
1;2025-09-07;0;0;0;0;False;False;False;0
1;2025-09-08;0;0;0;0;False;False;False;0
1;2025-09-14;0;0;0;0;False;False;False;0
1;2025-09-15;0;0;0;0;False;False;False;0
1;2025-09-18;0;0;0;0;False;False;False;0
1;2025-09-20;0;0;0;0;False;False;False;0
1;2025-09-21;0;0;0;0;False;False;False;0
1;2025-09-22;0;0;0;0;False;False;False;0
1;2025-09-26;0;0;0;0;False;False;False;0
1;2025-09-28;0;0;0;0;False;False;False;0
1;2025-09-29;0;0;0;0;False;False;False;0
1;2025-09-30;0;0;0;0;False;False;False;0
1;2025-10-01;0;0;0;0;False;False;False;0
1;2025-10-05;0;0;0;0;False;False;False;0
1;2025-10-06;0;0;0;0;False;False;False;0
1;2025-10-12;0;0;0;0;False;False;False;0
1;2025-10-13;0;0;0;0;False;False;False;0
1;2025-10-14;0;0;0;0;False;False;False;0
1;2025-10-19;0;0;0;0;False;False;False;0
1;2025-10-20;0;0;0;0;False;False;False;0
1;2025-10-21;0;0;0;0;False;False;False;0
1;2025-10-26;0;0;0;0;False;False;False;0
1;2025-10-27;0;0;0;0;False;False;False;0
7;2025-01-01;0;0;0;0;False;False;False;0
7;2025-01-01;5;0;0;0;False;False;False;0
11;2025-01-01;0;0;0;0;False;False;False;0
11;2025-01-01;5;0;0;0;False;False;False;0
12;2025-01-01;0;0;0;0;False;False;False;0
17;2025-01-01;0;0;0;0;False;False;False;0
17;2025-01-01;5;0;0;0;False;False;False;0
17;2025-04-26;23;0;0;0;False;False;False;0
17;2025-04-27;0;0;0;0;False;False;False;0
17;2025-04-27;5;0;0;0;False;False;False;0
25;2025-01-01;0;0;0;0;False;False;False;0
25;2025-01-01;5;0;0;0;False;False;False;0
25;2025-01-06;5;0;0;0;False;False;False;0
25;2025-01-10;0;0;0;0;False;False;False;0
25;2025-01-10;5;0;0;0;False;False;False;0
25;2025-01-11;0;0;0;0;False;False;False;0
25;2025-01-14;0;0;0;0;False;False;False;0
25;2025-01-15;0;0;0;0;False;False;False;0
25;2025-01-15;5;0;0;0;False;False;False;0
25;2025-01-16;0;0;0;0;False;False;False;0
25;2025-01-17;0;0;0;0;False;False;False;0
25;2025-01-17;5;0;0;0;False;False;False;0
25;2025-01-18;0;0;0;0;False;False;False;0
25;2025-01-18;5;0;0;0;False;False;False;0
25;2025-01-21;5;0;0;0;False;False;False;0
25;2025-01-22;0;0;0;0;False;False;False;0
25;2025-01-23;0;0;0;0;False;False;False;0
25;2025-01-23;5;0;0;0;False;False;False;0
25;2025-01-25;0;0;0;0;False;False;False;0
25;2025-01-26;5;0;0;0;False;False;False;0
25;2025-01-27;5;0;0;0;False;False;False;0
25;2025-01-28;0;0;0;0;False;False;False;0
25;2025-01-28;5;0;0;2;False;False;True;0
25;2025-01-29;0;0;0;0;False;False;False;0
25;2025-01-29;5;0;0;0;False;False;False;0
25;2025-01-30;0;0;0;0;False;False;False;0
25;2025-01-31;0;0;0;0;False;False;False;0
25;2025-01-31;5;0;0;0;False;False;False;0
25;2025-02-01;0;0;0;0;False;False;False;0
25;2025-02-03;5;0;0;0;False;False;False;0
25;2025-02-04;0;0;0;0;False;False;False;0
25;2025-02-05;0;0;0;0;False;False;False;0
25;2025-02-06;0;0;0;0;False;False;False;0
25;2025-02-06;5;0;0;0;False;False;False;0
25;2025-02-07;0;0;0;0;False;False;False;0
25;2025-02-08;0;0;0;0;False;False;False;0
25;2025-02-09;5;0;0;0;False;False;False;0
25;2025-02-10;5;0;0;0;False;False;False;0
25;2025-02-12;0;0;0;0;False;False;False;0
25;2025-02-12;5;5;0;0;True;False;False;5
25;2025-02-13;0;0;0;0;False;False;False;0
25;2025-02-14;0;0;0;0;False;False;False;0
25;2025-02-14;5;0;0;0;False;False;False;0
25;2025-02-15;5;0;0;0;False;False;False;0
25;2025-02-17;5;0;0;0;False;False;False;0
25;2025-02-20;0;0;0;0;False;False;False;0
25;2025-02-20;5;0;0;0;False;False;False;0
25;2025-02-21;0;0;0;0;False;False;False;0
25;2025-02-21;5;0;0;0;False;False;False;0
25;2025-02-21;23;0;0;0;False;False;False;0
25;2025-02-22;0;0;0;0;False;False;False;0
25;2025-02-24;23;0;0;1;False;False;True;0
25;2025-02-25;0;0;0;0;False;False;False;0
25;2025-02-26;0;0;0;0;False;False;False;0
25;2025-02-26;5;0;0;0;False;False;False;0
25;2025-02-27;0;0;0;0;False;False;False;0
25;2025-02-28;0;0;0;0;False;False;False;0
25;2025-02-28;5;0;0;0;False;False;False;0
25;2025-03-01;0;0;0;0;False;False;False;0
25;2025-03-01;5;0;0;0;False;False;False;0
25;2025-03-04;0;0;0;0;False;False;False;0
25;2025-03-04;5;0;0;0;False;False;False;0
25;2025-03-05;0;0;0;0;False;False;False;0
25;2025-03-06;0;0;0;0;False;False;False;0
25;2025-03-07;0;0;0;0;False;False;False;0
25;2025-03-08;0;0;0;0;False;False;False;0
25;2025-03-08;5;0;0;0;False;False;False;0
25;2025-03-11;0;0;0;0;False;False;False;0
25;2025-03-11;5;0;0;0;False;False;False;0
25;2025-03-12;0;0;0;0;False;False;False;0
25;2025-03-13;0;0;0;0;False;False;False;0
25;2025-03-14;5;0;0;0;False;False;False;0
25;2025-03-15;0;0;0;0;False;False;False;0
25;2025-03-15;5;0;0;0;False;False;False;0
25;2025-03-17;5;0;0;0;False;False;False;0
25;2025-03-18;0;0;0;0;False;False;False;0
25;2025-03-19;0;0;0;0;False;False;False;0
25;2025-03-19;23;0;0;0;False;False;False;0
25;2025-03-20;0;0;0;0;False;False;False;0
25;2025-03-21;0;0;0;0;False;False;False;0
25;2025-03-22;0;0;0;0;False;False;False;0
25;2025-03-22;5;0;0;0;False;False;False;0
25;2025-03-26;0;0;0;0;False;False;False;0
25;2025-03-27;0;0;0;0;False;False;False;0
25;2025-03-28;0;0;0;0;False;False;False;0
25;2025-03-29;0;0;0;0;False;False;False;0
25;2025-04-01;0;0;0;0;False;False;False;0
25;2025-04-03;0;0;0;0;False;False;False;0
25;2025-04-08;0;0;0;0;False;False;False;0
25;2025-04-09;0;0;0;0;False;False;False;0
25;2025-04-10;0;0;0;0;False;False;False;0
25;2025-04-11;0;0;0;0;False;False;False;0
25;2025-04-16;0;0;0;0;False;False;False;0
25;2025-04-17;0;0;0;0;False;False;False;0
25;2025-04-18;0;0;0;0;False;False;False;0
25;2025-04-19;0;0;0;0;False;False;False;0
25;2025-04-19;5;0;0;0;False;False;False;0
25;2025-04-22;0;0;0;0;False;False;False;0
25;2025-04-26;0;0;0;0;False;False;False;0
25;2025-04-26;5;0;0;0;False;False;False;0
25;2025-04-29;0;0;0;0;False;False;False;0
25;2025-04-30;0;0;0;0;False;False;False;0
25;2025-05-01;0;0;0;0;False;False;False;0
25;2025-05-06;0;0;0;0;False;False;False;0
25;2025-05-07;0;0;0;0;False;False;False;0
25;2025-05-08;0;0;0;0;False;False;False;0
25;2025-05-09;5;0;0;0;False;False;False;0
25;2025-05-11;5;0;0;0;False;False;False;0
25;2025-05-13;0;0;0;0;False;False;False;0
25;2025-05-14;0;0;0;0;False;False;False;0
25;2025-05-15;0;0;0;0;False;False;False;0
25;2025-05-16;0;0;0;0;False;False;False;0
25;2025-05-17;0;0;0;0;False;False;False;0
25;2025-05-18;5;0;0;0;False;False;False;0
25;2025-05-20;0;0;0;0;False;False;False;0
25;2025-05-22;0;0;0;0;False;False;False;0
25;2025-05-23;0;0;0;0;False;False;False;0
25;2025-05-24;0;0;0;0;False;False;False;0
25;2025-05-25;5;0;0;0;False;False;False;0
25;2025-05-28;0;0;0;0;False;False;False;0
25;2025-05-29;0;0;0;0;False;False;False;0
25;2025-05-30;0;0;0;0;False;False;False;0
25;2025-05-31;0;0;0;0;False;False;False;0
25;2025-05-31;5;0;0;0;False;False;False;0
25;2025-06-03;0;0;0;0;False;False;False;0
25;2025-06-04;0;0;0;0;False;False;False;0
25;2025-06-06;0;0;0;0;False;False;False;0
25;2025-06-07;0;0;0;0;False;False;False;0
25;2025-06-07;5;0;0;0;False;False;False;0
25;2025-06-15;5;0;0;0;False;False;False;0
25;2025-06-18;0;0;0;0;False;False;False;0
25;2025-06-19;0;0;0;0;False;False;False;0
25;2025-06-21;0;0;0;0;False;False;False;0
25;2025-06-24;0;0;0;0;False;False;False;0
25;2025-06-25;0;0;0;0;False;False;False;0
25;2025-06-26;0;0;0;0;False;False;False;0
25;2025-06-27;0;0;0;0;False;False;False;0
25;2025-06-27;23;0;0;0;False;False;False;0
25;2025-06-28;0;0;0;0;False;False;False;0
25;2025-07-01;0;0;0;0;False;False;False;0
25;2025-07-03;0;0;0;0;False;False;False;0
25;2025-07-04;0;0;0;0;False;False;False;0
25;2025-07-06;5;0;0;0;False;False;False;0
25;2025-07-07;23;0;0;0;False;False;False;0
25;2025-07-08;0;0;0;0;False;False;False;0
25;2025-07-09;0;0;0;0;False;False;False;0
25;2025-07-11;0;0;0;0;False;False;False;0
25;2025-07-12;0;0;0;0;False;False;False;0
25;2025-07-15;0;0;0;0;False;False;False;0
25;2025-07-16;0;0;0;0;False;False;False;0
25;2025-07-17;0;0;0;0;False;False;False;0
25;2025-07-18;0;0;0;0;False;False;False;0
25;2025-07-19;0;0;0;0;False;False;False;0
25;2025-07-21;23;0;0;0;False;False;False;0
25;2025-07-22;0;0;0;0;False;False;False;0
25;2025-07-23;0;0;0;0;False;False;False;0
25;2025-07-24;0;0;0;0;False;False;False;0
25;2025-07-25;0;0;0;0;False;False;False;0
25;2025-07-27;5;0;0;0;False;False;False;0
25;2025-07-29;0;0;0;0;False;False;False;0
25;2025-07-30;0;0;0;0;False;False;False;0
25;2025-07-31;0;0;0;0;False;False;False;0
25;2025-08-01;0;0;0;0;False;False;False;0
25;2025-08-02;0;0;0;0;False;False;False;0
25;2025-08-02;5;0;0;0;False;False;False;0
25;2025-08-03;5;0;0;0;False;False;False;0
25;2025-08-05;0;0;0;0;False;False;False;0
25;2025-08-06;0;0;0;0;False;False;False;0
25;2025-08-07;0;0;0;0;False;False;False;0
25;2025-08-08;0;0;0;0;False;False;False;0
25;2025-08-09;0;0;0;0;False;False;False;0
25;2025-08-13;0;0;0;0;False;False;False;0
25;2025-08-16;5;0;0;0;False;False;False;0
25;2025-08-19;0;0;0;0;False;False;False;0
25;2025-08-23;5;0;0;0;False;False;False;0
25;2025-08-27;0;0;0;0;False;False;False;0
25;2025-08-28;0;0;0;0;False;False;False;0
25;2025-08-29;0;0;0;0;False;False;False;0
25;2025-08-30;0;0;0;0;False;False;False;0
25;2025-08-30;5;0;0;0;False;False;False;0
25;2025-09-01;23;0;0;0;False;False;False;0
25;2025-09-02;0;0;0;0;False;False;False;0
25;2025-09-03;0;0;0;0;False;False;False;0
25;2025-09-04;0;0;0;0;False;False;False;0
25;2025-09-05;0;0;0;0;False;False;False;0
25;2025-09-07;5;0;0;0;False;False;False;0
25;2025-09-08;23;0;0;0;False;False;False;0
25;2025-09-09;0;0;0;0;False;False;False;0
25;2025-09-10;0;0;0;0;False;False;False;0
25;2025-09-11;0;0;0;0;False;False;False;0
25;2025-09-12;0;0;0;0;False;False;False;0
25;2025-09-16;23;0;0;0;False;False;False;0
25;2025-09-17;0;0;0;0;False;False;False;0
25;2025-09-18;0;0;0;0;False;False;False;0
25;2025-09-19;0;0;0;0;False;False;False;0
25;2025-09-20;0;0;0;0;False;False;False;0
25;2025-09-20;5;0;0;0;False;False;False;0
25;2025-09-24;0;0;0;0;False;False;False;0
25;2025-09-25;0;0;0;0;False;False;False;0
25;2025-09-25;23;0;0;0;False;False;False;0
25;2025-09-26;0;0;0;0;False;False;False;0
25;2025-09-27;0;0;0;0;False;False;False;0
25;2025-09-29;5;0;0;0;False;False;False;0
25;2025-09-30;0;0;0;0;False;False;False;0
25;2025-10-02;0;0;0;0;False;False;False;0
25;2025-10-03;0;0;0;0;False;False;False;0
25;2025-10-04;0;0;0;0;False;False;False;0
25;2025-10-07;0;0;0;0;False;False;False;0
25;2025-10-08;0;0;0;0;False;False;False;0
25;2025-10-09;0;0;0;0;False;False;False;0
25;2025-10-10;0;0;0;0;False;False;False;0
25;2025-10-11;0;0;0;0;False;False;False;0
25;2025-10-15;0;0;0;0;False;False;False;0
25;2025-10-17;0;0;0;0;False;False;False;0
25;2025-10-18;0;0;0;0;False;False;False;0
25;2025-10-21;0;0;0;0;False;False;False;0
25;2025-10-22;0;0;0;0;False;False;False;0
25;2025-10-23;0;0;0;0;False;False;False;0
25;2025-10-24;0;0;0;0;False;False;False;0
25;2025-10-28;0;0;0;0;False;False;False;0
25;2025-10-28;23;0;0;0;False;False;False;0
25;2025-10-29;0;0;0;0;False;False;False;0
25;2025-10-31;0;0;0;0;False;False;False;0
26;2025-01-01;0;0;0;0;False;False;False;0
26;2025-01-01;5;0;0;0;False;False;False;0
28;2025-01-01;0;0;0;0;False;False;False;0
28;2025-01-01;5;0;0;0;False;False;False;0
28;2025-01-03;0;0;0;0;False;False;False;0
28;2025-01-09;0;0;0;0;False;False;False;0
28;2025-01-10;0;0;0;0;False;False;False;0
28;2025-01-11;0;0;0;0;False;False;False;0
28;2025-01-13;0;0;0;0;False;False;False;0
28;2025-01-17;0;0;0;0;False;False;False;0
28;2025-01-20;0;0;0;0;False;False;False;0
28;2025-01-23;0;0;0;0;False;False;False;0
28;2025-01-24;0;0;0;0;False;False;False;0
28;2025-01-25;0;0;0;0;False;False;False;0
28;2025-01-26;0;0;0;0;False;False;False;0
28;2025-01-27;0;0;0;0;False;False;False;0
28;2025-01-29;0;0;0;0;False;False;False;0
28;2025-01-30;0;0;0;0;False;False;False;0
28;2025-02-01;0;0;0;0;False;False;False;0
28;2025-02-02;0;0;0;0;False;False;False;0
28;2025-02-03;0;0;0;0;False;False;False;0
28;2025-02-04;0;0;0;0;False;False;False;0
28;2025-02-05;0;0;0;0;False;False;False;0
28;2025-02-07;0;0;0;0;False;False;False;0
28;2025-02-08;0;0;0;0;False;False;False;0
28;2025-02-13;0;0;0;0;False;False;False;0
28;2025-02-14;0;0;0;0;False;False;False;0
28;2025-02-15;0;0;0;0;False;False;False;0
28;2025-02-16;0;0;0;0;False;False;False;0
28;2025-02-17;0;0;0;0;False;False;False;0
28;2025-02-18;0;0;0;0;False;False;False;0
28;2025-02-19;0;0;0;0;False;False;False;0
28;2025-02-21;0;0;0;0;False;False;False;0
28;2025-02-22;0;0;0;0;False;False;False;0
28;2025-02-24;0;0;0;0;False;False;False;0
28;2025-02-25;0;0;0;0;False;False;False;0
28;2025-02-26;0;0;0;0;False;False;False;0
28;2025-02-27;0;0;0;0;False;False;False;0
28;2025-02-28;0;0;0;0;False;False;False;0
28;2025-03-01;0;0;0;0;False;False;False;0
28;2025-03-02;0;0;0;0;False;False;False;0
28;2025-03-03;0;0;0;0;False;False;False;0
28;2025-03-04;0;0;0;0;False;False;False;0
28;2025-03-06;0;0;0;0;False;False;False;0
28;2025-03-10;0;0;0;0;False;False;False;0
28;2025-03-11;0;0;0;0;False;False;False;0
28;2025-03-12;0;0;0;0;False;False;False;0
28;2025-03-13;0;0;0;0;False;False;False;0
28;2025-03-14;0;0;0;0;False;False;False;0
28;2025-03-15;0;0;0;0;False;False;False;0
28;2025-03-16;0;0;0;0;False;False;False;0
28;2025-03-17;0;0;0;0;False;False;False;0
28;2025-03-18;0;0;0;0;False;False;False;0
28;2025-03-19;0;0;0;0;False;False;False;0
28;2025-03-20;0;0;0;0;False;False;False;0
28;2025-03-21;0;0;0;0;False;False;False;0
28;2025-03-22;0;0;0;0;False;False;False;0
28;2025-03-23;0;0;0;0;False;False;False;0
28;2025-03-24;0;0;0;0;False;False;False;0
28;2025-03-25;0;0;0;0;False;False;False;0
28;2025-03-26;0;0;0;0;False;False;False;0
28;2025-03-27;0;0;0;0;False;False;False;0
28;2025-03-28;0;0;0;0;False;False;False;0
28;2025-03-29;0;0;0;0;False;False;False;0
28;2025-03-30;0;0;0;0;False;False;False;0
28;2025-03-31;0;0;0;0;False;False;False;0
28;2025-04-02;0;0;0;0;False;False;False;0
28;2025-04-08;0;0;0;0;False;False;False;0
28;2025-04-09;0;0;0;0;False;False;False;0
28;2025-04-10;0;0;0;0;False;False;False;0
28;2025-04-11;0;0;0;0;False;False;False;0
28;2025-04-12;0;0;0;0;False;False;False;0
28;2025-04-13;0;0;0;0;False;False;False;0
28;2025-04-14;0;0;0;0;False;False;False;0
28;2025-04-15;0;0;0;0;False;False;False;0
28;2025-04-16;0;0;0;0;False;False;False;0
28;2025-04-18;0;0;0;0;False;False;False;0
28;2025-04-19;0;0;0;0;False;False;False;0
28;2025-04-22;0;0;0;0;False;False;False;0
28;2025-04-23;0;0;0;0;False;False;False;0
28;2025-04-24;0;0;0;0;False;False;False;0
28;2025-04-25;0;0;0;0;False;False;False;0
28;2025-04-26;0;0;0;0;False;False;False;0
28;2025-04-29;0;0;0;0;False;False;False;0
28;2025-04-30;0;0;0;0;False;False;False;0
28;2025-05-01;0;0;0;0;False;False;False;0
28;2025-05-02;0;0;0;0;False;False;False;0
28;2025-05-07;0;0;0;0;False;False;False;0
28;2025-05-08;0;0;0;0;False;False;False;0
28;2025-05-09;0;0;0;0;False;False;False;0
28;2025-05-10;0;0;0;0;False;False;False;0
28;2025-05-11;0;0;0;0;False;False;False;0
28;2025-05-12;0;0;0;0;False;False;False;0
28;2025-05-13;0;0;0;0;False;False;False;0
28;2025-05-15;0;0;0;0;False;False;False;0
28;2025-05-17;0;0;0;0;False;False;False;0
28;2025-05-20;0;0;0;0;False;False;False;0
28;2025-05-21;0;0;0;0;False;False;False;0
28;2025-05-22;0;0;0;0;False;False;False;0
28;2025-05-24;0;0;0;0;False;False;False;0
28;2025-05-26;0;0;0;0;False;False;False;0
28;2025-05-27;0;0;0;0;False;False;False;0
28;2025-05-28;0;0;0;0;False;False;False;0
28;2025-05-29;0;0;0;0;False;False;False;0
28;2025-05-30;0;0;0;0;False;False;False;0
28;2025-05-31;0;0;0;0;False;False;False;0
28;2025-06-01;0;0;0;0;False;False;False;0
28;2025-06-03;0;0;0;0;False;False;False;0
28;2025-06-04;0;0;0;0;False;False;False;0
28;2025-06-06;0;0;0;0;False;False;False;0
28;2025-06-07;0;0;0;0;False;False;False;0
28;2025-06-08;0;0;0;0;False;False;False;0
28;2025-06-09;0;0;0;0;False;False;False;0
28;2025-06-10;0;0;0;0;False;False;False;0
28;2025-06-10;23;0;0;0;False;False;False;0
28;2025-06-11;0;0;0;0;False;False;False;0
28;2025-06-12;0;0;0;0;False;False;False;0
28;2025-06-13;0;0;0;0;False;False;False;0
28;2025-06-14;0;0;0;0;False;False;False;0
28;2025-06-15;0;0;0;0;False;False;False;0
28;2025-06-16;0;0;0;0;False;False;False;0
28;2025-06-17;0;0;0;0;False;False;False;0
28;2025-06-18;0;0;0;0;False;False;False;0
28;2025-06-19;0;0;0;0;False;False;False;0
28;2025-06-20;0;0;0;0;False;False;False;0
28;2025-06-21;0;0;0;0;False;False;False;0
28;2025-06-23;0;0;0;0;False;False;False;0
28;2025-06-24;0;0;0;0;False;False;False;0
28;2025-06-25;0;0;0;0;False;False;False;0
28;2025-06-27;0;0;0;0;False;False;False;0
28;2025-06-28;0;0;0;0;False;False;False;0
28;2025-06-30;0;0;0;0;False;False;False;0
28;2025-07-01;0;0;0;0;False;False;False;0
28;2025-07-02;0;0;0;0;False;False;False;0
28;2025-07-05;0;0;0;0;False;False;False;0
28;2025-07-06;0;0;0;0;False;False;False;0
28;2025-07-07;0;0;0;0;False;False;False;0
28;2025-07-07;23;0;0;0;False;False;False;0
28;2025-07-08;0;0;0;0;False;False;False;0
28;2025-07-09;0;0;0;0;False;False;False;0
28;2025-07-10;0;0;0;0;False;False;False;0
28;2025-07-11;0;0;0;0;False;False;False;0
28;2025-07-12;0;0;0;0;False;False;False;0
28;2025-07-13;0;0;0;0;False;False;False;0
28;2025-07-14;0;0;0;0;False;False;False;0
28;2025-07-15;0;0;0;0;False;False;False;0
28;2025-07-16;0;0;0;0;False;False;False;0
28;2025-07-17;0;0;0;0;False;False;False;0
28;2025-07-18;0;0;0;0;False;False;False;0
28;2025-07-20;0;0;0;0;False;False;False;0
28;2025-07-22;0;0;0;0;False;False;False;0
28;2025-07-24;0;0;0;0;False;False;False;0
28;2025-07-25;0;0;0;0;False;False;False;0
28;2025-07-26;0;0;0;0;False;False;False;0
28;2025-07-27;0;0;0;0;False;False;False;0
28;2025-07-28;0;0;0;0;False;False;False;0
28;2025-07-29;0;0;0;0;False;False;False;0
28;2025-07-30;0;0;0;0;False;False;False;0
28;2025-07-31;0;0;0;0;False;False;False;0
28;2025-08-01;0;0;0;0;False;False;False;0
28;2025-08-02;0;0;0;0;False;False;False;0
28;2025-08-03;0;0;0;0;False;False;False;0
28;2025-08-04;0;0;0;0;False;False;False;0
28;2025-08-06;0;0;0;0;False;False;False;0
28;2025-08-07;0;0;0;0;False;False;False;0
28;2025-08-08;0;0;0;0;False;False;False;0
28;2025-08-10;0;0;0;0;False;False;False;0
28;2025-08-11;0;0;0;0;False;False;False;0
28;2025-08-12;0;0;0;0;False;False;False;0
28;2025-08-13;0;0;0;0;False;False;False;0
28;2025-08-14;0;0;0;0;False;False;False;0
28;2025-08-15;0;0;0;0;False;False;False;0
28;2025-08-16;0;0;0;0;False;False;False;0
28;2025-08-18;0;0;0;0;False;False;False;0
28;2025-08-20;0;0;0;0;False;False;False;0
28;2025-08-21;0;0;0;0;False;False;False;0
28;2025-08-23;0;0;0;0;False;False;False;0
28;2025-08-25;0;0;0;0;False;False;False;0
28;2025-08-26;0;0;0;0;False;False;False;0
28;2025-08-27;0;0;0;0;False;False;False;0
28;2025-08-28;0;0;0;0;False;False;False;0
28;2025-08-29;0;0;0;0;False;False;False;0
28;2025-08-30;0;0;0;0;False;False;False;0
28;2025-08-31;0;0;0;0;False;False;False;0
28;2025-09-03;0;0;0;0;False;False;False;0
28;2025-09-04;0;0;0;0;False;False;False;0
28;2025-09-05;0;0;0;0;False;False;False;0
28;2025-09-06;0;0;0;0;False;False;False;0
28;2025-09-07;0;0;0;0;False;False;False;0
28;2025-09-08;0;0;0;0;False;False;False;0
28;2025-09-11;0;0;0;0;False;False;False;0
28;2025-09-12;0;0;0;0;False;False;False;0
28;2025-09-13;0;0;0;0;False;False;False;0
28;2025-09-16;0;0;0;0;False;False;False;0
28;2025-09-17;0;0;0;0;False;False;False;0
28;2025-09-18;0;0;0;0;False;False;False;0
28;2025-09-19;0;0;0;0;False;False;False;0
28;2025-09-20;0;0;0;0;False;False;False;0
28;2025-09-21;0;0;0;0;False;False;False;0
28;2025-09-22;0;0;0;0;False;False;False;0
28;2025-09-23;0;0;0;0;False;False;False;0
28;2025-09-25;0;0;0;0;False;False;False;0
28;2025-09-26;0;0;0;0;False;False;False;0
28;2025-09-28;0;0;0;0;False;False;False;0
28;2025-09-30;0;0;0;0;False;False;False;0
28;2025-10-01;0;0;0;0;False;False;False;0
28;2025-10-02;0;0;0;0;False;False;False;0
28;2025-10-03;0;0;0;0;False;False;False;0
28;2025-10-04;0;0;0;0;False;False;False;0
28;2025-10-05;0;0;0;0;False;False;False;0
28;2025-10-06;0;0;0;0;False;False;False;0
28;2025-10-07;0;0;0;0;False;False;False;0
28;2025-10-08;0;0;0;0;False;False;False;0
28;2025-10-12;0;0;0;0;False;False;False;0
28;2025-10-13;0;0;0;0;False;False;False;0
28;2025-10-14;0;0;0;0;False;False;False;0
28;2025-10-15;0;0;0;0;False;False;False;0
28;2025-10-16;0;0;0;0;False;False;False;0
28;2025-10-17;0;0;0;0;False;False;False;0
28;2025-10-18;0;0;0;0;False;False;False;0
28;2025-10-19;0;0;0;0;False;False;False;0
28;2025-10-21;0;0;0;0;False;False;False;0
28;2025-10-22;0;0;0;0;False;False;False;0
28;2025-10-23;0;0;0;0;False;False;False;0
28;2025-10-24;0;0;0;0;False;False;False;0
28;2025-10-27;0;0;0;0;False;False;False;0
28;2025-10-29;0;0;0;0;False;False;False;0
28;2025-10-30;0;0;0;0;False;False;False;0
28;2025-10-31;0;0;0;0;False;False;False;0
50;2025-01-01;0;0;0;0;False;False;False;0
50;2025-09-06;5;0;0;0;False;False;False;0
50;2025-09-06;7;0;0;0;False;False;False;0
50;2025-09-06;15;0;0;0;False;False;False;0
50;2025-09-06;16;0;0;0;False;False;False;0
50;2025-09-06;17;0;0;0;False;False;False;0
50;2025-09-06;18;0;0;0;False;False;False;0
50;2025-09-06;19;0;0;0;False;False;False;0
50;2025-09-06;20;0;0;0;False;False;False;0
50;2025-09-06;21;0;0;0;False;False;False;0
50;2025-09-06;22;0;0;0;False;False;False;0
50;2025-09-06;23;0;0;0;False;False;False;0
50;2025-09-07;0;0;0;0;False;False;False;0
50;2025-09-07;5;0;0;0;False;False;False;0
50;2025-09-07;6;0;0;0;False;False;False;0
50;2025-09-07;7;0;0;0;False;False;False;0
50;2025-09-07;8;0;0;0;False;False;False;0
50;2025-09-07;9;0;0;0;False;False;False;0
50;2025-09-07;11;0;0;0;False;False;False;0
50;2025-09-07;12;0;0;0;False;False;False;0
50;2025-09-07;13;0;0;0;False;False;False;0
50;2025-09-07;14;0;0;0;False;False;False;0
50;2025-09-07;15;0;0;0;False;False;False;0
50;2025-09-07;17;0;0;0;False;False;False;0
50;2025-09-07;19;0;0;0;False;False;False;0
50;2025-09-07;20;0;0;0;False;False;False;0
50;2025-09-07;22;0;0;0;False;False;False;0
50;2025-09-07;23;0;0;0;False;False;False;0
50;2025-09-08;0;0;0;0;False;False;False;0
50;2025-09-14;5;0;0;0;False;False;False;0
50;2025-09-14;6;0;0;0;False;False;False;0
50;2025-09-14;7;0;0;0;False;False;False;0
50;2025-09-14;8;0;0;0;False;False;False;0
50;2025-09-14;9;0;0;0;False;False;False;0
50;2025-09-14;10;0;0;0;False;False;False;0
50;2025-09-14;11;0;0;0;False;False;False;0
50;2025-09-14;12;0;0;0;False;False;False;0
50;2025-09-14;13;0;0;0;False;False;False;0
50;2025-09-14;14;0;0;0;False;False;False;0
50;2025-09-14;15;0;0;0;False;False;False;0
50;2025-09-14;16;0;0;0;False;False;False;0
50;2025-09-14;17;0;0;0;False;False;False;0
50;2025-09-14;18;0;0;0;False;False;False;0
50;2025-09-14;19;0;0;0;False;False;False;0
50;2025-09-14;20;0;0;0;False;False;False;0
50;2025-09-14;21;0;0;0;False;False;False;0
50;2025-09-14;22;0;0;0;False;False;False;0
50;2025-09-14;23;0;0;0;False;False;False;0
50;2025-09-15;0;0;0;0;False;False;False;0
50;2025-09-20;5;0;0;0;False;False;False;0
50;2025-09-20;6;0;0;0;False;False;False;0
50;2025-09-21;0;0;0;0;False;False;False;0
50;2025-09-21;5;0;0;0;False;False;False;0
50;2025-09-21;6;0;0;0;False;False;False;0
50;2025-09-21;7;0;0;0;False;False;False;0
50;2025-09-21;8;0;0;0;False;False;False;0
50;2025-09-21;9;0;0;0;False;False;False;0
50;2025-09-21;10;0;0;0;False;False;False;0
50;2025-09-21;11;0;0;0;False;False;False;0
50;2025-09-21;12;0;0;0;False;False;False;0
50;2025-09-21;13;0;0;0;False;False;False;0
50;2025-09-21;14;0;0;0;False;False;False;0
50;2025-09-21;15;0;0;0;False;False;False;0
50;2025-09-21;16;0;0;0;False;False;False;0
50;2025-09-21;17;0;0;0;False;False;False;0
50;2025-09-21;18;0;0;0;False;False;False;0
50;2025-09-21;19;0;0;0;False;False;False;0
50;2025-09-21;20;0;0;0;False;False;False;0
50;2025-09-21;21;0;0;0;False;False;False;0
50;2025-09-21;22;0;0;0;False;False;False;0
50;2025-09-21;23;0;0;0;False;False;False;0
50;2025-09-22;0;0;0;0;False;False;False;0
50;2025-09-27;5;0;0;0;False;False;False;0
50;2025-09-27;6;0;0;0;False;False;False;0
50;2025-09-27;7;0;0;0;False;False;False;0
50;2025-09-27;8;0;0;0;False;False;False;0
50;2025-09-27;9;0;0;0;False;False;False;0
50;2025-09-27;10;0;0;0;False;False;False;0
50;2025-09-27;11;0;0;0;False;False;False;0
50;2025-09-27;12;0;0;0;False;False;False;0
50;2025-09-27;13;0;0;0;False;False;False;0
50;2025-09-27;14;0;0;0;False;False;False;0
50;2025-09-27;15;0;0;0;False;False;False;0
50;2025-09-27;16;0;0;0;False;False;False;0
50;2025-09-27;17;0;0;0;False;False;False;0
50;2025-09-27;18;0;0;0;False;False;False;0
50;2025-09-27;19;0;0;0;False;False;False;0
50;2025-09-27;20;0;0;0;False;False;False;0
50;2025-09-27;21;0;0;0;False;False;False;0
50;2025-09-27;22;0;0;0;False;False;False;0
50;2025-09-27;23;0;0;0;False;False;False;0
50;2025-09-28;0;0;0;0;False;False;False;0
50;2025-09-28;5;0;0;0;False;False;False;0
50;2025-09-29;0;0;0;0;False;False;False;0
50;2025-10-04;5;0;0;0;False;False;False;0
50;2025-10-04;6;0;0;0;False;False;False;0
50;2025-10-04;7;0;0;0;False;False;False;0
50;2025-10-04;8;0;0;0;False;False;False;0
50;2025-10-04;19;0;0;0;False;False;False;0
50;2025-10-04;20;0;0;0;False;False;False;0
50;2025-10-04;21;0;0;0;False;False;False;0
50;2025-10-04;22;0;0;0;False;False;False;0
50;2025-10-04;23;0;0;0;False;False;False;0
50;2025-10-05;0;0;0;0;False;False;False;0
50;2025-10-05;5;0;0;0;False;False;False;0
50;2025-10-05;6;0;0;0;False;False;False;0
50;2025-10-05;7;0;0;0;False;False;False;0
50;2025-10-05;8;0;0;0;False;False;False;0
50;2025-10-05;9;0;0;0;False;False;False;0
50;2025-10-05;12;0;0;0;False;False;False;0
50;2025-10-05;13;0;0;0;False;False;False;0
50;2025-10-05;14;0;0;0;False;False;False;0
50;2025-10-05;15;0;0;0;False;False;False;0
50;2025-10-11;5;1;0;0;True;False;False;1
50;2025-10-12;5;0;0;0;False;False;False;0
50;2025-10-12;6;0;0;0;False;False;False;0
50;2025-10-12;7;0;0;0;False;False;False;0
50;2025-10-12;8;0;0;0;False;False;False;0
50;2025-10-12;9;0;0;0;False;False;False;0
50;2025-10-12;10;0;0;0;False;False;False;0
50;2025-10-12;11;0;0;0;False;False;False;0
50;2025-10-12;12;0;0;0;False;False;False;0
50;2025-10-12;13;0;0;0;False;False;False;0
50;2025-10-12;14;0;0;0;False;False;False;0
50;2025-10-12;15;0;0;0;False;False;False;0
50;2025-10-12;16;0;0;0;False;False;False;0
50;2025-10-12;17;0;0;0;False;False;False;0
50;2025-10-12;18;0;0;0;False;False;False;0
50;2025-10-12;19;0;0;0;False;False;False;0
50;2025-10-12;20;0;0;0;False;False;False;0
50;2025-10-12;21;0;0;0;False;False;False;0
50;2025-10-12;22;0;0;0;False;False;False;0
50;2025-10-12;23;0;0;0;False;False;False;0
50;2025-10-13;0;0;0;0;False;False;False;0
50;2025-10-18;18;0;0;0;False;False;False;0
50;2025-10-18;19;0;0;0;False;False;False;0
50;2025-10-18;20;0;0;0;False;False;False;0
50;2025-10-18;21;0;0;0;False;False;False;0
50;2025-10-18;22;0;0;0;False;False;False;0
50;2025-10-18;23;0;0;0;False;False;False;0
50;2025-10-19;0;0;0;0;False;False;False;0
50;2025-10-19;5;0;0;0;False;False;False;0
50;2025-10-19;6;0;0;0;False;False;False;0
50;2025-10-19;7;0;0;0;False;False;False;0
50;2025-10-19;8;0;0;0;False;False;False;0
50;2025-10-19;9;0;0;0;False;False;False;0
50;2025-10-25;5;0;0;0;False;False;False;0
50;2025-10-25;6;0;0;0;False;False;False;0
50;2025-10-25;7;0;0;0;False;False;False;0
50;2025-10-25;8;0;0;0;False;False;False;0
50;2025-10-25;12;0;0;0;False;False;False;0
50;2025-10-25;13;0;0;0;False;False;False;0
50;2025-10-25;14;0;0;0;False;False;False;0
50;2025-10-25;15;0;0;0;False;False;False;0
50;2025-10-25;16;0;0;0;False;False;False;0
50;2025-10-25;19;0;0;0;False;False;False;0
50;2025-10-25;21;0;0;0;False;False;False;0
50;2025-10-25;23;0;0;0;False;False;False;0
50;2025-10-26;0;0;0;0;False;False;False;0
