route;cells;structural_route5;structural_night_non5;active_cells;active_event_present;active_success_present;active_no_events;active_no_success;active_unsuccessful_only;supplied_label_present;raw_total;clean_total;working_events;complete_counter_cells
1;7296;0;1216;6080;5969;5969;111;111;0;6204;5122040;5110564;5322441;
5;7296;7296;0;0;0;0;0;0;0;0;0;0;1;
7;7296;0;1216;6080;6078;6078;2;2;0;6600;6493684;6469908;6746277;
11;7296;0;1216;6080;6078;6078;2;2;0;6416;8942462;8931872;9343709;
12;7296;0;1216;6080;6079;6079;1;1;0;6629;9339231;9314637;9736429;
17;7296;0;1216;6080;6075;6075;5;5;0;6677;14099382;14068918;14769336;
25;7296;0;1216;6080;5859;5857;221;223;2;5904;1988187;1988035;2091427;
26;7296;0;1216;6080;6078;6078;2;2;0;6592;4879661;4871551;5089841;
28;7296;0;1216;6080;5853;5853;227;227;0;6116;2775255;2768377;2942656;
50;7296;0;1216;6080;5921;5921;159;159;0;6413;6027289;6021278;6272628;
