route;hour;cells;structural_route5;structural_night_non5;active_cells;active_event_present;active_success_present;active_no_events;active_no_success;active_unsuccessful_only;supplied_label_present;raw_total;clean_total;working_events;complete_counter_cells
1;0;304;0;0;304;193;193;111;111;0;193;1368;1368;1476;
1;1;304;0;304;0;0;0;0;0;0;11;38;0;0;
1;2;304;0;304;0;0;0;0;0;0;3;38;0;0;
1;3;304;0;304;0;0;0;0;0;0;5;123;0;0;
1;4;304;0;304;0;0;0;0;0;0;216;1715;0;0;
1;5;304;0;0;304;304;304;0;0;0;304;29932;20370;21027;
1;6;304;0;0;304;304;304;0;0;0;304;121241;121241;124905;
1;7;304;0;0;304;304;304;0;0;0;304;313078;313078;324358;
1;8;304;0;0;304;304;304;0;0;0;304;405082;405082;421983;
1;9;304;0;0;304;304;304;0;0;0;304;345858;345858;361257;
1;10;304;0;0;304;304;304;0;0;0;304;328389;328389;341228;
1;11;304;0;0;304;304;304;0;0;0;304;328496;328496;340716;
1;12;304;0;0;304;304;304;0;0;0;304;344551;344551;358172;
1;13;304;0;0;304;304;304;0;0;0;304;350439;350439;365641;
1;14;304;0;0;304;304;304;0;0;0;304;327410;327410;342266;
1;15;304;0;0;304;304;304;0;0;0;304;346465;346465;361596;
1;16;304;0;0;304;304;304;0;0;0;304;349543;349543;364518;
1;17;304;0;0;304;304;304;0;0;0;304;394089;394089;410361;
1;18;304;0;0;304;304;304;0;0;0;304;398944;398944;415603;
1;19;304;0;0;304;304;304;0;0;0;304;316503;316503;330101;
1;20;304;0;0;304;304;304;0;0;0;304;214457;214457;223476;
1;21;304;0;0;304;304;304;0;0;0;304;127183;127183;132615;
1;22;304;0;0;304;304;304;0;0;0;304;63649;63649;66890;
1;23;304;0;0;304;304;304;0;0;0;304;13449;13449;14252;
5;0;304;304;0;0;0;0;0;0;0;0;0;0;0;
5;1;304;304;0;0;0;0;0;0;0;0;0;0;0;
5;2;304;304;0;0;0;0;0;0;0;0;0;0;0;
5;3;304;304;0;0;0;0;0;0;0;0;0;0;0;
5;4;304;304;0;0;0;0;0;0;0;0;0;0;0;
5;5;304;304;0;0;0;0;0;0;0;0;0;0;1;
5;6;304;304;0;0;0;0;0;0;0;0;0;0;0;
5;7;304;304;0;0;0;0;0;0;0;0;0;0;0;
5;8;304;304;0;0;0;0;0;0;0;0;0;0;0;
5;9;304;304;0;0;0;0;0;0;0;0;0;0;0;
5;10;304;304;0;0;0;0;0;0;0;0;0;0;0;
5;11;304;304;0;0;0;0;0;0;0;0;0;0;0;
5;12;304;304;0;0;0;0;0;0;0;0;0;0;0;
5;13;304;304;0;0;0;0;0;0;0;0;0;0;0;
5;14;304;304;0;0;0;0;0;0;0;0;0;0;0;
5;15;304;304;0;0;0;0;0;0;0;0;0;0;0;
5;16;304;304;0;0;0;0;0;0;0;0;0;0;0;
5;17;304;304;0;0;0;0;0;0;0;0;0;0;0;
5;18;304;304;0;0;0;0;0;0;0;0;0;0;0;
5;19;304;304;0;0;0;0;0;0;0;0;0;0;0;
5;20;304;304;0;0;0;0;0;0;0;0;0;0;0;
5;21;304;304;0;0;0;0;0;0;0;0;0;0;0;
5;22;304;304;0;0;0;0;0;0;0;0;0;0;0;
5;23;304;304;0;0;0;0;0;0;0;0;0;0;0;
7;0;304;0;0;304;303;303;1;1;0;303;22971;22971;24479;
7;1;304;0;304;0;0;0;0;0;0;296;4718;0;0;
7;2;304;0;304;0;0;0;0;0;0;23;82;0;0;
7;3;304;0;304;0;0;0;0;0;0;2;88;0;0;
7;4;304;0;304;0;0;0;0;0;0;201;488;0;0;
7;5;304;0;0;304;303;303;1;1;0;303;46569;28169;29254;
7;6;304;0;0;304;304;304;0;0;0;304;164731;164731;171168;
7;7;304;0;0;304;304;304;0;0;0;304;352070;352070;364289;
7;8;304;0;0;304;304;304;0;0;0;304;529994;529994;548898;
7;9;304;0;0;304;304;304;0;0;0;304;422560;422560;439785;
7;10;304;0;0;304;304;304;0;0;0;304;375618;375618;391264;
7;11;304;0;0;304;304;304;0;0;0;304;365380;365380;380849;
7;12;304;0;0;304;304;304;0;0;0;304;389012;389012;406185;
7;13;304;0;0;304;304;304;0;0;0;304;395294;395294;413396;
7;14;304;0;0;304;304;304;0;0;0;304;408993;408993;427412;
7;15;304;0;0;304;304;304;0;0;0;304;427421;427421;445783;
7;16;304;0;0;304;304;304;0;0;0;304;444799;444799;462922;
7;17;304;0;0;304;304;304;0;0;0;304;534063;534063;556164;
7;18;304;0;0;304;304;304;0;0;0;304;574539;574539;599252;
7;19;304;0;0;304;304;304;0;0;0;304;417405;417405;436954;
7;20;304;0;0;304;304;304;0;0;0;304;280949;280949;294053;
7;21;304;0;0;304;304;304;0;0;0;304;179226;179226;188112;
7;22;304;0;0;304;304;304;0;0;0;304;97857;97857;104044;
7;23;304;0;0;304;304;304;0;0;0;304;58857;58857;62014;
11;0;304;0;0;304;303;303;1;1;0;303;25034;25034;26619;
11;1;304;0;304;0;0;0;0;0;0;201;1652;0;0;
11;2;304;0;304;0;0;0;0;0;0;5;87;0;0;
11;3;304;0;304;0;0;0;0;0;0;3;84;0;0;
11;4;304;0;304;0;0;0;0;0;0;129;682;0;0;
11;5;304;0;0;304;303;303;1;1;0;303;76165;68080;70277;
11;6;304;0;0;304;304;304;0;0;0;304;338058;338058;349427;
11;7;304;0;0;304;304;304;0;0;0;304;526615;526615;546127;
11;8;304;0;0;304;304;304;0;0;0;304;689172;689172;715511;
11;9;304;0;0;304;304;304;0;0;0;304;573368;573368;598628;
11;10;304;0;0;304;304;304;0;0;0;304;478793;478793;499635;
11;11;304;0;0;304;304;304;0;0;0;304;507986;507986;530477;
11;12;304;0;0;304;304;304;0;0;0;304;522346;522346;547108;
11;13;304;0;0;304;304;304;0;0;0;304;535648;535648;561837;
11;14;304;0;0;304;304;304;0;0;0;304;539128;539128;566395;
11;15;304;0;0;304;304;304;0;0;0;304;562312;562312;590198;
11;16;304;0;0;304;304;304;0;0;0;304;603931;603931;633971;
11;17;304;0;0;304;304;304;0;0;0;304;721304;721304;755830;
11;18;304;0;0;304;304;304;0;0;0;304;745704;745704;781543;
11;19;304;0;0;304;304;304;0;0;0;304;593871;593871;622238;
11;20;304;0;0;304;304;304;0;0;0;304;417958;417958;438622;
11;21;304;0;0;304;304;304;0;0;0;304;261504;261504;275315;
11;22;304;0;0;304;304;304;0;0;0;304;139769;139769;148411;
11;23;304;0;0;304;304;304;0;0;0;304;81291;81291;85540;
12;0;304;0;0;304;303;303;1;1;0;303;20379;20379;21925;
12;1;304;0;304;0;0;0;0;0;0;256;1060;0;0;
12;2;304;0;304;0;0;0;0;0;0;2;6;0;0;
12;3;304;0;304;0;0;0;0;0;0;1;7;0;0;
12;4;304;0;304;0;0;0;0;0;0;291;1849;0;0;
12;5;304;0;0;304;304;304;0;0;0;304;93961;72289;74836;
12;6;304;0;0;304;304;304;0;0;0;304;358454;358454;369883;
12;7;304;0;0;304;304;304;0;0;0;304;605356;605356;626215;
12;8;304;0;0;304;304;304;0;0;0;304;770646;770646;800739;
12;9;304;0;0;304;304;304;0;0;0;304;585820;585820;612064;
12;10;304;0;0;304;304;304;0;0;0;304;520605;520605;544185;
12;11;304;0;0;304;304;304;0;0;0;304;520717;520717;544316;
12;12;304;0;0;304;304;304;0;0;0;304;528266;528266;553266;
12;13;304;0;0;304;304;304;0;0;0;304;542408;542408;569786;
12;14;304;0;0;304;304;304;0;0;0;304;530725;530725;557773;
12;15;304;0;0;304;304;304;0;0;0;304;572220;572220;598682;
12;16;304;0;0;304;304;304;0;0;0;304;681654;681654;711387;
12;17;304;0;0;304;304;304;0;0;0;304;735021;735021;767735;
12;18;304;0;0;304;304;304;0;0;0;304;745253;745253;780410;
12;19;304;0;0;304;304;304;0;0;0;304;619910;619910;650508;
12;20;304;0;0;304;304;304;0;0;0;304;408835;408835;428920;
12;21;304;0;0;304;304;304;0;0;0;304;266182;266182;279950;
12;22;304;0;0;304;304;304;0;0;0;304;149909;149909;159659;
12;23;304;0;0;304;304;304;0;0;0;304;79988;79988;84190;
17;0;304;0;0;304;302;302;2;2;0;302;44909;44909;47757;
17;1;304;0;304;0;0;0;0;0;0;301;4967;0;0;
17;2;304;0;304;0;0;0;0;0;0;3;88;0;0;
17;3;304;0;304;0;0;0;0;0;0;3;49;0;0;
17;4;304;0;304;0;0;0;0;0;0;295;5645;0;0;
17;5;304;0;0;304;302;302;2;2;0;302;73751;54036;56015;
17;6;304;0;0;304;304;304;0;0;0;304;345081;345081;355819;
17;7;304;0;0;304;304;304;0;0;0;304;866769;866769;894991;
17;8;304;0;0;304;304;304;0;0;0;304;1153840;1153840;1195693;
17;9;304;0;0;304;304;304;0;0;0;304;900676;900676;941278;
17;10;304;0;0;304;304;304;0;0;0;304;761631;761631;797287;
17;11;304;0;0;304;304;304;0;0;0;304;788705;788705;827447;
17;12;304;0;0;304;304;304;0;0;0;304;827256;827256;870005;
17;13;304;0;0;304;304;304;0;0;0;304;858168;858168;906857;
17;14;304;0;0;304;304;304;0;0;0;304;870443;870443;920243;
17;15;304;0;0;304;304;304;0;0;0;304;904512;904512;955429;
17;16;304;0;0;304;304;304;0;0;0;304;988158;988158;1043099;
17;17;304;0;0;304;304;304;0;0;0;304;1137774;1137774;1197880;
17;18;304;0;0;304;304;304;0;0;0;304;1201229;1201229;1263025;
17;19;304;0;0;304;304;304;0;0;0;304;898626;898626;947069;
17;20;304;0;0;304;304;304;0;0;0;304;652416;652416;687754;
17;21;304;0;0;304;304;304;0;0;0;304;435632;435632;458706;
17;22;304;0;0;304;304;304;0;0;0;304;258911;258911;276231;
17;23;304;0;0;304;303;303;1;1;0;303;120146;120146;126751;
25;0;304;0;0;304;144;144;160;160;0;144;1850;1850;2003;
25;1;304;0;304;0;0;0;0;0;0;43;97;0;0;
25;2;304;0;304;0;0;0;0;0;0;0;0;0;0;
25;3;304;0;304;0;0;0;0;0;0;0;0;0;0;
25;4;304;0;304;0;0;0;0;0;0;3;8;0;0;
25;5;304;0;0;304;253;252;51;52;1;253;1437;1390;1454;
25;6;304;0;0;304;304;304;0;0;0;304;37283;37283;38380;
25;7;304;0;0;304;304;304;0;0;0;304;109808;109808;113196;
25;8;304;0;0;304;304;304;0;0;0;304;183145;183145;188887;
25;9;304;0;0;304;304;304;0;0;0;304;109152;109152;113821;
25;10;304;0;0;304;304;304;0;0;0;304;89361;89361;93913;
25;11;304;0;0;304;304;304;0;0;0;304;102086;102086;107558;
25;12;304;0;0;304;304;304;0;0;0;304;106556;106556;112660;
25;13;304;0;0;304;304;304;0;0;0;304;130658;130658;138030;
25;14;304;0;0;304;304;304;0;0;0;304;126535;126535;134053;
25;15;304;0;0;304;304;304;0;0;0;304;149257;149257;157803;
25;16;304;0;0;304;304;304;0;0;0;304;164396;164396;173372;
25;17;304;0;0;304;304;304;0;0;0;304;172996;172996;183049;
25;18;304;0;0;304;304;304;0;0;0;304;181363;181363;191447;
25;19;304;0;0;304;304;304;0;0;0;304;128883;128883;136821;
25;20;304;0;0;304;304;304;0;0;0;304;87224;87224;92311;
25;21;304;0;0;304;304;304;0;0;0;304;62991;62991;66671;
25;22;304;0;0;304;304;304;0;0;0;304;36253;36253;38760;
25;23;304;0;0;304;294;293;10;11;1;293;6848;6848;7238;
26;0;304;0;0;304;303;303;1;1;0;303;11663;11663;12556;
26;1;304;0;304;0;0;0;0;0;0;248;891;0;0;
26;2;304;0;304;0;0;0;0;0;0;13;92;0;0;
26;3;304;0;304;0;0;0;0;0;0;6;179;0;0;
26;4;304;0;304;0;0;0;0;0;0;247;1279;0;0;
26;5;304;0;0;304;303;303;1;1;0;303;20873;15204;16086;
26;6;304;0;0;304;304;304;0;0;0;304;125169;125169;129453;
26;7;304;0;0;304;304;304;0;0;0;304;236492;236492;244558;
26;8;304;0;0;304;304;304;0;0;0;304;434646;434646;450722;
26;9;304;0;0;304;304;304;0;0;0;304;334960;334960;349155;
26;10;304;0;0;304;304;304;0;0;0;304;291986;291986;304096;
26;11;304;0;0;304;304;304;0;0;0;304;284249;284249;296480;
26;12;304;0;0;304;304;304;0;0;0;304;295327;295327;308763;
26;13;304;0;0;304;304;304;0;0;0;304;303369;303369;317693;
26;14;304;0;0;304;304;304;0;0;0;304;307419;307419;322821;
26;15;304;0;0;304;304;304;0;0;0;304;319252;319252;334647;
26;16;304;0;0;304;304;304;0;0;0;304;354287;354287;370392;
26;17;304;0;0;304;304;304;0;0;0;304;393529;393529;410995;
26;18;304;0;0;304;304;304;0;0;0;304;415330;415330;434276;
26;19;304;0;0;304;304;304;0;0;0;304;307900;307900;322292;
26;20;304;0;0;304;304;304;0;0;0;304;202041;202041;211882;
26;21;304;0;0;304;304;304;0;0;0;304;127824;127824;134692;
26;22;304;0;0;304;304;304;0;0;0;304;71612;71612;76687;
26;23;304;0;0;304;304;304;0;0;0;304;39292;39292;41595;
28;0;304;0;0;304;80;80;224;224;0;80;864;864;945;
28;1;304;0;304;0;0;0;0;0;0;42;258;0;0;
28;2;304;0;304;0;0;0;0;0;0;4;90;0;0;
28;3;304;0;304;0;0;0;0;0;0;2;53;0;0;
28;4;304;0;304;0;0;0;0;0;0;215;524;0;0;
28;5;304;0;0;304;303;303;1;1;0;303;19580;13627;14423;
28;6;304;0;0;304;304;304;0;0;0;304;61186;61186;64666;
28;7;304;0;0;304;304;304;0;0;0;304;163328;163328;170965;
28;8;304;0;0;304;304;304;0;0;0;304;248939;248939;261657;
28;9;304;0;0;304;304;304;0;0;0;304;194944;194944;206468;
28;10;304;0;0;304;304;304;0;0;0;304;153483;153483;163340;
28;11;304;0;0;304;304;304;0;0;0;304;148002;148002;157699;
28;12;304;0;0;304;304;304;0;0;0;304;172871;172871;184581;
28;13;304;0;0;304;304;304;0;0;0;304;181589;181589;194458;
28;14;304;0;0;304;304;304;0;0;0;304;169344;169344;181473;
28;15;304;0;0;304;304;304;0;0;0;304;174846;174846;186541;
28;16;304;0;0;304;304;304;0;0;0;304;204695;204695;217787;
28;17;304;0;0;304;304;304;0;0;0;304;226129;226129;240199;
28;18;304;0;0;304;304;304;0;0;0;304;219198;219198;233165;
28;19;304;0;0;304;304;304;0;0;0;304;173876;173876;185314;
28;20;304;0;0;304;304;304;0;0;0;304;127740;127740;136266;
28;21;304;0;0;304;304;304;0;0;0;304;88125;88125;93710;
28;22;304;0;0;304;304;304;0;0;0;304;40184;40184;43213;
28;23;304;0;0;304;302;302;2;2;0;302;5407;5407;5786;
50;0;304;0;0;304;292;292;12;12;0;292;13941;13941;15008;
50;1;304;0;304;0;0;0;0;0;0;246;1267;0;0;
50;2;304;0;304;0;0;0;0;0;0;9;92;0;0;
50;3;304;0;304;0;0;0;0;0;0;7;70;0;0;
50;4;304;0;304;0;0;0;0;0;0;229;633;0;0;
50;5;304;0;0;304;291;291;13;13;0;292;19684;15735;16265;
50;6;304;0;0;304;294;294;10;10;0;294;131293;131293;134844;
50;7;304;0;0;304;294;294;10;10;0;294;386416;386416;396750;
50;8;304;0;0;304;295;295;9;9;0;295;577099;577099;595434;
50;9;304;0;0;304;297;297;7;7;0;297;463941;463941;480685;
50;10;304;0;0;304;300;300;4;4;0;300;367485;367485;381915;
50;11;304;0;0;304;299;299;5;5;0;299;359525;359525;374510;
50;12;304;0;0;304;297;297;7;7;0;297;343119;343119;358722;
50;13;304;0;0;304;297;297;7;7;0;297;345536;345536;361468;
50;14;304;0;0;304;297;297;7;7;0;297;336967;336967;353489;
50;15;304;0;0;304;296;296;8;8;0;296;369218;369218;385804;
50;16;304;0;0;304;298;298;6;6;0;298;402128;402128;418988;
50;17;304;0;0;304;298;298;6;6;0;298;511550;511550;532882;
50;18;304;0;0;304;298;298;6;6;0;298;525003;525003;548398;
50;19;304;0;0;304;295;295;9;9;0;295;345273;345273;361953;
50;20;304;0;0;304;296;296;8;8;0;296;231799;231799;243362;
50;21;304;0;0;304;296;296;8;8;0;296;164695;164695;173392;
50;22;304;0;0;304;296;296;8;8;0;296;85008;85008;90696;
50;23;304;0;0;304;295;295;9;9;0;295;45547;45547;48063;
