origin;split;model;target;seconds;rows;mae;wape;score;bias
2025-07-31;selection;student;teacher;0.05114754207897931;14640;96.33039617486338;0.12845229717768314;0.8715477028223169;-666329.0
2025-07-31;selection;mean;teacher;;14640;98.54228142076502;0.13140174773754318;0.8685982522624568;900429.0
2025-07-31;selection;student;observed_actual;;10773;182.15631671772022;0.1716201040318485;0.8283798959681515;-1162148.0
2025-07-31;selection;teacher;observed_actual;;10773;121.4182678919521;0.11439524108996524;0.8856047589100348;-456033.0
2025-07-31;selection;mean;observed_actual;;10773;155.96751137102015;0.14694610107077924;0.8530538989292208;400004.0
2025-08-14;test;student;teacher;0.04642066697124392;14640;109.81728142076503;0.14375454898236917;0.8562454510176308;-1061635.0
2025-08-14;test;mean;teacher;;14640;83.57882513661202;0.10940751907666611;0.8905924809233339;589348.0
2025-08-14;test;student;observed_actual;;10734;228.7044904043227;0.20412114661068037;0.7958788533893196;-1962740.0
2025-08-14;test;teacher;observed_actual;;10734;136.70411775666108;0.12200985303594071;0.8779901469640593;-843594.0
2025-08-14;test;mean;observed_actual;;10734;145.05999627352338;0.12946756189327957;0.8705324381067204;-317906.0
2025-08-31;test;student;teacher;0.04630225000437349;14640;197.07185792349728;0.22555701237958173;0.7744429876204183;-2503638.0
2025-08-31;test;mean;teacher;;14640;97.63545081967213;0.11174787116366379;0.8882521288363362;-892273.0
2025-08-31;test;student;observed_actual;;10708;273.37401942472917;0.22992633736642595;0.770073662633574;-2505789.0
2025-08-31;test;teacher;observed_actual;;10708;119.33022039596564;0.10036491606082307;0.8996350839391769;59172.0
2025-08-31;test;mean;observed_actual;;10708;156.71722076951812;0.13180995271462628;0.8681900472853737;-906820.0
2025-10-31;test;student;teacher;0.054354166029952466;14640;188.35512295081966;0.21532727646410607;0.7846727235358939;-2491609.0
2025-10-31;test;mean;teacher;;14640;117.72424863387978;0.1345821734762977;0.8654178265237022;-906141.0
