method;cutoff;end;dimension;value;wape_score;absolute_error;actual_total;bias
chronos_daily_zero_shot;2025-06-30;2025-08-31;route;1;0.8564021093003069;130520.0;908927.0;-83456.0
chronos_daily_zero_shot;2025-06-30;2025-08-31;route;5;;0.0;0.0;0.0
chronos_daily_zero_shot;2025-06-30;2025-08-31;route;7;0.514240426246555;422298.0;869356.0;406156.0
chronos_daily_zero_shot;2025-06-30;2025-08-31;route;11;0.8645292199998079;225729.0;1666256.0;81423.0
chronos_daily_zero_shot;2025-06-30;2025-08-31;route;12;0.8825568926005766;203813.0;1735419.0;39661.0
chronos_daily_zero_shot;2025-06-30;2025-08-31;route;17;0.9036216363174507;259138.0;2688757.0;61380.0
chronos_daily_zero_shot;2025-06-30;2025-08-31;route;25;0.7957593833978088;69162.0;338630.0;21946.0
chronos_daily_zero_shot;2025-06-30;2025-08-31;route;26;0.8829843438727526;93688.0;800645.0;6076.0
chronos_daily_zero_shot;2025-06-30;2025-08-31;route;28;0.7474529082312589;116924.0;462979.0;100556.0
chronos_daily_zero_shot;2025-06-30;2025-08-31;route;50;0.7660303659581713;285840.0;1221697.0;-150854.0
chronos_daily_zero_shot;2025-06-30;2025-08-31;hour;0;0.6994743175628602;9490.0;31578.0;-4468.0
chronos_daily_zero_shot;2025-06-30;2025-08-31;hour;1;;0.0;0.0;0.0
chronos_daily_zero_shot;2025-06-30;2025-08-31;hour;2;;0.0;0.0;0.0
chronos_daily_zero_shot;2025-06-30;2025-08-31;hour;3;;0.0;0.0;0.0
chronos_daily_zero_shot;2025-06-30;2025-08-31;hour;4;;0.0;0.0;0.0
chronos_daily_zero_shot;2025-06-30;2025-08-31;hour;5;0.7964472207310527;12513.0;61473.0;-8071.0
chronos_daily_zero_shot;2025-06-30;2025-08-31;hour;6;0.8321779005557197;57348.0;341719.0;-35820.0
chronos_daily_zero_shot;2025-06-30;2025-08-31;hour;7;0.8688061952414308;84469.0;643849.0;5489.0
chronos_daily_zero_shot;2025-06-30;2025-08-31;hour;8;0.8464464615706465;132119.0;860410.0;58687.0
chronos_daily_zero_shot;2025-06-30;2025-08-31;hour;9;0.8602145655409614;98517.0;704773.0;29237.0
chronos_daily_zero_shot;2025-06-30;2025-08-31;hour;10;0.8632767519115905;82520.0;603555.0;26460.0
chronos_daily_zero_shot;2025-06-30;2025-08-31;hour;11;0.8492700559390145;90321.0;599224.0;46783.0
chronos_daily_zero_shot;2025-06-30;2025-08-31;hour;12;0.8271109428246877;105018.0;607430.0;65358.0
chronos_daily_zero_shot;2025-06-30;2025-08-31;hour;13;0.8032551624714334;120096.0;610415.0;88092.0
chronos_daily_zero_shot;2025-06-30;2025-08-31;hour;14;0.7827345137814452;128911.0;593334.0;102315.0
chronos_daily_zero_shot;2025-06-30;2025-08-31;hour;15;0.7758972008459379;139346.0;621795.0;113884.0
chronos_daily_zero_shot;2025-06-30;2025-08-31;hour;16;0.8024366277963794;138129.0;699163.0;103025.0
chronos_daily_zero_shot;2025-06-30;2025-08-31;hour;17;0.8472694099894658;128747.0;842968.0;64511.0
chronos_daily_zero_shot;2025-06-30;2025-08-31;hour;18;0.8602960668592078;130169.0;931749.0;-3487.0
chronos_daily_zero_shot;2025-06-30;2025-08-31;hour;19;0.8455139264639738;115062.0;744805.0;-42588.0
chronos_daily_zero_shot;2025-06-30;2025-08-31;hour;20;0.8208488130940125;96058.0;536184.0;-50150.0
chronos_daily_zero_shot;2025-06-30;2025-08-31;hour;21;0.8088065636200716;68279.0;357120.0;-38461.0
chronos_daily_zero_shot;2025-06-30;2025-08-31;hour;22;0.7795992714025501;45012.0;204228.0;-25452.0
chronos_daily_zero_shot;2025-06-30;2025-08-31;hour;23;0.7421099345676718;24988.0;96894.0;-12456.0
chronos_daily_zero_shot;2025-06-30;2025-08-31;month;2025-07;0.8164003205310598;990483.0;5394797.0;247697.0
chronos_daily_zero_shot;2025-06-30;2025-08-31;month;2025-08;0.8458570795163112;816629.0;5297869.0;235191.0
chronos_daily_zero_shot;2025-06-30;2025-08-31;horizon_group;1-7;0.8994828304804138;130474.0;1298027.0;-23672.0
chronos_daily_zero_shot;2025-06-30;2025-08-31;horizon_group;8-28;0.7906986116886084;737441.0;3523345.0;233541.0
chronos_daily_zero_shot;2025-06-30;2025-08-31;horizon_group;29-62;0.8400357740559407;939197.0;5871294.0;273019.0
chronos_daily_finetuned;2025-06-30;2025-08-31;route;1;0.8886511237976207;101208.0;908927.0;29150.0
chronos_daily_finetuned;2025-06-30;2025-08-31;route;5;;0.0;0.0;0.0
chronos_daily_finetuned;2025-06-30;2025-08-31;route;7;0.47672069900017944;454916.0;869356.0;443956.0
chronos_daily_finetuned;2025-06-30;2025-08-31;route;11;0.862117825832285;229747.0;1666256.0;67179.0
chronos_daily_finetuned;2025-06-30;2025-08-31;route;12;0.8694937649063426;226483.0;1735419.0;82249.0
chronos_daily_finetuned;2025-06-30;2025-08-31;route;17;0.8870102430230772;303802.0;2688757.0;140190.0
chronos_daily_finetuned;2025-06-30;2025-08-31;route;25;0.7704899152467295;77719.0;338630.0;42121.0
chronos_daily_finetuned;2025-06-30;2025-08-31;route;26;0.8467622978973203;122689.0;800645.0;72289.0
chronos_daily_finetuned;2025-06-30;2025-08-31;route;28;0.7772166772143013;103144.0;462979.0;79206.0
chronos_daily_finetuned;2025-06-30;2025-08-31;route;50;0.7498520500582386;305605.0;1221697.0;-133733.0
chronos_daily_finetuned;2025-06-30;2025-08-31;hour;0;0.698682627145481;9515.0;31578.0;-3831.0
chronos_daily_finetuned;2025-06-30;2025-08-31;hour;1;;0.0;0.0;0.0
chronos_daily_finetuned;2025-06-30;2025-08-31;hour;2;;0.0;0.0;0.0
chronos_daily_finetuned;2025-06-30;2025-08-31;hour;3;;0.0;0.0;0.0
chronos_daily_finetuned;2025-06-30;2025-08-31;hour;4;;0.0;0.0;0.0
chronos_daily_finetuned;2025-06-30;2025-08-31;hour;5;0.7975696647308574;12444.0;61473.0;-6806.0
chronos_daily_finetuned;2025-06-30;2025-08-31;hour;6;0.8340654163215976;56703.0;341719.0;-27123.0
chronos_daily_finetuned;2025-06-30;2025-08-31;hour;7;0.8529499929331257;94678.0;643849.0;25424.0
chronos_daily_finetuned;2025-06-30;2025-08-31;hour;8;0.8294731581455352;146723.0;860410.0;87209.0
chronos_daily_finetuned;2025-06-30;2025-08-31;hour;9;0.8504639082371204;105389.0;704773.0;51765.0
chronos_daily_finetuned;2025-06-30;2025-08-31;hour;10;0.8540000497054949;88119.0;603555.0;46439.0
chronos_daily_finetuned;2025-06-30;2025-08-31;hour;11;0.8349849138218763;98881.0;599224.0;66977.0
chronos_daily_finetuned;2025-06-30;2025-08-31;hour;12;0.8126516635661722;113801.0;607430.0;86219.0
chronos_daily_finetuned;2025-06-30;2025-08-31;hour;13;0.7831098514944751;132393.0;610415.0;109581.0
chronos_daily_finetuned;2025-06-30;2025-08-31;hour;14;0.7599800449662416;142412.0;593334.0;123468.0
chronos_daily_finetuned;2025-06-30;2025-08-31;hour;15;0.7488657837390136;156154.0;621795.0;136306.0
chronos_daily_finetuned;2025-06-30;2025-08-31;hour;16;0.7786281596709208;154775.0;699163.0;126737.0
chronos_daily_finetuned;2025-06-30;2025-08-31;hour;17;0.832582019720796;141128.0;842968.0;91580.0
chronos_daily_finetuned;2025-06-30;2025-08-31;hour;18;0.8582053750527234;132117.0;931749.0;25403.0
chronos_daily_finetuned;2025-06-30;2025-08-31;hour;19;0.847429864192641;113635.0;744805.0;-20913.0
chronos_daily_finetuned;2025-06-30;2025-08-31;hour;20;0.8311643018068424;90527.0;536184.0;-35731.0
chronos_daily_finetuned;2025-06-30;2025-08-31;hour;21;0.8130516353046595;66763.0;357120.0;-29405.0
chronos_daily_finetuned;2025-06-30;2025-08-31;hour;22;0.7838788021231173;44138.0;204228.0;-20358.0
chronos_daily_finetuned;2025-06-30;2025-08-31;hour;23;0.7418003178731397;25018.0;96894.0;-10334.0
chronos_daily_finetuned;2025-06-30;2025-08-31;month;2025-07;0.8133800029917715;1006777.0;5394797.0;312179.0
chronos_daily_finetuned;2025-06-30;2025-08-31;month;2025-08;0.8266216095565972;918536.0;5297869.0;510428.0
chronos_daily_finetuned;2025-06-30;2025-08-31;horizon_group;1-7;0.8993148832805481;130692.0;1298027.0;-6268.0
chronos_daily_finetuned;2025-06-30;2025-08-31;horizon_group;8-28;0.7865763926041872;751965.0;3523345.0;269913.0
chronos_daily_finetuned;2025-06-30;2025-08-31;horizon_group;29-62;0.8224146159262337;1042656.0;5871294.0;558962.0
chronos_daily_zero_shot;2025-08-31;2025-10-31;route;1;0.8904363261334272;124189.0;1133487.0;-83359.0
chronos_daily_zero_shot;2025-08-31;2025-10-31;route;5;;0.0;0.0;0.0
chronos_daily_zero_shot;2025-08-31;2025-10-31;route;7;0.8117603445893441;253383.0;1346066.0;-117545.0
chronos_daily_zero_shot;2025-08-31;2025-10-31;route;11;0.875836940269143;236661.0;1906050.0;-153893.0
chronos_daily_zero_shot;2025-08-31;2025-10-31;route;12;0.9127132413698997;172713.0;1978685.0;-43575.0
chronos_daily_zero_shot;2025-08-31;2025-10-31;route;17;0.9265441049452189;224520.0;3056528.0;-57840.0
chronos_daily_zero_shot;2025-08-31;2025-10-31;route;25;0.8169934921929997;85010.0;464519.0;-67732.0
chronos_daily_zero_shot;2025-08-31;2025-10-31;route;26;0.8783541349177261;132426.0;1088619.0;-101148.0
chronos_daily_zero_shot;2025-08-31;2025-10-31;route;28;0.8549284710988623;87170.0;600876.0;-25172.0
chronos_daily_zero_shot;2025-08-31;2025-10-31;route;50;0.6804324086907126;369609.0;1156591.0;-87139.0
chronos_daily_zero_shot;2025-08-31;2025-10-31;hour;0;0.7392480495550241;6651.0;25507.0;4005.0
chronos_daily_zero_shot;2025-08-31;2025-10-31;hour;1;;0.0;0.0;0.0
chronos_daily_zero_shot;2025-08-31;2025-10-31;hour;2;;0.0;0.0;0.0
chronos_daily_zero_shot;2025-08-31;2025-10-31;hour;3;;0.0;0.0;0.0
chronos_daily_zero_shot;2025-08-31;2025-10-31;hour;4;;0.0;0.0;0.0
chronos_daily_zero_shot;2025-08-31;2025-10-31;hour;5;0.8412276376954501;9017.0;56792.0;2973.0
chronos_daily_zero_shot;2025-08-31;2025-10-31;hour;6;0.8916750250752257;38340.0;353935.0;-11864.0
chronos_daily_zero_shot;2025-08-31;2025-10-31;hour;7;0.8512998991563568;120914.0;813140.0;-103572.0
chronos_daily_zero_shot;2025-08-31;2025-10-31;hour;8;0.8427886571031025;180101.0;1145598.0;-153241.0
chronos_daily_zero_shot;2025-08-31;2025-10-31;hour;9;0.8915268277673901;91662.0;845020.0;-53628.0
chronos_daily_zero_shot;2025-08-31;2025-10-31;hour;10;0.8781221553695522;87832.0;720656.0;-44062.0
chronos_daily_zero_shot;2025-08-31;2025-10-31;hour;11;0.8762400149653369;88652.0;716322.0;-30470.0
chronos_daily_zero_shot;2025-08-31;2025-10-31;hour;12;0.8754519388275912;93217.0;748442.0;-38867.0
chronos_daily_zero_shot;2025-08-31;2025-10-31;hour;13;0.8658152223532423;104350.0;777659.0;-46646.0
chronos_daily_zero_shot;2025-08-31;2025-10-31;hour;14;0.853149137720086;114624.0;780547.0;-57062.0
chronos_daily_zero_shot;2025-08-31;2025-10-31;hour;15;0.8592778798380278;116663.0;829031.0;-63441.0
chronos_daily_zero_shot;2025-08-31;2025-10-31;hour;16;0.8708530701174063;117128.0;906936.0;-64604.0
chronos_daily_zero_shot;2025-08-31;2025-10-31;hour;17;0.8759226659989546;130325.0;1050353.0;-82681.0
chronos_daily_zero_shot;2025-08-31;2025-10-31;hour;18;0.886808239521407;120809.0;1067295.0;-56147.0
chronos_daily_zero_shot;2025-08-31;2025-10-31;hour;19;0.8765438365830258;97280.0;787972.0;-14416.0
chronos_daily_zero_shot;2025-08-31;2025-10-31;hour;20;0.8769966490208588;64200.0;521937.0;16812.0
chronos_daily_zero_shot;2025-08-31;2025-10-31;hour;21;0.8556659884645624;48097.0;333234.0;19301.0
chronos_daily_zero_shot;2025-08-31;2025-10-31;hour;22;0.7598942847703998;39974.0;166485.0;32056.0
chronos_daily_zero_shot;2025-08-31;2025-10-31;hour;23;0.8126182592242195;15845.0;84560.0;8151.0
chronos_daily_zero_shot;2025-08-31;2025-10-31;month;2025-09;0.868129527611279;809225.0;6136514.0;-353983.0
chronos_daily_zero_shot;2025-08-31;2025-10-31;month;2025-10;0.8671010826991192;876456.0;6594907.0;-383420.0
chronos_daily_zero_shot;2025-08-31;2025-10-31;horizon_group;1-7;0.874843047711376;177127.0;1415239.0;-84481.0
chronos_daily_zero_shot;2025-08-31;2025-10-31;horizon_group;8-28;0.8646720876560644;574115.0;4242399.0;-224389.0
chronos_daily_zero_shot;2025-08-31;2025-10-31;horizon_group;29-62;0.8679010933753551;934439.0;7073783.0;-428533.0
chronos_daily_finetuned;2025-08-31;2025-10-31;route;1;0.8589423610504576;159887.0;1133487.0;-138789.0
chronos_daily_finetuned;2025-08-31;2025-10-31;route;5;;0.0;0.0;0.0
chronos_daily_finetuned;2025-08-31;2025-10-31;route;7;0.8050296196471792;262443.0;1346066.0;-121723.0
chronos_daily_finetuned;2025-08-31;2025-10-31;route;11;0.8667464127383857;253988.0;1906050.0;-182580.0
chronos_daily_finetuned;2025-08-31;2025-10-31;route;12;0.9000027796238411;197863.0;1978685.0;-120897.0
chronos_daily_finetuned;2025-08-31;2025-10-31;route;17;0.9095120345699435;276579.0;3056528.0;-180619.0
chronos_daily_finetuned;2025-08-31;2025-10-31;route;25;0.8054396052691063;90377.0;464519.0;-76129.0
chronos_daily_finetuned;2025-08-31;2025-10-31;route;26;0.8367656636527564;177700.0;1088619.0;-164258.0
chronos_daily_finetuned;2025-08-31;2025-10-31;route;28;0.8370479100513251;97914.0;600876.0;-53002.0
chronos_daily_finetuned;2025-08-31;2025-10-31;route;50;0.6659657562612886;386341.0;1156591.0;-101099.0
chronos_daily_finetuned;2025-08-31;2025-10-31;hour;0;0.7530089779276277;6300.0;25507.0;3130.0
chronos_daily_finetuned;2025-08-31;2025-10-31;hour;1;;0.0;0.0;0.0
chronos_daily_finetuned;2025-08-31;2025-10-31;hour;2;;0.0;0.0;0.0
chronos_daily_finetuned;2025-08-31;2025-10-31;hour;3;;0.0;0.0;0.0
chronos_daily_finetuned;2025-08-31;2025-10-31;hour;4;;0.0;0.0;0.0
chronos_daily_finetuned;2025-08-31;2025-10-31;hour;5;0.8467565854345682;8703.0;56792.0;1015.0
chronos_daily_finetuned;2025-08-31;2025-10-31;hour;6;0.8784579089380818;43018.0;353935.0;-23182.0
chronos_daily_finetuned;2025-08-31;2025-10-31;hour;7;0.8244398258602454;142755.0;813140.0;-127473.0
chronos_daily_finetuned;2025-08-31;2025-10-31;hour;8;0.8168336536900378;209835.0;1145598.0;-186869.0
chronos_daily_finetuned;2025-08-31;2025-10-31;hour;9;0.868946297129062;110743.0;845020.0;-80235.0
chronos_daily_finetuned;2025-08-31;2025-10-31;hour;10;0.8578309207166803;102455.0;720656.0;-66895.0
chronos_daily_finetuned;2025-08-31;2025-10-31;hour;11;0.8613039945722734;99351.0;716322.0;-53487.0
chronos_daily_finetuned;2025-08-31;2025-10-31;hour;12;0.8584740033295833;105924.0;748442.0;-62816.0
chronos_daily_finetuned;2025-08-31;2025-10-31;hour;13;0.8467001603530596;119215.0;777659.0;-71257.0
chronos_daily_finetuned;2025-08-31;2025-10-31;hour;14;0.8345685781893979;129127.0;780547.0;-81239.0
chronos_daily_finetuned;2025-08-31;2025-10-31;hour;15;0.837962633484152;134334.0;829031.0;-89148.0
chronos_daily_finetuned;2025-08-31;2025-10-31;hour;16;0.8503069676360846;135762.0;906936.0;-93242.0
chronos_daily_finetuned;2025-08-31;2025-10-31;hour;17;0.852543859064524;154881.0;1050353.0;-114923.0
chronos_daily_finetuned;2025-08-31;2025-10-31;hour;18;0.8700415536473046;138704.0;1067295.0;-89490.0
chronos_daily_finetuned;2025-08-31;2025-10-31;hour;19;0.8679508916560487;104051.0;787972.0;-40175.0
chronos_daily_finetuned;2025-08-31;2025-10-31;hour;20;0.8806120278884233;62313.0;521937.0;-1129.0
chronos_daily_finetuned;2025-08-31;2025-10-31;hour;21;0.8636723743675615;45429.0;333234.0;7651.0
chronos_daily_finetuned;2025-08-31;2025-10-31;hour;22;0.7869838123554674;35464.0;166485.0;25420.0
chronos_daily_finetuned;2025-08-31;2025-10-31;hour;23;0.8258278145695364;14728.0;84560.0;5248.0
chronos_daily_finetuned;2025-08-31;2025-10-31;month;2025-09;0.8504152357511121;917929.0;6136514.0;-550021.0
chronos_daily_finetuned;2025-08-31;2025-10-31;month;2025-10;0.8506176053733585;985163.0;6594907.0;-589075.0
chronos_daily_finetuned;2025-08-31;2025-10-31;horizon_group;1-7;0.860954934113602;196782.0;1415239.0;-120844.0
chronos_daily_finetuned;2025-08-31;2025-10-31;horizon_group;8-28;0.8460833127671396;652976.0;4242399.0;-368264.0
chronos_daily_finetuned;2025-08-31;2025-10-31;horizon_group;29-62;0.8510932551931548;1053334.0;7073783.0;-649988.0
