cutoff;end;weeks;statistic;dimension;value;wape_score;absolute_error;actual_total;bias
2025-06-30;2025-08-31;4;mean;route;1;0.868333760577032;119675.0;908927.0;57835.0
2025-06-30;2025-08-31;4;mean;route;5;;0.0;0.0;0.0
2025-06-30;2025-08-31;4;mean;route;7;0.46060877247065646;468923.0;869356.0;449617.0
2025-06-30;2025-08-31;4;mean;route;11;0.8606270585072162;232231.0;1666256.0;81755.0
2025-06-30;2025-08-31;4;mean;route;12;0.87398374686459;218691.0;1735419.0;39709.0
2025-06-30;2025-08-31;4;mean;route;17;0.8860146156755705;306479.0;2688757.0;74957.0
2025-06-30;2025-08-31;4;mean;route;25;0.7574845701798423;82123.0;338630.0;42011.0
2025-06-30;2025-08-31;4;mean;route;26;0.8473068588450562;122253.0;800645.0;78549.0
2025-06-30;2025-08-31;4;mean;route;28;0.7938761801291203;95431.0;462979.0;53191.0
2025-06-30;2025-08-31;4;mean;route;50;0.7511420589556985;304029.0;1221697.0;-134567.0
2025-06-30;2025-08-31;4;mean;hour;0;0.6698967635695737;10424.0;31578.0;2672.0
2025-06-30;2025-08-31;4;mean;hour;1;;0.0;0.0;0.0
2025-06-30;2025-08-31;4;mean;hour;2;;0.0;0.0;0.0
2025-06-30;2025-08-31;4;mean;hour;3;;0.0;0.0;0.0
2025-06-30;2025-08-31;4;mean;hour;4;;0.0;0.0;0.0
2025-06-30;2025-08-31;4;mean;hour;5;0.8085012932506954;11772.0;61473.0;-2838.0
2025-06-30;2025-08-31;4;mean;hour;6;0.8413345468060014;54219.0;341719.0;-22175.0
2025-06-30;2025-08-31;4;mean;hour;7;0.8443252998762132;100231.0;643849.0;283.0
2025-06-30;2025-08-31;4;mean;hour;8;0.8337792447786521;143018.0;860410.0;56482.0
2025-06-30;2025-08-31;4;mean;hour;9;0.8279800730164181;121235.0;704773.0;67039.0
2025-06-30;2025-08-31;4;mean;hour;10;0.8332082411710615;100668.0;603555.0;62328.0
2025-06-30;2025-08-31;4;mean;hour;11;0.804130008143866;117370.0;599224.0;72276.0
2025-06-30;2025-08-31;4;mean;hour;12;0.7909899083021912;126959.0;607430.0;81617.0
2025-06-30;2025-08-31;4;mean;hour;13;0.7766961821056166;136308.0;610415.0;91684.0
2025-06-30;2025-08-31;4;mean;hour;14;0.7785395746746352;131400.0;593334.0;86434.0
2025-06-30;2025-08-31;4;mean;hour;15;0.788074847819619;131774.0;621795.0;77410.0
2025-06-30;2025-08-31;4;mean;hour;16;0.8179165659510014;127306.0;699163.0;67642.0
2025-06-30;2025-08-31;4;mean;hour;17;0.8398859743193099;134971.0;842968.0;55053.0
2025-06-30;2025-08-31;4;mean;hour;18;0.8377417094088644;151184.0;931749.0;28892.0
2025-06-30;2025-08-31;4;mean;hour;19;0.8377065137854874;120877.0;744805.0;-9693.0
2025-06-30;2025-08-31;4;mean;hour;20;0.828887098458738;91748.0;536184.0;2588.0
2025-06-30;2025-08-31;4;mean;hour;21;0.8137516801075269;66513.0;357120.0;8703.0
2025-06-30;2025-08-31;4;mean;hour;22;0.775721252717551;45804.0;204228.0;9910.0
2025-06-30;2025-08-31;4;mean;hour;23;0.7311082213552955;26054.0;96894.0;6750.0
2025-06-30;2025-08-31;4;mean;month;2025-07;0.8021154456784936;1067547.0;5394797.0;438363.0
2025-06-30;2025-08-31;4;mean;month;2025-08;0.8334636058384984;882288.0;5297869.0;304694.0
2025-06-30;2025-08-31;4;median;route;1;0.8584330754835097;128674.0;908927.0;90594.0
2025-06-30;2025-08-31;4;median;route;5;;0.0;0.0;0.0
2025-06-30;2025-08-31;4;median;route;7;0.4376688031140292;488866.0;869356.0;476936.0
2025-06-30;2025-08-31;4;median;route;11;0.8615674902295926;230664.0;1666256.0;103844.0
2025-06-30;2025-08-31;4;median;route;12;0.8626095484721557;238430.0;1735419.0;121558.0
2025-06-30;2025-08-31;4;median;route;17;0.8873427386706942;302908.0;2688757.0;123258.0
2025-06-30;2025-08-31;4;median;route;25;0.7536455718630954;83423.0;338630.0;41913.0
2025-06-30;2025-08-31;4;median;route;26;0.8398141498416901;128252.0;800645.0;102102.0
2025-06-30;2025-08-31;4;median;route;28;0.7993796694882489;92883.0;462979.0;60365.0
2025-06-30;2025-08-31;4;median;route;50;0.7670469846451289;284598.0;1221697.0;-95392.0
2025-06-30;2025-08-31;4;median;hour;0;0.6725568433719677;10340.0;31578.0;2712.0
2025-06-30;2025-08-31;4;median;hour;1;;0.0;0.0;0.0
2025-06-30;2025-08-31;4;median;hour;2;;0.0;0.0;0.0
2025-06-30;2025-08-31;4;median;hour;3;;0.0;0.0;0.0
2025-06-30;2025-08-31;4;median;hour;4;;0.0;0.0;0.0
2025-06-30;2025-08-31;4;median;hour;5;0.8076553934247556;11824.0;61473.0;-2144.0
2025-06-30;2025-08-31;4;median;hour;6;0.8548661326996743;49595.0;341719.0;-14383.0
2025-06-30;2025-08-31;4;median;hour;7;0.8672670144707844;85460.0;643849.0;30060.0
2025-06-30;2025-08-31;4;median;hour;8;0.8333922199881452;143351.0;860410.0;100075.0
2025-06-30;2025-08-31;4;median;hour;9;0.8214574054340902;125832.0;704773.0;91186.0
2025-06-30;2025-08-31;4;median;hour;10;0.8167076736999942;110627.0;603555.0;77395.0
2025-06-30;2025-08-31;4;median;hour;11;0.7976916812410718;121228.0;599224.0;84790.0
2025-06-30;2025-08-31;4;median;hour;12;0.7825362593220618;132094.0;607430.0;93874.0
2025-06-30;2025-08-31;4;median;hour;13;0.7716209464053144;139406.0;610415.0;100030.0
2025-06-30;2025-08-31;4;median;hour;14;0.7735828386709678;134341.0;593334.0;92547.0
2025-06-30;2025-08-31;4;median;hour;15;0.7809760451595783;136188.0;621795.0;88404.0
2025-06-30;2025-08-31;4;median;hour;16;0.8091603817707744;133428.0;699163.0;86140.0
2025-06-30;2025-08-31;4;median;hour;17;0.8321169961374572;141520.0;842968.0;87550.0
2025-06-30;2025-08-31;4;median;hour;18;0.8353751922459804;153389.0;931749.0;63757.0
2025-06-30;2025-08-31;4;median;hour;19;0.8415182497432214;118038.0;744805.0;6724.0
2025-06-30;2025-08-31;4;median;hour;20;0.8287509511660176;91821.0;536184.0;11617.0
2025-06-30;2025-08-31;4;median;hour;21;0.8091733870967742;68148.0;357120.0;9386.0
2025-06-30;2025-08-31;4;median;hour;22;0.774580370957949;46037.0;204228.0;9225.0
2025-06-30;2025-08-31;4;median;hour;23;0.7313455941544368;26031.0;96894.0;6233.0
2025-06-30;2025-08-31;4;median;month;2025-07;0.8006570034053181;1075415.0;5394797.0;579575.0
2025-06-30;2025-08-31;4;median;month;2025-08;0.8295006916932072;903283.0;5297869.0;445603.0
2025-06-30;2025-08-31;8;mean;route;1;0.8462483785826584;139749.0;908927.0;105407.0
2025-06-30;2025-08-31;8;mean;route;5;;0.0;0.0;0.0
2025-06-30;2025-08-31;8;mean;route;7;0.3824083574508027;536907.0;869356.0;531469.0
2025-06-30;2025-08-31;8;mean;route;11;0.8575627034501301;237337.0;1666256.0;126097.0
2025-06-30;2025-08-31;8;mean;route;12;0.8640864252379397;235867.0;1735419.0;128549.0
2025-06-30;2025-08-31;8;mean;route;17;0.8829444237616118;314734.0;2688757.0;160764.0
2025-06-30;2025-08-31;8;mean;route;25;0.7290671234090305;91746.0;338630.0;66696.0
2025-06-30;2025-08-31;8;mean;route;26;0.8053944007643837;155810.0;800645.0;134840.0
2025-06-30;2025-08-31;8;mean;route;28;0.753446700606291;114149.0;462979.0;93669.0
2025-06-30;2025-08-31;8;mean;route;50;0.7566753458508944;297269.0;1221697.0;-57319.0
2025-06-30;2025-08-31;8;mean;hour;0;0.6832604978149345;10002.0;31578.0;2050.0
2025-06-30;2025-08-31;8;mean;hour;1;;0.0;0.0;0.0
2025-06-30;2025-08-31;8;mean;hour;2;;0.0;0.0;0.0
2025-06-30;2025-08-31;8;mean;hour;3;;0.0;0.0;0.0
2025-06-30;2025-08-31;8;mean;hour;4;;0.0;0.0;0.0
2025-06-30;2025-08-31;8;mean;hour;5;0.8141297805540644;11426.0;61473.0;-672.0
2025-06-30;2025-08-31;8;mean;hour;6;0.8552904579493678;49450.0;341719.0;-10754.0
2025-06-30;2025-08-31;8;mean;hour;7;0.8330850867206441;107468.0;643849.0;33080.0
2025-06-30;2025-08-31;8;mean;hour;8;0.813213467997815;160713.0;860410.0;104507.0
2025-06-30;2025-08-31;8;mean;hour;9;0.8179882032938265;128277.0;704773.0;92975.0
2025-06-30;2025-08-31;8;mean;hour;10;0.8151750876059348;111552.0;603555.0;84574.0
2025-06-30;2025-08-31;8;mean;hour;11;0.7882327810635088;126896.0;599224.0;96798.0
2025-06-30;2025-08-31;8;mean;hour;12;0.773893288115503;137344.0;607430.0;108906.0
2025-06-30;2025-08-31;8;mean;hour;13;0.7439807344183875;156278.0;610415.0;130608.0
2025-06-30;2025-08-31;8;mean;hour;14;0.7360744538489283;156596.0;593334.0;130788.0
2025-06-30;2025-08-31;8;mean;hour;15;0.741766981078973;160568.0;621795.0;128926.0
2025-06-30;2025-08-31;8;mean;hour;16;0.7802415173571828;153647.0;699163.0;118489.0
2025-06-30;2025-08-31;8;mean;hour;17;0.8169456017310266;154309.0;842968.0;103441.0
2025-06-30;2025-08-31;8;mean;hour;18;0.8361103687795748;152704.0;931749.0;63820.0
2025-06-30;2025-08-31;8;mean;hour;19;0.8374420150240667;121074.0;744805.0;30820.0
2025-06-30;2025-08-31;8;mean;hour;20;0.8325108544827895;89805.0;536184.0;26033.0
2025-06-30;2025-08-31;8;mean;hour;21;0.8169746863799283;65362.0;357120.0;22680.0
2025-06-30;2025-08-31;8;mean;hour;22;0.780392502497209;44850.0;204228.0;15922.0
2025-06-30;2025-08-31;8;mean;hour;23;0.7394369104382108;25247.0;96894.0;7181.0
2025-06-30;2025-08-31;8;mean;month;2025-07;0.7852510483712363;1158527.0;5394797.0;713145.0
2025-06-30;2025-08-31;8;mean;month;2025-08;0.8178435518130025;965041.0;5297869.0;577027.0
2025-06-30;2025-08-31;8;median;route;1;0.8273634736342963;156914.0;908927.0;141186.0
2025-06-30;2025-08-31;8;median;route;5;;0.0;0.0;0.0
2025-06-30;2025-08-31;8;median;route;7;0.35965013182171635;556692.0;869356.0;553226.0
2025-06-30;2025-08-31;8;median;route;11;0.8508980612823;248442.0;1666256.0;154534.0
2025-06-30;2025-08-31;8;median;route;12;0.8449970871587784;268995.0;1735419.0;202743.0
2025-06-30;2025-08-31;8;median;route;17;0.8750169688075196;336049.0;2688757.0;238375.0
2025-06-30;2025-08-31;8;median;route;25;0.7139267046629064;96873.0;338630.0;72619.0
2025-06-30;2025-08-31;8;median;route;26;0.7828962898662953;173823.0;800645.0;158109.0
2025-06-30;2025-08-31;8;median;route;28;0.7518375563470481;114894.0;462979.0;96160.0
2025-06-30;2025-08-31;8;median;route;50;0.7641649279649536;288119.0;1221697.0;-19699.0
2025-06-30;2025-08-31;8;median;hour;0;0.6856989043004623;9925.0;31578.0;1835.0
2025-06-30;2025-08-31;8;median;hour;1;;0.0;0.0;0.0
2025-06-30;2025-08-31;8;median;hour;2;;0.0;0.0;0.0
2025-06-30;2025-08-31;8;median;hour;3;;0.0;0.0;0.0
2025-06-30;2025-08-31;8;median;hour;4;;0.0;0.0;0.0
2025-06-30;2025-08-31;8;median;hour;5;0.815935451336359;11315.0;61473.0;163.0
2025-06-30;2025-08-31;8;median;hour;6;0.8683713811640559;44980.0;341719.0;328.0
2025-06-30;2025-08-31;8;median;hour;7;0.839858414007011;103107.0;643849.0;62923.0
2025-06-30;2025-08-31;8;median;hour;8;0.7841447681919085;185724.0;860410.0;160210.0
2025-06-30;2025-08-31;8;median;hour;9;0.7932043367155098;145744.0;704773.0;128878.0
2025-06-30;2025-08-31;8;median;hour;10;0.797958761007696;121943.0;603555.0;105991.0
2025-06-30;2025-08-31;8;median;hour;11;0.7768463879951404;133719.0;599224.0;111013.0
2025-06-30;2025-08-31;8;median;hour;12;0.761514907067481;144863.0;607430.0;119987.0
2025-06-30;2025-08-31;8;median;hour;13;0.7289860177092633;165431.0;610415.0;140115.0
2025-06-30;2025-08-31;8;median;hour;14;0.7270306437857935;161962.0;593334.0;136060.0
2025-06-30;2025-08-31;8;median;hour;15;0.7288688394084868;168588.0;621795.0;139104.0
2025-06-30;2025-08-31;8;median;hour;16;0.7630009025077128;165701.0;699163.0;135675.0
2025-06-30;2025-08-31;8;median;hour;17;0.802531056932173;166460.0;842968.0;130766.0
2025-06-30;2025-08-31;8;median;hour;18;0.827019937772941;161174.0;931749.0;97602.0
2025-06-30;2025-08-31;8;median;hour;19;0.837131866730218;121305.0;744805.0;49275.0
2025-06-30;2025-08-31;8;median;hour;20;0.8290045954373871;91685.0;536184.0;31715.0
2025-06-30;2025-08-31;8;median;hour;21;0.8136368727598566;66554.0;357120.0;22372.0
2025-06-30;2025-08-31;8;median;hour;22;0.7780323951661868;45332.0;204228.0;16640.0
2025-06-30;2025-08-31;8;median;hour;23;0.7390034470658657;25289.0;96894.0;6601.0
2025-06-30;2025-08-31;8;median;month;2025-07;0.7763915861894339;1206322.0;5394797.0;865316.0
2025-06-30;2025-08-31;8;median;month;2025-08;0.8047367724645513;1034479.0;5297869.0;731937.0
2025-06-30;2025-08-31;12;mean;route;1;0.8157816854378844;167441.0;908927.0;144065.0
2025-06-30;2025-08-31;12;mean;route;5;;0.0;0.0;0.0
2025-06-30;2025-08-31;12;mean;route;7;0.33168575359231434;581003.0;869356.0;577189.0
2025-06-30;2025-08-31;12;mean;route;11;0.8478415081476076;253535.0;1666256.0;161609.0
2025-06-30;2025-08-31;12;mean;route;12;0.8540392838847564;253303.0;1735419.0;171751.0
2025-06-30;2025-08-31;12;mean;route;17;0.8662657131157632;359579.0;2688757.0;84987.0
2025-06-30;2025-08-31;12;mean;route;25;0.7091574875232555;98488.0;338630.0;76506.0
2025-06-30;2025-08-31;12;mean;route;26;0.7553060345096766;195913.0;800645.0;181663.0
2025-06-30;2025-08-31;12;mean;route;28;0.7317783311986072;124181.0;462979.0;106457.0
2025-06-30;2025-08-31;12;mean;route;50;0.7551946186329344;299078.0;1221697.0;-18690.0
2025-06-30;2025-08-31;12;mean;hour;0;0.6948191779086705;9637.0;31578.0;413.0
2025-06-30;2025-08-31;12;mean;hour;1;;0.0;0.0;0.0
2025-06-30;2025-08-31;12;mean;hour;2;;0.0;0.0;0.0
2025-06-30;2025-08-31;12;mean;hour;3;;0.0;0.0;0.0
2025-06-30;2025-08-31;12;mean;hour;4;;0.0;0.0;0.0
2025-06-30;2025-08-31;12;mean;hour;5;0.810616042815545;11642.0;61473.0;-52.0
2025-06-30;2025-08-31;12;mean;hour;6;0.8519309725242085;50598.0;341719.0;-3320.0
2025-06-30;2025-08-31;12;mean;hour;7;0.8158124032187671;118589.0;643849.0;52661.0
2025-06-30;2025-08-31;12;mean;hour;8;0.7838309643077137;185994.0;860410.0;134990.0
2025-06-30;2025-08-31;12;mean;hour;9;0.7999426765781322;140995.0;704773.0;105745.0
2025-06-30;2025-08-31;12;mean;hour;10;0.7903836435784642;126515.0;603555.0;98189.0
2025-06-30;2025-08-31;12;mean;hour;11;0.7657787405043857;140351.0;599224.0;110137.0
2025-06-30;2025-08-31;12;mean;hour;12;0.7507416492435343;151407.0;607430.0;123075.0
2025-06-30;2025-08-31;12;mean;hour;13;0.7211962353480829;170186.0;610415.0;141970.0
2025-06-30;2025-08-31;12;mean;hour;14;0.7054037017935935;174794.0;593334.0;147164.0
2025-06-30;2025-08-31;12;mean;hour;15;0.7062472358253122;182654.0;621795.0;151230.0
2025-06-30;2025-08-31;12;mean;hour;16;0.7465970024157457;177170.0;699163.0;141372.0
2025-06-30;2025-08-31;12;mean;hour;17;0.793421577094267;174139.0;842968.0;124059.0
2025-06-30;2025-08-31;12;mean;hour;18;0.8265530738428483;161609.0;931749.0;73093.0
2025-06-30;2025-08-31;12;mean;hour;19;0.8309101039869496;125939.0;744805.0;35149.0
2025-06-30;2025-08-31;12;mean;hour;20;0.8227063843755129;95062.0;536184.0;24446.0
2025-06-30;2025-08-31;12;mean;hour;21;0.8164370519713262;65554.0;357120.0;14024.0
2025-06-30;2025-08-31;12;mean;hour;22;0.7794181013377206;45049.0;204228.0;8229.0
2025-06-30;2025-08-31;12;mean;hour;23;0.7457324498936982;24637.0;96894.0;2963.0
2025-06-30;2025-08-31;12;mean;month;2025-07;0.7670255247787823;1256850.0;5394797.0;814838.0
2025-06-30;2025-08-31;12;mean;month;2025-08;0.7969615707749663;1075671.0;5297869.0;670699.0
2025-06-30;2025-08-31;12;median;route;1;0.7899545288015429;190916.0;908927.0;180176.0
2025-06-30;2025-08-31;12;median;route;5;;0.0;0.0;0.0
2025-06-30;2025-08-31;12;median;route;7;0.29229107523270104;615251.0;869356.0;613457.0
2025-06-30;2025-08-31;12;median;route;11;0.8347048712802835;275424.0;1666256.0;205838.0
2025-06-30;2025-08-31;12;median;route;12;0.8302029653933718;294669.0;1735419.0;250017.0
2025-06-30;2025-08-31;12;median;route;17;0.8638601405779697;366047.0;2688757.0;254193.0
2025-06-30;2025-08-31;12;median;route;25;0.6853350264300269;106555.0;338630.0;85875.0
2025-06-30;2025-08-31;12;median;route;26;0.7277794777960269;217952.0;800645.0;207196.0
2025-06-30;2025-08-31;12;median;route;28;0.7149568338952739;131969.0;462979.0;116921.0
2025-06-30;2025-08-31;12;median;route;50;0.7575536323654719;296196.0;1221697.0;28522.0
2025-06-30;2025-08-31;12;median;hour;0;0.7038444486667934;9352.0;31578.0;232.0
2025-06-30;2025-08-31;12;median;hour;1;;0.0;0.0;0.0
2025-06-30;2025-08-31;12;median;hour;2;;0.0;0.0;0.0
2025-06-30;2025-08-31;12;median;hour;3;;0.0;0.0;0.0
2025-06-30;2025-08-31;12;median;hour;4;;0.0;0.0;0.0
2025-06-30;2025-08-31;12;median;hour;5;0.8117059522066599;11575.0;61473.0;1573.0
2025-06-30;2025-08-31;12;median;hour;6;0.8730623699589428;43377.0;341719.0;12787.0
2025-06-30;2025-08-31;12;median;hour;7;0.8094180467780488;122706.0;643849.0;89422.0
2025-06-30;2025-08-31;12;median;hour;8;0.7388187027114981;224723.0;860410.0;204747.0
2025-06-30;2025-08-31;12;median;hour;9;0.7723380435970164;160450.0;704773.0;148516.0
2025-06-30;2025-08-31;12;median;hour;10;0.77206054129284;137574.0;603555.0;126410.0
2025-06-30;2025-08-31;12;median;hour;11;0.7486732841141209;150601.0;599224.0;134911.0
2025-06-30;2025-08-31;12;median;hour;12;0.7331280970646823;162106.0;607430.0;143354.0
2025-06-30;2025-08-31;12;median;hour;13;0.7031920906268686;181176.0;610415.0;161960.0
2025-06-30;2025-08-31;12;median;hour;14;0.6919812449648932;182758.0;593334.0;164762.0
2025-06-30;2025-08-31;12;median;hour;15;0.6888299198288825;193484.0;621795.0;171510.0
2025-06-30;2025-08-31;12;median;hour;16;0.7184948288167423;196818.0;699163.0;172998.0
2025-06-30;2025-08-31;12;median;hour;17;0.771191789012157;192878.0;842968.0;163018.0
2025-06-30;2025-08-31;12;median;hour;18;0.8148192270665169;172542.0;931749.0;120126.0
2025-06-30;2025-08-31;12;median;hour;19;0.8316472096723303;125390.0;744805.0;61164.0
2025-06-30;2025-08-31;12;median;hour;20;0.8229656237411038;94923.0;536184.0;35679.0
2025-06-30;2025-08-31;12;median;hour;21;0.8187752016129033;64719.0;357120.0;18183.0
2025-06-30;2025-08-31;12;median;hour;22;0.7878694400376051;43323.0;204228.0;8415.0
2025-06-30;2025-08-31;12;median;hour;23;0.7471050839061242;24504.0;96894.0;2428.0
2025-06-30;2025-08-31;12;median;month;2025-07;0.75233989341953;1336076.0;5394797.0;1038652.0
2025-06-30;2025-08-31;12;median;month;2025-08;0.7812511030378441;1158903.0;5297869.0;903543.0
2025-06-30;2025-08-31;0;mean;route;1;0.8263534915345236;157832.0;908927.0;140272.0
2025-06-30;2025-08-31;0;mean;route;5;;0.0;0.0;0.0
2025-06-30;2025-08-31;0;mean;route;7;0.32164613806081743;589731.0;869356.0;586551.0
2025-06-30;2025-08-31;0;mean;route;11;0.8399303588404183;266717.0;1666256.0;167129.0
2025-06-30;2025-08-31;0;mean;route;12;0.8444969197640455;269863.0;1735419.0;180217.0
2025-06-30;2025-08-31;0;mean;route;17;0.8815549341201158;318470.0;2688757.0;159008.0
2025-06-30;2025-08-31;0;mean;route;25;0.7219354457667662;94161.0;338630.0;66951.0
2025-06-30;2025-08-31;0;mean;route;26;0.7119360015987111;230637.0;800645.0;219385.0
2025-06-30;2025-08-31;0;mean;route;28;0.7108400165018284;133875.0;462979.0;119957.0
2025-06-30;2025-08-31;0;mean;route;50;0.7542704942387515;300207.0;1221697.0;23597.0
2025-06-30;2025-08-31;0;mean;hour;0;0.7076762302869086;9231.0;31578.0;-2131.0
2025-06-30;2025-08-31;0;mean;hour;1;;0.0;0.0;0.0
2025-06-30;2025-08-31;0;mean;hour;2;;0.0;0.0;0.0
2025-06-30;2025-08-31;0;mean;hour;3;;0.0;0.0;0.0
2025-06-30;2025-08-31;0;mean;hour;4;;0.0;0.0;0.0
2025-06-30;2025-08-31;0;mean;hour;5;0.8126169212499796;11519.0;61473.0;-3133.0
2025-06-30;2025-08-31;0;mean;hour;6;0.8445711242278012;53113.0;341719.0;-4499.0
2025-06-30;2025-08-31;0;mean;hour;7;0.8176264931684293;117421.0;643849.0;74299.0
2025-06-30;2025-08-31;0;mean;hour;8;0.7767773503329808;192063.0;860410.0;159401.0
2025-06-30;2025-08-31;0;mean;hour;9;0.8134193563033771;131497.0;704773.0;109321.0
2025-06-30;2025-08-31;0;mean;hour;10;0.8119044660387206;113526.0;603555.0;95650.0
2025-06-30;2025-08-31;0;mean;hour;11;0.7773837496495467;133397.0;599224.0;116201.0
2025-06-30;2025-08-31;0;mean;hour;12;0.7490887838927942;152411.0;607430.0;136851.0
2025-06-30;2025-08-31;0;mean;hour;13;0.7129755985681872;175204.0;610415.0;161842.0
2025-06-30;2025-08-31;0;mean;hour;14;0.6841846245116578;187384.0;593334.0;175012.0
2025-06-30;2025-08-31;0;mean;hour;15;0.6696306660555328;205422.0;621795.0;191180.0
2025-06-30;2025-08-31;0;mean;hour;16;0.7115379389355558;201682.0;699163.0;186396.0
2025-06-30;2025-08-31;0;mean;hour;17;0.7791090527754316;186204.0;842968.0;160066.0
2025-06-30;2025-08-31;0;mean;hour;18;0.8319418641715741;156588.0;931749.0;95498.0
2025-06-30;2025-08-31;0;mean;hour;19;0.8410886070850759;118358.0;744805.0;31066.0
2025-06-30;2025-08-31;0;mean;hour;20;0.835483714545753;88211.0;536184.0;-723.0
2025-06-30;2025-08-31;0;mean;hour;21;0.8245659722222223;62651.0;357120.0;-6699.0
2025-06-30;2025-08-31;0;mean;hour;22;0.7955422371075465;41756.0;204228.0;-8046.0
2025-06-30;2025-08-31;0;mean;hour;23;0.7538031250645034;23855.0;96894.0;-4485.0
2025-06-30;2025-08-31;0;mean;month;2025-07;0.7643394181467811;1271341.0;5394797.0;888961.0
2025-06-30;2025-08-31;0;mean;month;2025-08;0.7942282076057373;1090152.0;5297869.0;774106.0
2025-06-30;2025-08-31;0;median;route;1;0.7798062990757233;200140.0;908927.0;189244.0
2025-06-30;2025-08-31;0;median;route;5;;0.0;0.0;0.0
2025-06-30;2025-08-31;0;median;route;7;0.2905541573302537;616761.0;869356.0;612841.0
2025-06-30;2025-08-31;0;median;route;11;0.8105459185143219;315679.0;1666256.0;234407.0
2025-06-30;2025-08-31;0;median;route;12;0.8021734232482185;343312.0;1735419.0;274852.0
2025-06-30;2025-08-31;0;median;route;17;0.847987006635408;408726.0;2688757.0;313690.0
2025-06-30;2025-08-31;0;median;route;25;0.7057260136432094;99650.0;338630.0;70694.0
2025-06-30;2025-08-31;0;median;route;26;0.6818240293763154;254746.0;800645.0;242810.0
2025-06-30;2025-08-31;0;median;route;28;0.6821950887621253;147137.0;462979.0;134465.0
2025-06-30;2025-08-31;0;median;route;50;0.7340437113294049;324918.0;1221697.0;87730.0
2025-06-30;2025-08-31;0;median;hour;0;0.7200582684147191;8840.0;31578.0;-3032.0
2025-06-30;2025-08-31;0;median;hour;1;;0.0;0.0;0.0
2025-06-30;2025-08-31;0;median;hour;2;;0.0;0.0;0.0
2025-06-30;2025-08-31;0;median;hour;3;;0.0;0.0;0.0
2025-06-30;2025-08-31;0;median;hour;4;;0.0;0.0;0.0
2025-06-30;2025-08-31;0;median;hour;5;0.8037837749906462;12062.0;61473.0;-1692.0
2025-06-30;2025-08-31;0;median;hour;6;0.8434239828631127;53505.0;341719.0;11825.0
2025-06-30;2025-08-31;0;median;hour;7;0.7598971187343616;154590.0;643849.0;123222.0
2025-06-30;2025-08-31;0;median;hour;8;0.7122639206889738;247571.0;860410.0;228431.0
2025-06-30;2025-08-31;0;median;hour;9;0.7623958352547557;167457.0;704773.0;156325.0
2025-06-30;2025-08-31;0;median;hour;10;0.7744861694460323;136110.0;603555.0;125784.0
2025-06-30;2025-08-31;0;median;hour;11;0.7432195639694004;153869.0;599224.0;142951.0
2025-06-30;2025-08-31;0;median;hour;12;0.7164759725400458;172221.0;607430.0;161087.0
2025-06-30;2025-08-31;0;median;hour;13;0.6811087538805567;194656.0;610415.0;184682.0
2025-06-30;2025-08-31;0;median;hour;14;0.6512790435066926;206908.0;593334.0;196736.0
2025-06-30;2025-08-31;0;median;hour;15;0.6355599514309378;226607.0;621795.0;215219.0
2025-06-30;2025-08-31;0;median;hour;16;0.6670404469344058;232793.0;699163.0;220847.0
2025-06-30;2025-08-31;0;median;hour;17;0.7326209298573612;225392.0;842968.0;206628.0
2025-06-30;2025-08-31;0;median;hour;18;0.8039954966412628;182627.0;931749.0;144483.0
2025-06-30;2025-08-31;0;median;hour;19;0.834202240854989;123487.0;744805.0;57993.0
2025-06-30;2025-08-31;0;median;hour;20;0.8400269310535189;85775.0;536184.0;10201.0
2025-06-30;2025-08-31;0;median;hour;21;0.8278281810035842;61486.0;357120.0;-4700.0
2025-06-30;2025-08-31;0;median;hour;22;0.7965068452905576;41559.0;204228.0;-10073.0
2025-06-30;2025-08-31;0;median;hour;23;0.7569096125663095;23554.0;96894.0;-6184.0
2025-06-30;2025-08-31;0;median;month;2025-07;0.731176724536623;1450247.0;5394797.0;1141815.0
2025-06-30;2025-08-31;0;median;month;2025-08;0.7620133680164609;1260822.0;5297869.0;1018918.0
2025-08-31;2025-10-31;4;mean;route;1;0.8028340863194725;223485.0;1133487.0;-210323.0
2025-08-31;2025-10-31;4;mean;route;5;;0.0;0.0;0.0
2025-08-31;2025-10-31;4;mean;route;7;0.6892975530174598;418226.0;1346066.0;-365814.0
2025-08-31;2025-10-31;4;mean;route;11;0.8270764145746439;329601.0;1906050.0;-243989.0
2025-08-31;2025-10-31;4;mean;route;12;0.8504350111311301;295942.0;1978685.0;-228356.0
2025-08-31;2025-10-31;4;mean;route;17;0.8722625802871755;390433.0;3056528.0;-313211.0
2025-08-31;2025-10-31;4;mean;route;25;0.7136973945091589;132993.0;464519.0;-121459.0
2025-08-31;2025-10-31;4;mean;route;26;0.7337874867148194;289804.0;1088619.0;-281764.0
2025-08-31;2025-10-31;4;mean;route;28;0.7376613477655956;157633.0;600876.0;-135179.0
2025-08-31;2025-10-31;4;mean;route;50;0.6271188345750572;431271.0;1156591.0;-106383.0
2025-08-31;2025-10-31;4;mean;hour;0;0.746304935899949;6471.0;25507.0;1889.0
2025-08-31;2025-10-31;4;mean;hour;1;;0.0;0.0;0.0
2025-08-31;2025-10-31;4;mean;hour;2;;0.0;0.0;0.0
2025-08-31;2025-10-31;4;mean;hour;3;;0.0;0.0;0.0
2025-08-31;2025-10-31;4;mean;hour;4;;0.0;0.0;0.0
2025-08-31;2025-10-31;4;mean;hour;5;0.8039688688547683;11133.0;56792.0;3545.0
2025-08-31;2025-10-31;4;mean;hour;6;0.8842471075197423;40969.0;353935.0;-11875.0
2025-08-31;2025-10-31;4;mean;hour;7;0.7701625796295841;186890.0;813140.0;-170016.0
2025-08-31;2025-10-31;4;mean;hour;8;0.7302125178291163;309068.0;1145598.0;-288232.0
2025-08-31;2025-10-31;4;mean;hour;9;0.8000887552957326;168929.0;845020.0;-146311.0
2025-08-31;2025-10-31;4;mean;hour;10;0.7987805554938834;145010.0;720656.0;-119686.0
2025-08-31;2025-10-31;4;mean;hour;11;0.8019773230474563;141848.0;716322.0;-112862.0
2025-08-31;2025-10-31;4;mean;hour;12;0.7936139340122548;154468.0;748442.0;-125576.0
2025-08-31;2025-10-31;4;mean;hour;13;0.7680808683497523;180354.0;777659.0;-148936.0
2025-08-31;2025-10-31;4;mean;hour;14;0.7464649790467455;197896.0;780547.0;-169594.0
2025-08-31;2025-10-31;4;mean;hour;15;0.7315166742860038;222581.0;829031.0;-192987.0
2025-08-31;2025-10-31;4;mean;hour;16;0.7485291134104282;228068.0;906936.0;-201172.0
2025-08-31;2025-10-31;4;mean;hour;17;0.7868611790512332;223871.0;1050353.0;-193173.0
2025-08-31;2025-10-31;4;mean;hour;18;0.8405211305215521;170211.0;1067295.0;-119799.0
2025-08-31;2025-10-31;4;mean;hour;19;0.8564352540445599;113125.0;787972.0;-41125.0
2025-08-31;2025-10-31;4;mean;hour;20;0.8623799424068422;71829.0;521937.0;4969.0
2025-08-31;2025-10-31;4;mean;hour;21;0.8558460421205519;48037.0;333234.0;4145.0
2025-08-31;2025-10-31;4;mean;hour;22;0.8000420458299546;33290.0;166485.0;17626.0
2025-08-31;2025-10-31;4;mean;hour;23;0.8185903500473037;15340.0;84560.0;2692.0
2025-08-31;2025-10-31;4;mean;month;2025-09;0.8043780230925897;1200437.0;6136514.0;-880337.0
2025-08-31;2025-10-31;4;mean;month;2025-10;0.777259785467786;1468951.0;6594907.0;-1126141.0
2025-08-31;2025-10-31;4;median;route;1;0.8021803514288209;224226.0;1133487.0;-211894.0
2025-08-31;2025-10-31;4;median;route;5;;0.0;0.0;0.0
2025-08-31;2025-10-31;4;median;route;7;0.7340605884109694;357972.0;1346066.0;-288752.0
2025-08-31;2025-10-31;4;median;route;11;0.8255722567613651;332468.0;1906050.0;-244508.0
2025-08-31;2025-10-31;4;median;route;12;0.8473536717567476;302039.0;1978685.0;-235079.0
2025-08-31;2025-10-31;4;median;route;17;0.8694698690802113;398969.0;3056528.0;-325693.0
2025-08-31;2025-10-31;4;median;route;25;0.7126985117939202;133457.0;464519.0;-123125.0
2025-08-31;2025-10-31;4;median;route;26;0.7315056966670617;292288.0;1088619.0;-285144.0
2025-08-31;2025-10-31;4;median;route;28;0.7319347086586916;161074.0;600876.0;-141010.0
2025-08-31;2025-10-31;4;median;route;50;0.6317427681868526;425923.0;1156591.0;-157137.0
2025-08-31;2025-10-31;4;median;hour;0;0.7724546203003098;5804.0;25507.0;410.0
2025-08-31;2025-10-31;4;median;hour;1;;0.0;0.0;0.0
2025-08-31;2025-10-31;4;median;hour;2;;0.0;0.0;0.0
2025-08-31;2025-10-31;4;median;hour;3;;0.0;0.0;0.0
2025-08-31;2025-10-31;4;median;hour;4;;0.0;0.0;0.0
2025-08-31;2025-10-31;4;median;hour;5;0.8123327229187209;10658.0;56792.0;2258.0
2025-08-31;2025-10-31;4;median;hour;6;0.8846539618856569;40825.0;353935.0;-15231.0
2025-08-31;2025-10-31;4;median;hour;7;0.7731608333128367;184452.0;813140.0;-170030.0
2025-08-31;2025-10-31;4;median;hour;8;0.7306472252919436;308570.0;1145598.0;-290032.0
2025-08-31;2025-10-31;4;median;hour;9;0.8022614849352678;167093.0;845020.0;-146227.0
2025-08-31;2025-10-31;4;median;hour;10;0.8035165182833418;141597.0;720656.0;-120029.0
2025-08-31;2025-10-31;4;median;hour;11;0.8067070395715893;138460.0;716322.0;-110330.0
2025-08-31;2025-10-31;4;median;hour;12;0.7960990965231775;152608.0;748442.0;-125832.0
2025-08-31;2025-10-31;4;median;hour;13;0.7728580264614696;176639.0;777659.0;-147935.0
2025-08-31;2025-10-31;4;median;hour;14;0.7523031925047434;193339.0;780547.0;-166187.0
2025-08-31;2025-10-31;4;median;hour;15;0.7390568024597391;216330.0;829031.0;-188316.0
2025-08-31;2025-10-31;4;median;hour;16;0.7544666878368484;222683.0;906936.0;-197569.0
2025-08-31;2025-10-31;4;median;hour;17;0.7865641360571161;224183.0;1050353.0;-196035.0
2025-08-31;2025-10-31;4;median;hour;18;0.8452039970205051;165213.0;1067295.0;-118079.0
2025-08-31;2025-10-31;4;median;hour;19;0.8552689689481352;114044.0;787972.0;-41600.0
2025-08-31;2025-10-31;4;median;hour;20;0.867865278759697;68966.0;521937.0;-738.0
2025-08-31;2025-10-31;4;median;hour;21;0.854918765792206;48346.0;333234.0;1544.0
2025-08-31;2025-10-31;4;median;hour;22;0.7976574466168123;33687.0;166485.0;16513.0
2025-08-31;2025-10-31;4;median;hour;23;0.8235690633869441;14919.0;84560.0;1103.0
2025-08-31;2025-10-31;4;median;month;2025-09;0.8082202696840584;1176859.0;6136514.0;-882415.0
2025-08-31;2025-10-31;4;median;month;2025-10;0.7798972752762093;1451557.0;6594907.0;-1129927.0
2025-08-31;2025-10-31;8;mean;route;1;0.7853561620027403;243296.0;1133487.0;-230128.0
2025-08-31;2025-10-31;8;mean;route;5;;0.0;0.0;0.0
2025-08-31;2025-10-31;8;mean;route;7;0.6017104659058323;536124.0;1346066.0;-517988.0
2025-08-31;2025-10-31;8;mean;route;11;0.8189134597728286;345160.0;1906050.0;-256610.0
2025-08-31;2025-10-31;8;mean;route;12;0.8383744759777327;319806.0;1978685.0;-258064.0
2025-08-31;2025-10-31;8;mean;route;17;0.8406463150345752;487069.0;3056528.0;-408569.0
2025-08-31;2025-10-31;8;mean;route;25;0.6897005289342308;144140.0;464519.0;-133974.0
2025-08-31;2025-10-31;8;mean;route;26;0.7195823332129974;305268.0;1088619.0;-296258.0
2025-08-31;2025-10-31;8;mean;route;28;0.7221889374846058;166930.0;600876.0;-146796.0
2025-08-31;2025-10-31;8;mean;route;50;0.644336675626907;411357.0;1156591.0;72035.0
2025-08-31;2025-10-31;8;mean;hour;0;0.6668365546712667;8498.0;25507.0;5116.0
2025-08-31;2025-10-31;8;mean;hour;1;;0.0;0.0;0.0
2025-08-31;2025-10-31;8;mean;hour;2;;0.0;0.0;0.0
2025-08-31;2025-10-31;8;mean;hour;3;;0.0;0.0;0.0
2025-08-31;2025-10-31;8;mean;hour;4;;0.0;0.0;0.0
2025-08-31;2025-10-31;8;mean;hour;5;0.7805676855895196;12462.0;56792.0;4948.0
2025-08-31;2025-10-31;8;mean;hour;6;0.8630906804921807;48457.0;353935.0;-10333.0
2025-08-31;2025-10-31;8;mean;hour;7;0.7588422657844898;196095.0;813140.0;-167139.0
2025-08-31;2025-10-31;8;mean;hour;8;0.7305127976829568;308724.0;1145598.0;-282684.0
2025-08-31;2025-10-31;8;mean;hour;9;0.7966426830134198;171841.0;845020.0;-145143.0
2025-08-31;2025-10-31;8;mean;hour;10;0.7872785351124532;153299.0;720656.0;-125947.0
2025-08-31;2025-10-31;8;mean;hour;11;0.7782086826873947;158874.0;716322.0;-128520.0
2025-08-31;2025-10-31;8;mean;hour;12;0.7547679045270042;183542.0;748442.0;-154394.0
2025-08-31;2025-10-31;8;mean;hour;13;0.7235240638891853;215004.0;777659.0;-182326.0
2025-08-31;2025-10-31;8;mean;hour;14;0.7036642252164187;231304.0;780547.0;-202086.0
2025-08-31;2025-10-31;8;mean;hour;15;0.6971259217085972;251092.0;829031.0;-222052.0
2025-08-31;2025-10-31;8;mean;hour;16;0.7226055642294495;251579.0;906936.0;-222327.0
2025-08-31;2025-10-31;8;mean;hour;17;0.7612631182088307;250758.0;1050353.0;-218528.0
2025-08-31;2025-10-31;8;mean;hour;18;0.8213614792536271;190660.0;1067295.0;-143098.0
2025-08-31;2025-10-31;8;mean;hour;19;0.8437304878853563;123136.0;787972.0;-49962.0
2025-08-31;2025-10-31;8;mean;hour;20;0.8438451383979293;81503.0;521937.0;7771.0
2025-08-31;2025-10-31;8;mean;hour;21;0.8334743753638585;55492.0;333234.0;17772.0
2025-08-31;2025-10-31;8;mean;hour;22;0.7207916629125747;46484.0;166485.0;33258.0
2025-08-31;2025-10-31;8;mean;hour;23;0.7593897824030275;20346.0;84560.0;9322.0
2025-08-31;2025-10-31;8;mean;month;2025-09;0.7818839816873229;1338472.0;6136514.0;-961014.0
2025-08-31;2025-10-31;8;mean;month;2025-10;0.7542530925758316;1620678.0;6594907.0;-1215338.0
2025-08-31;2025-10-31;8;median;route;1;0.7913721110167121;236477.0;1133487.0;-224099.0
2025-08-31;2025-10-31;8;median;route;5;;0.0;0.0;0.0
2025-08-31;2025-10-31;8;median;route;7;0.5446471421163599;612935.0;1346066.0;-602119.0
2025-08-31;2025-10-31;8;median;route;11;0.8205876026337189;341969.0;1906050.0;-251217.0
2025-08-31;2025-10-31;8;median;route;12;0.8374506300901862;321634.0;1978685.0;-258780.0
2025-08-31;2025-10-31;8;median;route;17;0.8445710296126847;475073.0;3056528.0;-402307.0
2025-08-31;2025-10-31;8;median;route;25;0.6775804649540708;149770.0;464519.0;-141262.0
2025-08-31;2025-10-31;8;median;route;26;0.7213175592195249;303379.0;1088619.0;-295295.0
2025-08-31;2025-10-31;8;median;route;28;0.7186341275071728;169066.0;600876.0;-149960.0
2025-08-31;2025-10-31;8;median;route;50;0.6210657008397955;438272.0;1156591.0;125404.0
2025-08-31;2025-10-31;8;median;hour;0;0.6496255929744776;8937.0;25507.0;4939.0
2025-08-31;2025-10-31;8;median;hour;1;;0.0;0.0;0.0
2025-08-31;2025-10-31;8;median;hour;2;;0.0;0.0;0.0
2025-08-31;2025-10-31;8;median;hour;3;;0.0;0.0;0.0
2025-08-31;2025-10-31;8;median;hour;4;;0.0;0.0;0.0
2025-08-31;2025-10-31;8;median;hour;5;0.7718692773630089;12956.0;56792.0;5122.0
2025-08-31;2025-10-31;8;median;hour;6;0.8532075098535041;51955.0;353935.0;-6225.0
2025-08-31;2025-10-31;8;median;hour;7;0.7489103967336498;204171.0;813140.0;-163801.0
2025-08-31;2025-10-31;8;median;hour;8;0.7253364618304152;314654.0;1145598.0;-283844.0
2025-08-31;2025-10-31;8;median;hour;9;0.7896736171924925;177730.0;845020.0;-149110.0
2025-08-31;2025-10-31;8;median;hour;10;0.7793399347261384;159020.0;720656.0;-128468.0
2025-08-31;2025-10-31;8;median;hour;11;0.7691359472416036;165373.0;716322.0;-133173.0
2025-08-31;2025-10-31;8;median;hour;12;0.750146303922014;187001.0;748442.0;-152893.0
2025-08-31;2025-10-31;8;median;hour;13;0.7175818707171138;219625.0;777659.0;-182961.0
2025-08-31;2025-10-31;8;median;hour;14;0.6964308363237576;236950.0;780547.0;-204236.0
2025-08-31;2025-10-31;8;median;hour;15;0.6908499199668046;256295.0;829031.0;-225031.0
2025-08-31;2025-10-31;8;median;hour;16;0.7132697345788457;260046.0;906936.0;-227040.0
2025-08-31;2025-10-31;8;median;hour;17;0.7559934612458858;256293.0;1050353.0;-222001.0
2025-08-31;2025-10-31;8;median;hour;18;0.8152319649206639;197202.0;1067295.0;-144816.0
2025-08-31;2025-10-31;8;median;hour;19;0.8370195895285619;128424.0;787972.0;-46290.0
2025-08-31;2025-10-31;8;median;hour;20;0.8378903967337055;84611.0;521937.0;4845.0
2025-08-31;2025-10-31;8;median;hour;21;0.8193431642629504;60201.0;333234.0;16519.0
2025-08-31;2025-10-31;8;median;hour;22;0.7283899450400937;45219.0;166485.0;29711.0
2025-08-31;2025-10-31;8;median;hour;23;0.7408703878902554;21912.0;84560.0;9118.0
2025-08-31;2025-10-31;8;median;month;2025-09;0.7752082045278476;1379438.0;6136514.0;-970450.0
2025-08-31;2025-10-31;8;median;month;2025-10;0.7469051496859622;1669137.0;6594907.0;-1229185.0
2025-08-31;2025-10-31;12;mean;route;1;0.7961008816157574;231117.0;1133487.0;-218281.0
2025-08-31;2025-10-31;12;mean;route;5;;0.0;0.0;0.0
2025-08-31;2025-10-31;12;mean;route;7;0.6922483741510446;414254.0;1346066.0;-365820.0
2025-08-31;2025-10-31;12;mean;route;11;0.8305579601794286;322965.0;1906050.0;-242271.0
2025-08-31;2025-10-31;12;mean;route;12;0.8460027745699795;304712.0;1978685.0;-247826.0
2025-08-31;2025-10-31;12;mean;route;17;0.8475391031915952;466001.0;3056528.0;-382085.0
2025-08-31;2025-10-31;12;mean;route;25;0.7125435127519004;133529.0;464519.0;-121905.0
2025-08-31;2025-10-31;12;mean;route;26;0.7356108978439656;287819.0;1088619.0;-277853.0
2025-08-31;2025-10-31;12;mean;route;28;0.7398880967121336;156295.0;600876.0;-131763.0
2025-08-31;2025-10-31;12;mean;route;50;0.6729933053257374;378213.0;1156591.0;26009.0
2025-08-31;2025-10-31;12;mean;hour;0;0.6854980985611793;8022.0;25507.0;5784.0
2025-08-31;2025-10-31;12;mean;hour;1;;0.0;0.0;0.0
2025-08-31;2025-10-31;12;mean;hour;2;;0.0;0.0;0.0
2025-08-31;2025-10-31;12;mean;hour;3;;0.0;0.0;0.0
2025-08-31;2025-10-31;12;mean;hour;4;;0.0;0.0;0.0
2025-08-31;2025-10-31;12;mean;hour;5;0.802613044090717;11210.0;56792.0;3568.0
2025-08-31;2025-10-31;12;mean;hour;6;0.8694986367553365;46189.0;353935.0;-18731.0
2025-08-31;2025-10-31;12;mean;hour;7;0.7674164350542342;189123.0;813140.0;-167807.0
2025-08-31;2025-10-31;12;mean;hour;8;0.7425667642576191;294915.0;1145598.0;-270635.0
2025-08-31;2025-10-31;12;mean;hour;9;0.8177333080873825;154019.0;845020.0;-127729.0
2025-08-31;2025-10-31;12;mean;hour;10;0.8095443595834906;137253.0;720656.0;-108699.0
2025-08-31;2025-10-31;12;mean;hour;11;0.804943866026731;139723.0;716322.0;-108429.0
2025-08-31;2025-10-31;12;mean;hour;12;0.7875172692072332;159031.0;748442.0;-130899.0
2025-08-31;2025-10-31;12;mean;hour;13;0.7589946236075195;187420.0;777659.0;-154572.0
2025-08-31;2025-10-31;12;mean;hour;14;0.7383078789618049;204263.0;780547.0;-174925.0
2025-08-31;2025-10-31;12;mean;hour;15;0.727577135233785;225847.0;829031.0;-197555.0
2025-08-31;2025-10-31;12;mean;hour;16;0.7474430389795972;229053.0;906936.0;-200757.0
2025-08-31;2025-10-31;12;mean;hour;17;0.7771787199160664;234041.0;1050353.0;-202849.0
2025-08-31;2025-10-31;12;mean;hour;18;0.8361099789655156;174919.0;1067295.0;-132431.0
2025-08-31;2025-10-31;12;mean;hour;19;0.8536470839065348;115322.0;787972.0;-51962.0
2025-08-31;2025-10-31;12;mean;hour;20;0.8647595399444761;70587.0;521937.0;9337.0
2025-08-31;2025-10-31;12;mean;hour;21;0.8489919996158856;50321.0;333234.0;19981.0
2025-08-31;2025-10-31;12;mean;hour;22;0.7337297654443343;44330.0;166485.0;35892.0
2025-08-31;2025-10-31;12;mean;hour;23;0.7715586565752128;19317.0;84560.0;11623.0
2025-08-31;2025-10-31;12;mean;month;2025-09;0.8030223674222857;1208756.0;6136514.0;-845844.0
2025-08-31;2025-10-31;12;mean;month;2025-10;0.7746520155629185;1486149.0;6594907.0;-1115951.0
2025-08-31;2025-10-31;12;median;route;1;0.8059060227422106;220003.0;1133487.0;-206851.0
2025-08-31;2025-10-31;12;median;route;5;;0.0;0.0;0.0
2025-08-31;2025-10-31;12;median;route;7;0.7246754616786992;370605.0;1346066.0;-311729.0
2025-08-31;2025-10-31;12;median;route;11;0.8323664122137404;319518.0;1906050.0;-235164.0
2025-08-31;2025-10-31;12;median;route;12;0.8508191046073529;295182.0;1978685.0;-229892.0
2025-08-31;2025-10-31;12;median;route;17;0.853804709134024;446850.0;3056528.0;-362228.0
2025-08-31;2025-10-31;12;median;route;25;0.6971555523024893;140677.0;464519.0;-131027.0
2025-08-31;2025-10-31;12;median;route;26;0.7410103994143038;281941.0;1088619.0;-271809.0
2025-08-31;2025-10-31;12;median;route;28;0.7390826060618164;156779.0;600876.0;-132689.0
2025-08-31;2025-10-31;12;median;route;50;0.7118938328242221;333221.0;1156591.0;-2447.0
2025-08-31;2025-10-31;12;median;hour;0;0.7147841768926178;7275.0;25507.0;4503.0
2025-08-31;2025-10-31;12;median;hour;1;;0.0;0.0;0.0
2025-08-31;2025-10-31;12;median;hour;2;;0.0;0.0;0.0
2025-08-31;2025-10-31;12;median;hour;3;;0.0;0.0;0.0
2025-08-31;2025-10-31;12;median;hour;4;;0.0;0.0;0.0
2025-08-31;2025-10-31;12;median;hour;5;0.8212600366248768;10151.0;56792.0;2329.0
2025-08-31;2025-10-31;12;median;hour;6;0.8826451184539534;41536.0;353935.0;-16016.0
2025-08-31;2025-10-31;12;median;hour;7;0.7795312000393536;179272.0;813140.0;-162682.0
2025-08-31;2025-10-31;12;median;hour;8;0.7553836511586088;280232.0;1145598.0;-259070.0
2025-08-31;2025-10-31;12;median;hour;9;0.8284786158907481;144939.0;845020.0;-118705.0
2025-08-31;2025-10-31;12;median;hour;10;0.8190065717901467;130434.0;720656.0;-104990.0
2025-08-31;2025-10-31;12;median;hour;11;0.8165406060403003;131416.0;716322.0;-101756.0
2025-08-31;2025-10-31;12;median;hour;12;0.7962420601729994;152501.0;748442.0;-125961.0
2025-08-31;2025-10-31;12;median;hour;13;0.7670958607821681;181120.0;777659.0;-150412.0
2025-08-31;2025-10-31;12;median;hour;14;0.743798900002178;199977.0;780547.0;-172279.0
2025-08-31;2025-10-31;12;median;hour;15;0.7320425894809723;222145.0;829031.0;-194715.0
2025-08-31;2025-10-31;12;median;hour;16;0.7548647313592138;222322.0;906936.0;-196906.0
2025-08-31;2025-10-31;12;median;hour;17;0.7906646622611636;219876.0;1050353.0;-190086.0
2025-08-31;2025-10-31;12;median;hour;18;0.8467668264163142;163545.0;1067295.0;-119919.0
2025-08-31;2025-10-31;12;median;hour;19;0.8662668216637139;105378.0;787972.0;-46262.0
2025-08-31;2025-10-31;12;median;hour;20;0.8743928864977957;65559.0;521937.0;7921.0
2025-08-31;2025-10-31;12;median;hour;21;0.8548947586380742;48354.0;333234.0;20356.0
2025-08-31;2025-10-31;12;median;hour;22;0.7548307655344325;40817.0;166485.0;31411.0
2025-08-31;2025-10-31;12;median;hour;23;0.7879966887417218;17927.0;84560.0;9403.0
2025-08-31;2025-10-31;12;median;month;2025-09;0.8134595635241768;1144708.0;6136514.0;-810382.0
2025-08-31;2025-10-31;12;median;month;2025-10;0.7846720203939191;1420068.0;6594907.0;-1073454.0
2025-08-31;2025-10-31;0;mean;route;1;0.8712521625744274;145934.0;1133487.0;-119122.0
2025-08-31;2025-10-31;0;mean;route;5;;0.0;0.0;0.0
2025-08-31;2025-10-31;0;mean;route;7;0.8305736865800042;228059.0;1346066.0;-43919.0
2025-08-31;2025-10-31;0;mean;route;11;0.8848844468927888;219416.0;1906050.0;-123756.0
2025-08-31;2025-10-31;0;mean;route;12;0.9016993609392097;194506.0;1978685.0;-112206.0
2025-08-31;2025-10-31;0;mean;route;17;0.8916407767244403;331203.0;3056528.0;-264069.0
2025-08-31;2025-10-31;0;mean;route;25;0.7972289615710014;94191.0;464519.0;-79105.0
2025-08-31;2025-10-31;0;mean;route;26;0.8669800912899738;144808.0;1088619.0;-127408.0
2025-08-31;2025-10-31;0;mean;route;28;0.8350558185049828;99111.0;600876.0;-50291.0
2025-08-31;2025-10-31;0;mean;route;50;0.7455928673143748;294245.0;1156591.0;85823.0
2025-08-31;2025-10-31;0;mean;hour;0;0.7365037048653311;6721.0;25507.0;3665.0
2025-08-31;2025-10-31;0;mean;hour;1;;0.0;0.0;0.0
2025-08-31;2025-10-31;0;mean;hour;2;;0.0;0.0;0.0
2025-08-31;2025-10-31;0;mean;hour;3;;0.0;0.0;0.0
2025-08-31;2025-10-31;0;mean;hour;4;;0.0;0.0;0.0
2025-08-31;2025-10-31;0;mean;hour;5;0.8358395548668827;9323.0;56792.0;2395.0
2025-08-31;2025-10-31;0;mean;hour;6;0.8747990450223911;44313.0;353935.0;-14165.0
2025-08-31;2025-10-31;0;mean;hour;7;0.8407654278476031;129480.0;813140.0;-106710.0
2025-08-31;2025-10-31;0;mean;hour;8;0.8391818072308087;184233.0;1145598.0;-156213.0
2025-08-31;2025-10-31;0;mean;hour;9;0.8852039004993965;97005.0;845020.0;-56581.0
2025-08-31;2025-10-31;0;mean;hour;10;0.8727548233831398;91700.0;720656.0;-48512.0
2025-08-31;2025-10-31;0;mean;hour;11;0.8708988415824168;92478.0;716322.0;-36354.0
2025-08-31;2025-10-31;0;mean;hour;12;0.8678281015763413;98923.0;748442.0;-46383.0
2025-08-31;2025-10-31;0;mean;hour;13;0.85513316247867;112657.0;777659.0;-54811.0
2025-08-31;2025-10-31;0;mean;hour;14;0.8451239963768997;120888.0;780547.0;-65330.0
2025-08-31;2025-10-31;0;mean;hour;15;0.8498825737517657;124452.0;829031.0;-71708.0
2025-08-31;2025-10-31;0;mean;hour;16;0.8626749847839319;124545.0;906936.0;-73817.0
2025-08-31;2025-10-31;0;mean;hour;17;0.8655385379962737;141232.0;1050353.0;-89448.0
2025-08-31;2025-10-31;0;mean;hour;18;0.8844021568544779;123377.0;1067295.0;-61727.0
2025-08-31;2025-10-31;0;mean;hour;19;0.8783713126862376;95840.0;787972.0;-21138.0
2025-08-31;2025-10-31;0;mean;hour;20;0.8864709725503269;59255.0;521937.0;10971.0
2025-08-31;2025-10-31;0;mean;hour;21;0.8699352407017291;43342.0;333234.0;15270.0
2025-08-31;2025-10-31;0;mean;hour;22;0.779679851037631;36680.0;166485.0;29196.0
2025-08-31;2025-10-31;0;mean;hour;23;0.8222682119205298;15029.0;84560.0;7347.0
2025-08-31;2025-10-31;0;mean;month;2025-09;0.8721873689198786;784324.0;6136514.0;-291266.0
2025-08-31;2025-10-31;0;mean;month;2025-10;0.8533491071216015;967149.0;6594907.0;-542787.0
2025-08-31;2025-10-31;0;median;route;1;0.8917499715479754;122700.0;1133487.0;-86066.0
2025-08-31;2025-10-31;0;median;route;5;;0.0;0.0;0.0
2025-08-31;2025-10-31;0;median;route;7;0.846383461137864;206778.0;1346066.0;34110.0
2025-08-31;2025-10-31;0;median;route;11;0.8978552503869258;194693.0;1906050.0;-75615.0
2025-08-31;2025-10-31;0;median;route;12;0.9134243196870648;171306.0;1978685.0;-42224.0
2025-08-31;2025-10-31;0;median;route;17;0.9194998377243723;246051.0;3056528.0;-151585.0
2025-08-31;2025-10-31;0;median;route;25;0.8007853284795671;92539.0;464519.0;-78157.0
2025-08-31;2025-10-31;0;median;route;26;0.8778902444289508;132931.0;1088619.0;-114765.0
2025-08-31;2025-10-31;0;median;route;28;0.8435733828610229;93993.0;600876.0;-39101.0
2025-08-31;2025-10-31;0;median;route;50;0.763287973017255;273779.0;1156591.0;129513.0
2025-08-31;2025-10-31;0;median;hour;0;0.7632022582036304;6040.0;25507.0;2306.0
2025-08-31;2025-10-31;0;median;hour;1;;0.0;0.0;0.0
2025-08-31;2025-10-31;0;median;hour;2;;0.0;0.0;0.0
2025-08-31;2025-10-31;0;median;hour;3;;0.0;0.0;0.0
2025-08-31;2025-10-31;0;median;hour;4;;0.0;0.0;0.0
2025-08-31;2025-10-31;0;median;hour;5;0.8330750809973235;9480.0;56792.0;3140.0
2025-08-31;2025-10-31;0;median;hour;6;0.891915182166217;38255.0;353935.0;-3573.0
2025-08-31;2025-10-31;0;median;hour;7;0.8709705585753991;104919.0;813140.0;-75097.0
2025-08-31;2025-10-31;0;median;hour;8;0.8838012985357866;133117.0;1145598.0;-93789.0
2025-08-31;2025-10-31;0;median;hour;9;0.9058081465527443;79594.0;845020.0;-18100.0
2025-08-31;2025-10-31;0;median;hour;10;0.8872638262916009;81244.0;720656.0;-26820.0
2025-08-31;2025-10-31;0;median;hour;11;0.878374529890189;87123.0;716322.0;-16935.0
2025-08-31;2025-10-31;0;median;hour;12;0.877517563151186;91671.0;748442.0;-24559.0
2025-08-31;2025-10-31;0;median;hour;13;0.8691688773614141;101742.0;777659.0;-30092.0
2025-08-31;2025-10-31;0;median;hour;14;0.8577113229568495;111063.0;780547.0;-46503.0
2025-08-31;2025-10-31;0;median;hour;15;0.8650725968027734;111859.0;829031.0;-48561.0
2025-08-31;2025-10-31;0;median;hour;16;0.8777907151110993;110836.0;906936.0;-41674.0
2025-08-31;2025-10-31;0;median;hour;17;0.8891448874806851;116437.0;1050353.0;-47655.0
2025-08-31;2025-10-31;0;median;hour;18;0.897235534692845;109680.0;1067295.0;-20592.0
2025-08-31;2025-10-31;0;median;hour;19;0.8847522500799521;90812.0;787972.0;-246.0
2025-08-31;2025-10-31;0;median;hour;20;0.887087905245269;58933.0;521937.0;18187.0
2025-08-31;2025-10-31;0;median;hour;21;0.870673460691286;43096.0;333234.0;15740.0
2025-08-31;2025-10-31;0;median;hour;22;0.7911823888037961;34765.0;166485.0;26311.0
2025-08-31;2025-10-31;0;median;hour;23;0.8332071901608326;14104.0;84560.0;4622.0
2025-08-31;2025-10-31;0;median;month;2025-09;0.886273379316009;697885.0;6136514.0;-94795.0
2025-08-31;2025-10-31;0;median;month;2025-10;0.873101318942026;836885.0;6594907.0;-329095.0
