route;hour;raw_boardings;boardings;removed_boardings
1;0;1368;1368;0
1;1;38;0;38
1;2;38;0;38
1;3;123;0;123
1;4;1715;0;1715
1;5;29932;20370;9562
1;6;121241;121241;0
1;7;313078;313078;0
1;8;405082;405082;0
1;9;345858;345858;0
1;10;328389;328389;0
1;11;328496;328496;0
1;12;344551;344551;0
1;13;350439;350439;0
1;14;327410;327410;0
1;15;346465;346465;0
1;16;349543;349543;0
1;17;394089;394089;0
1;18;398944;398944;0
1;19;316503;316503;0
1;20;214457;214457;0
1;21;127183;127183;0
1;22;63649;63649;0
1;23;13449;13449;0
5;0;0;0;0
5;1;0;0;0
5;2;0;0;0
5;3;0;0;0
5;4;0;0;0
5;5;0;0;0
5;6;0;0;0
5;7;0;0;0
5;8;0;0;0
5;9;0;0;0
5;10;0;0;0
5;11;0;0;0
5;12;0;0;0
5;13;0;0;0
5;14;0;0;0
5;15;0;0;0
5;16;0;0;0
5;17;0;0;0
5;18;0;0;0
5;19;0;0;0
5;20;0;0;0
5;21;0;0;0
5;22;0;0;0
5;23;0;0;0
7;0;22971;22971;0
7;1;4718;0;4718
7;2;82;0;82
7;3;88;0;88
7;4;488;0;488
7;5;46569;28169;18400
7;6;164731;164731;0
7;7;352070;352070;0
7;8;529994;529994;0
7;9;422560;422560;0
7;10;375618;375618;0
7;11;365380;365380;0
7;12;389012;389012;0
7;13;395294;395294;0
7;14;408993;408993;0
7;15;427421;427421;0
7;16;444799;444799;0
7;17;534063;534063;0
7;18;574539;574539;0
7;19;417405;417405;0
7;20;280949;280949;0
7;21;179226;179226;0
7;22;97857;97857;0
7;23;58857;58857;0
11;0;25034;25034;0
11;1;1652;0;1652
11;2;87;0;87
11;3;84;0;84
11;4;682;0;682
11;5;76165;68080;8085
11;6;338058;338058;0
11;7;526615;526615;0
11;8;689172;689172;0
11;9;573368;573368;0
11;10;478793;478793;0
11;11;507986;507986;0
11;12;522346;522346;0
11;13;535648;535648;0
11;14;539128;539128;0
11;15;562312;562312;0
11;16;603931;603931;0
11;17;721304;721304;0
11;18;745704;745704;0
11;19;593871;593871;0
11;20;417958;417958;0
11;21;261504;261504;0
11;22;139769;139769;0
11;23;81291;81291;0
12;0;20379;20379;0
12;1;1060;0;1060
12;2;6;0;6
12;3;7;0;7
12;4;1849;0;1849
12;5;93961;72289;21672
12;6;358454;358454;0
12;7;605356;605356;0
12;8;770646;770646;0
12;9;585820;585820;0
12;10;520605;520605;0
12;11;520717;520717;0
12;12;528266;528266;0
12;13;542408;542408;0
12;14;530725;530725;0
12;15;572220;572220;0
12;16;681654;681654;0
12;17;735021;735021;0
12;18;745253;745253;0
12;19;619910;619910;0
12;20;408835;408835;0
12;21;266182;266182;0
12;22;149909;149909;0
12;23;79988;79988;0
17;0;44909;44909;0
17;1;4967;0;4967
17;2;88;0;88
17;3;49;0;49
17;4;5645;0;5645
17;5;73751;54036;19715
17;6;345081;345081;0
17;7;866769;866769;0
17;8;1153840;1153840;0
17;9;900676;900676;0
17;10;761631;761631;0
17;11;788705;788705;0
17;12;827256;827256;0
17;13;858168;858168;0
17;14;870443;870443;0
17;15;904512;904512;0
17;16;988158;988158;0
17;17;1137774;1137774;0
17;18;1201229;1201229;0
17;19;898626;898626;0
17;20;652416;652416;0
17;21;435632;435632;0
17;22;258911;258911;0
17;23;120146;120146;0
25;0;1850;1850;0
25;1;97;0;97
25;2;0;0;0
25;3;0;0;0
25;4;8;0;8
25;5;1437;1390;47
25;6;37283;37283;0
25;7;109808;109808;0
25;8;183145;183145;0
25;9;109152;109152;0
25;10;89361;89361;0
25;11;102086;102086;0
25;12;106556;106556;0
25;13;130658;130658;0
25;14;126535;126535;0
25;15;149257;149257;0
25;16;164396;164396;0
25;17;172996;172996;0
25;18;181363;181363;0
25;19;128883;128883;0
25;20;87224;87224;0
25;21;62991;62991;0
25;22;36253;36253;0
25;23;6848;6848;0
26;0;11663;11663;0
26;1;891;0;891
26;2;92;0;92
26;3;179;0;179
26;4;1279;0;1279
26;5;20873;15204;5669
26;6;125169;125169;0
26;7;236492;236492;0
26;8;434646;434646;0
26;9;334960;334960;0
26;10;291986;291986;0
26;11;284249;284249;0
26;12;295327;295327;0
26;13;303369;303369;0
26;14;307419;307419;0
26;15;319252;319252;0
26;16;354287;354287;0
26;17;393529;393529;0
26;18;415330;415330;0
26;19;307900;307900;0
26;20;202041;202041;0
26;21;127824;127824;0
26;22;71612;71612;0
26;23;39292;39292;0
28;0;864;864;0
28;1;258;0;258
28;2;90;0;90
28;3;53;0;53
28;4;524;0;524
28;5;19580;13627;5953
28;6;61186;61186;0
28;7;163328;163328;0
28;8;248939;248939;0
28;9;194944;194944;0
28;10;153483;153483;0
28;11;148002;148002;0
28;12;172871;172871;0
28;13;181589;181589;0
28;14;169344;169344;0
28;15;174846;174846;0
28;16;204695;204695;0
28;17;226129;226129;0
28;18;219198;219198;0
28;19;173876;173876;0
28;20;127740;127740;0
28;21;88125;88125;0
28;22;40184;40184;0
28;23;5407;5407;0
50;0;13941;13941;0
50;1;1267;0;1267
50;2;92;0;92
50;3;70;0;70
50;4;633;0;633
50;5;19684;15735;3949
50;6;131293;131293;0
50;7;386416;386416;0
50;8;577099;577099;0
50;9;463941;463941;0
50;10;367485;367485;0
50;11;359525;359525;0
50;12;343119;343119;0
50;13;345536;345536;0
50;14;336967;336967;0
50;15;369218;369218;0
50;16;402128;402128;0
50;17;511550;511550;0
50;18;525003;525003;0
50;19;345273;345273;0
50;20;231799;231799;0
50;21;164695;164695;0
50;22;85008;85008;0
50;23;45547;45547;0
