cutoff;stage;origin;route;rows;actual_total;baseline_total;needed_correction;needed_percent_of_baseline;positive_residual_share;negative_residual_share;applied_correction;applied_percent_of_baseline;direction_agreement;compared_nonzero_hours;absolute_error_change
2025-06-30;training;2025-01-31;1;1240;1114894.0;908714.7000000001;206179.30000000002;22.68911243539914;0.842741935483871;0.15;;;;;
2025-06-30;training;2025-01-31;7;1240;1568605.0;1213263.7;355341.3;29.288051723627767;0.8604838709677419;0.13870967741935483;;;;;
2025-06-30;training;2025-01-31;11;1240;1980506.0;1614103.0499999998;366402.94999999995;22.700096502512647;0.842741935483871;0.15564516129032258;;;;;
2025-06-30;training;2025-01-31;12;1240;2040977.0;1730482.8;310494.2;17.94263427524388;0.8161290322580645;0.18306451612903227;;;;;
2025-06-30;training;2025-01-31;17;1240;3061468.0;2730297.35;331170.65;12.129471905321962;0.7830645161290323;0.2161290322580645;;;;;
2025-06-30;training;2025-01-31;25;1240;430437.0;326811.94999999995;103625.04999999999;31.707852176152063;0.8104838709677419;0.18387096774193548;;;;;
2025-06-30;training;2025-01-31;26;1240;1140419.0;838709.75;301709.25;35.973022848488405;0.8927419354838709;0.1064516129032258;;;;;
2025-06-30;training;2025-01-31;28;1240;624507.0;524222.15;100284.85;19.13021988864835;0.7677419354838709;0.23225806451612904;;;;;
2025-06-30;training;2025-01-31;50;1240;1372784.0;1091981.5999999999;280802.39999999997;25.714938786514352;0.8266129032258065;0.17096774193548386;;;;;
2025-06-30;training;2025-02-28;1;1240;1142181.0;998393.6249999999;143787.375;14.401872307628167;0.7862903225806451;0.21370967741935484;;;;;
2025-06-30;training;2025-02-28;7;1240;1626162.0;1343706.0833333335;282455.9166666666;21.02066219466521;0.8298387096774194;0.17016129032258065;;;;;
2025-06-30;training;2025-02-28;11;1240;1942779.0;1777370.0555555555;165408.94444444444;9.306387486805177;0.7685483870967742;0.2306451612903226;;;;;
2025-06-30;training;2025-02-28;12;1240;2028340.0;1860790.1944444445;167549.80555555556;9.00422874409971;0.7580645161290323;0.24193548387096775;;;;;
2025-06-30;training;2025-02-28;17;1240;2835103.0;2885245.1944444445;-50142.19444444444;-1.7378833015992372;0.6741935483870968;0.3258064516129032;;;;;
2025-06-30;training;2025-02-28;25;1240;448022.0;365391.1666666666;82630.83333333333;22.614348914656304;0.7919354838709678;0.2064516129032258;;;;;
2025-06-30;training;2025-02-28;26;1240;1187092.0;940455.5416666666;246636.4583333333;26.225211868734004;0.8870967741935484;0.11290322580645161;;;;;
2025-06-30;training;2025-02-28;28;1240;631525.0;566843.2222222222;64681.777777777774;11.410876101544046;0.6951612903225807;0.3040322580645161;;;;;
2025-06-30;training;2025-02-28;50;1240;1362628.0;1216734.5555555555;145893.44444444444;11.990572946112323;0.7943548387096774;0.2056451612903226;;;;;
2025-06-30;training;2025-03-28;1;1240;1084422.0;1048877.4807692308;35544.51923076922;3.388815174552266;0.6258064516129033;0.3741935483870968;;;;;
2025-06-30;training;2025-03-28;7;1240;1588350.0;1400255.0192307692;188094.98076923075;13.432908876310318;0.7491935483870967;0.2508064516129032;;;;;
2025-06-30;training;2025-03-28;11;1240;1821460.0;1866982.25;-45522.25000000001;-2.4382797426167286;0.5854838709677419;0.41451612903225804;;;;;
2025-06-30;training;2025-03-28;12;1240;1907530.0;1962498.326923077;-54968.32692307691;-2.8009362438162975;0.5879032258064516;0.4120967741935484;;;;;
2025-06-30;training;2025-03-28;17;1240;2717299.0;2963054.192307692;-245755.19230769234;-8.29398236946496;0.557258064516129;0.44193548387096776;;;;;
2025-06-30;training;2025-03-28;25;1240;440603.0;386808.5961538462;53794.403846153844;13.907241044032558;0.7120967741935483;0.2870967741935484;;;;;
2025-06-30;training;2025-03-28;26;1240;1102355.0;1005277.7115384615;97077.28846153847;9.656763235402174;0.7225806451612903;0.27580645161290324;;;;;
2025-06-30;training;2025-03-28;28;1240;614466.0;580850.3461538462;33615.653846153844;5.787317519692116;0.6266129032258064;0.37338709677419357;;;;;
2025-06-30;training;2025-03-28;50;1240;1270272.0;1278970.8846153845;-8698.884615384624;-0.6801471964704322;0.6169354838709677;0.38306451612903225;;;;;
2025-06-30;training;2025-04-25;1;1240;1002990.0;1076457.838235294;-73467.83823529413;-6.82496198418088;0.42983870967741933;0.5701612903225807;;;;;
2025-06-30;training;2025-04-25;7;1240;1396049.0;1491356.3125;-95307.31249999999;-6.390646668483524;0.4838709677419355;0.5161290322580645;;;;;
2025-06-30;training;2025-04-25;11;1240;1781746.0;1864431.2316176472;-82685.23161764708;-4.4348769863668505;0.5161290322580645;0.4838709677419355;;;;;
2025-06-30;training;2025-04-25;12;1240;1857071.0;1951765.8198529412;-94694.81985294117;-4.851751111210468;0.5588709677419355;0.4403225806451613;;;;;
2025-06-30;training;2025-04-25;17;1240;2757726.0;2904593.0477941176;-146867.04779411765;-5.056372626990045;0.5701612903225807;0.4290322580645161;;;;;
2025-06-30;training;2025-04-25;25;1240;405045.0;407079.4816176471;-2034.4816176470576;-0.4997750339964228;0.5266129032258065;0.47258064516129034;;;;;
2025-06-30;training;2025-04-25;26;1240;933375.0;1071909.7426470588;-138534.74264705883;-12.924105186780947;0.36532258064516127;0.6330645161290323;;;;;
2025-06-30;training;2025-04-25;28;1240;549364.0;601741.2830882353;-52377.28308823529;-8.704286137628193;0.3951612903225806;0.6048387096774194;;;;;
2025-06-30;training;2025-04-25;50;1240;1153190.0;1299157.3529411764;-145967.35294117648;-11.23554068417651;0.40080645161290324;0.5983870967741935;;;;;
2025-06-30;validation;2025-06-30;1;1240;908927.0;1049199.0;-140272.0;-13.369437065799719;0.1685483870967742;0.8201612903225807;112768.0;10.74800871903233;0.24710743801652893;1210.0;100422.0
2025-06-30;validation;2025-06-30;7;1240;869356.0;1455907.0;-586551.0;-40.287669473393564;0.05241935483870968;0.9419354838709677;154274.0;10.596418589923669;0.07479674796747968;1230.0;152236.0
2025-06-30;validation;2025-06-30;11;1240;1666256.0;1833385.0;-167129.0;-9.11587037092591;0.3532258064516129;0.6435483870967742;88478.0;4.8259367236014254;0.43510204081632653;1225.0;39260.0
2025-06-30;validation;2025-06-30;12;1240;1735419.0;1915636.0;-180217.0;-9.407684967290237;0.36532258064516127;0.6290322580645161;101246.0;5.285242081481033;0.44571428571428573;1225.0;50342.0
2025-06-30;validation;2025-06-30;17;1240;2688757.0;2847765.0;-159008.0;-5.583606793397629;0.4112903225806452;0.5862903225806452;95437.0;3.3512947873156667;0.45077298616761596;1229.0;73571.0
2025-06-30;validation;2025-06-30;25;1240;338630.0;405581.0;-66951.0;-16.50743008178391;0.23629032258064517;0.7451612903225806;57532.0;14.185082634541558;0.257679180887372;1172.0;43690.0
2025-06-30;validation;2025-06-30;26;1240;800645.0;1020030.0;-219385.0;-21.507700753899396;0.15;0.842741935483871;123322.0;12.090036567551934;0.16231647634584012;1226.0;116208.0
2025-06-30;validation;2025-06-30;28;1240;462979.0;582936.0;-119957.0;-20.578073750806265;0.17903225806451614;0.8193548387096774;42600.0;7.307834822347565;0.24455611390284757;1194.0;37656.0
2025-06-30;validation;2025-06-30;50;1240;1221697.0;1245294.0;-23597.0;-1.8948938965417002;0.47096774193548385;0.525;83821.0;6.731020947663764;0.49018003273322425;1222.0;26415.0
2025-08-31;training;2025-01-31;1;1240;1114894.0;908714.7000000001;206179.30000000002;22.68911243539914;0.842741935483871;0.15;;;;;
2025-08-31;training;2025-01-31;7;1240;1568605.0;1213263.7;355341.3;29.288051723627767;0.8604838709677419;0.13870967741935483;;;;;
2025-08-31;training;2025-01-31;11;1240;1980506.0;1614103.0499999998;366402.94999999995;22.700096502512647;0.842741935483871;0.15564516129032258;;;;;
2025-08-31;training;2025-01-31;12;1240;2040977.0;1730482.8;310494.2;17.94263427524388;0.8161290322580645;0.18306451612903227;;;;;
2025-08-31;training;2025-01-31;17;1240;3061468.0;2730297.35;331170.65;12.129471905321962;0.7830645161290323;0.2161290322580645;;;;;
2025-08-31;training;2025-01-31;25;1240;430437.0;326811.94999999995;103625.04999999999;31.707852176152063;0.8104838709677419;0.18387096774193548;;;;;
2025-08-31;training;2025-01-31;26;1240;1140419.0;838709.75;301709.25;35.973022848488405;0.8927419354838709;0.1064516129032258;;;;;
2025-08-31;training;2025-01-31;28;1240;624507.0;524222.15;100284.85;19.13021988864835;0.7677419354838709;0.23225806451612904;;;;;
2025-08-31;training;2025-01-31;50;1240;1372784.0;1091981.5999999999;280802.39999999997;25.714938786514352;0.8266129032258065;0.17096774193548386;;;;;
2025-08-31;training;2025-02-28;1;1240;1142181.0;998393.6249999999;143787.375;14.401872307628167;0.7862903225806451;0.21370967741935484;;;;;
2025-08-31;training;2025-02-28;7;1240;1626162.0;1343706.0833333335;282455.9166666666;21.02066219466521;0.8298387096774194;0.17016129032258065;;;;;
2025-08-31;training;2025-02-28;11;1240;1942779.0;1777370.0555555555;165408.94444444444;9.306387486805177;0.7685483870967742;0.2306451612903226;;;;;
2025-08-31;training;2025-02-28;12;1240;2028340.0;1860790.1944444445;167549.80555555556;9.00422874409971;0.7580645161290323;0.24193548387096775;;;;;
2025-08-31;training;2025-02-28;17;1240;2835103.0;2885245.1944444445;-50142.19444444444;-1.7378833015992372;0.6741935483870968;0.3258064516129032;;;;;
2025-08-31;training;2025-02-28;25;1240;448022.0;365391.1666666666;82630.83333333333;22.614348914656304;0.7919354838709678;0.2064516129032258;;;;;
2025-08-31;training;2025-02-28;26;1240;1187092.0;940455.5416666666;246636.4583333333;26.225211868734004;0.8870967741935484;0.11290322580645161;;;;;
2025-08-31;training;2025-02-28;28;1240;631525.0;566843.2222222222;64681.777777777774;11.410876101544046;0.6951612903225807;0.3040322580645161;;;;;
2025-08-31;training;2025-02-28;50;1240;1362628.0;1216734.5555555555;145893.44444444444;11.990572946112323;0.7943548387096774;0.2056451612903226;;;;;
2025-08-31;training;2025-03-28;1;1240;1084422.0;1048877.4807692308;35544.51923076922;3.388815174552266;0.6258064516129033;0.3741935483870968;;;;;
2025-08-31;training;2025-03-28;7;1240;1588350.0;1400255.0192307692;188094.98076923075;13.432908876310318;0.7491935483870967;0.2508064516129032;;;;;
2025-08-31;training;2025-03-28;11;1240;1821460.0;1866982.25;-45522.25000000001;-2.4382797426167286;0.5854838709677419;0.41451612903225804;;;;;
2025-08-31;training;2025-03-28;12;1240;1907530.0;1962498.326923077;-54968.32692307691;-2.8009362438162975;0.5879032258064516;0.4120967741935484;;;;;
2025-08-31;training;2025-03-28;17;1240;2717299.0;2963054.192307692;-245755.19230769234;-8.29398236946496;0.557258064516129;0.44193548387096776;;;;;
2025-08-31;training;2025-03-28;25;1240;440603.0;386808.5961538462;53794.403846153844;13.907241044032558;0.7120967741935483;0.2870967741935484;;;;;
2025-08-31;training;2025-03-28;26;1240;1102355.0;1005277.7115384615;97077.28846153847;9.656763235402174;0.7225806451612903;0.27580645161290324;;;;;
2025-08-31;training;2025-03-28;28;1240;614466.0;580850.3461538462;33615.653846153844;5.787317519692116;0.6266129032258064;0.37338709677419357;;;;;
2025-08-31;training;2025-03-28;50;1240;1270272.0;1278970.8846153845;-8698.884615384624;-0.6801471964704322;0.6169354838709677;0.38306451612903225;;;;;
2025-08-31;training;2025-04-25;1;1240;1002990.0;1076457.838235294;-73467.83823529413;-6.82496198418088;0.42983870967741933;0.5701612903225807;;;;;
2025-08-31;training;2025-04-25;7;1240;1396049.0;1491356.3125;-95307.31249999999;-6.390646668483524;0.4838709677419355;0.5161290322580645;;;;;
2025-08-31;training;2025-04-25;11;1240;1781746.0;1864431.2316176472;-82685.23161764708;-4.4348769863668505;0.5161290322580645;0.4838709677419355;;;;;
2025-08-31;training;2025-04-25;12;1240;1857071.0;1951765.8198529412;-94694.81985294117;-4.851751111210468;0.5588709677419355;0.4403225806451613;;;;;
2025-08-31;training;2025-04-25;17;1240;2757726.0;2904593.0477941176;-146867.04779411765;-5.056372626990045;0.5701612903225807;0.4290322580645161;;;;;
2025-08-31;training;2025-04-25;25;1240;405045.0;407079.4816176471;-2034.4816176470576;-0.4997750339964228;0.5266129032258065;0.47258064516129034;;;;;
2025-08-31;training;2025-04-25;26;1240;933375.0;1071909.7426470588;-138534.74264705883;-12.924105186780947;0.36532258064516127;0.6330645161290323;;;;;
2025-08-31;training;2025-04-25;28;1240;549364.0;601741.2830882353;-52377.28308823529;-8.704286137628193;0.3951612903225806;0.6048387096774194;;;;;
2025-08-31;training;2025-04-25;50;1240;1153190.0;1299157.3529411764;-145967.35294117648;-11.23554068417651;0.40080645161290324;0.5983870967741935;;;;;
2025-08-31;training;2025-05-23;1;1240;957160.0;1062696.7047619047;-105536.70476190475;-9.93102776069585;0.3040322580645161;0.6959677419354838;;;;;
2025-08-31;training;2025-05-23;7;1240;1171616.0;1474546.8142857142;-302930.81428571424;-20.54399435479823;0.307258064516129;0.692741935483871;;;;;
2025-08-31;training;2025-05-23;11;1240;1730395.0;1847284.5095238097;-116889.50952380954;-6.327639782674361;0.43709677419354837;0.5629032258064516;;;;;
2025-08-31;training;2025-05-23;12;1240;1791678.0;1935680.3238095238;-144002.32380952383;-7.439364963224891;0.45564516129032256;0.5435483870967742;;;;;
2025-08-31;training;2025-05-23;17;1240;2767922.0;2849905.007142857;-81983.00714285712;-2.8766926243990265;0.5395161290322581;0.46048387096774196;;;;;
2025-08-31;training;2025-05-23;25;1240;374512.0;406378.7380952381;-31866.7380952381;-7.841635181161932;0.40241935483870966;0.5975806451612903;;;;;
2025-08-31;training;2025-05-23;26;1240;873857.0;1045490.9047619046;-171633.90476190476;-16.41658516398016;0.3064516129032258;0.692741935483871;;;;;
2025-08-31;training;2025-05-23;28;1240;512636.0;593867.7380952381;-81231.73809523809;-13.678422464197073;0.29838709677419356;0.7008064516129032;;;;;
2025-08-31;training;2025-05-23;50;1240;1212071.0;1274437.1928571428;-62366.19285714286;-4.893626238051399;0.4290322580645161;0.5701612903225807;;;;;
2025-08-31;training;2025-06-20;1;1240;909641.0;1054594.115;-144953.115;-13.744919769441346;0.16048387096774194;0.839516129032258;;;;;
2025-08-31;training;2025-06-20;7;1240;897782.0;1462075.925;-564293.925;-38.5953913439892;0.09919354838709678;0.9008064516129032;;;;;
2025-08-31;training;2025-06-20;11;1240;1670119.0;1838011.115;-167892.115;-9.134445032994265;0.3588709677419355;0.6411290322580645;;;;;
2025-08-31;training;2025-06-20;12;1240;1729100.0;1922321.4649999999;-193221.465;-10.051464779331276;0.35161290322580646;0.6483870967741936;;;;;
2025-08-31;training;2025-06-20;17;1240;2660057.0;2853173.9050000003;-193116.90499999997;-6.768494015088784;0.3911290322580645;0.6088709677419355;;;;;
2025-08-31;training;2025-06-20;25;1240;336651.0;408117.31999999995;-71466.32;-17.51121956794189;0.22338709677419355;0.7766129032258065;;;;;
2025-08-31;training;2025-06-20;26;1240;804305.0;1028674.165;-224369.16499999998;-21.811490230242143;0.1620967741935484;0.8379032258064516;;;;;
2025-08-31;training;2025-06-20;28;1240;464845.0;586469.735;-121624.735;-20.738450382269086;0.175;0.825;;;;;
2025-08-31;training;2025-06-20;50;1240;1240816.0;1253507.175;-12691.17500000001;-1.0124533192241207;0.49435483870967745;0.5048387096774194;;;;;
2025-08-31;validation;2025-08-31;1;1220;1133487.0;1014365.0;119122.0;11.743504557038147;0.6614754098360656;0.3221311475409836;-72777.0;-7.174636348848787;0.33669185558354325;1191.0;74697.0
2025-08-31;validation;2025-08-31;7;1220;1346066.0;1302147.0;43919.0;3.3728142828728247;0.5147540983606558;0.48114754098360657;-135393.0;-10.397673995332324;0.36003303055326175;1211.0;94679.0
2025-08-31;validation;2025-08-31;11;1220;1906050.0;1782294.0;123756.0;6.943635561809668;0.6352459016393442;0.36311475409836064;-64859.0;-3.639074137039119;0.32537067545304776;1214.0;84163.0
2025-08-31;validation;2025-08-31;12;1220;1978685.0;1866479.0;112206.0;6.011640098817077;0.6459016393442623;0.3475409836065574;-72778.0;-3.8992134387796487;0.384297520661157;1210.0;76362.0
2025-08-31;validation;2025-08-31;17;1220;3056528.0;2792459.0;264069.0;9.45650410623755;0.7434426229508196;0.2540983606557377;3382.0;0.12111189457034105;0.42633744855967076;1215.0;30106.0
2025-08-31;validation;2025-08-31;25;1220;464519.0;385414.0;79105.0;20.524682549154935;0.7221311475409836;0.27049180327868855;12882.0;3.3423798824121596;0.5858761987794245;1147.0;2648.0
2025-08-31;validation;2025-08-31;26;1220;1088619.0;961211.0;127408.0;13.25494610444533;0.7573770491803279;0.24016393442622952;-114140.0;-11.874604015143397;0.2791081750619323;1211.0;118306.0
2025-08-31;validation;2025-08-31;28;1220;600876.0;550585.0;50291.0;9.134102817911858;0.6237704918032787;0.3721311475409836;-40670.0;-7.386688703833196;0.40337552742616034;1185.0;34466.0
2025-08-31;validation;2025-08-31;50;1220;1156591.0;1242414.0;-85823.0;-6.9077618249633375;0.4065573770491803;0.5918032786885246;-72736.0;-5.854409238788358;0.2831275720164609;1215.0;68454.0
