source;cutoff;end;weeks;statistic;wape_score;absolute_error;actual_total;bias;score_against_original_labels;baseline_mean_all;delta;method;source_start;source_end;seconds;peak_gpu_allocated_bytes;primary
artifacts/baseline_metrics.csv;2025-08-31;2025-10-31;0.0;median;0.8794502200500636;1534770.0;12731421.0;-423890.0;0.8785350811216858;;;;;;;;
artifacts/calendar_metrics.csv;2025-08-31;2025-10-31;;;0.8775582081528841;1558858.0;12731421.0;-455708.0;;;;calendar_mean_all;;;;;
artifacts/chronos_calendar_zhores/metrics.csv;2025-08-31;2025-10-31;;;0.8730798392418254;1615874.0;12731421.0;-619876.0;;;;cov1_shares1;;;0.0750312134623527;;True
artifacts/chronos_calendar_zhores/metrics.csv;2025-08-31;2025-10-31;;;0.871213668921953;1639633.0;12731421.0;-619849.0;;;;cov1_shares0;;;0.0316463522613048;;True
artifacts/chronos_calendar_zhores/metrics.csv;2025-08-31;2025-10-31;;;0.8694316997293546;1662320.0;12731421.0;-737440.0;;;;cov0_shares1;;;0.0753708109259605;;True
artifacts/chronos_calendar_zhores/metrics.csv;2025-08-31;2025-10-31;;;0.8675967121030717;1685682.0;12731421.0;-737404.0;;;;cov0_shares0;;;0.0452112294733524;;True
artifacts/chronos_zhores/metrics.csv;2025-08-31;2025-10-31;;;0.8675967121030717;1685682.0;12731421.0;-737404.0;;;;chronos_daily_total;;;0.0609855391085147;494194176.0;
artifacts/calendar_metrics.csv;2025-08-31;2025-10-31;;;0.8624291035541123;1751473.0;12731421.0;-834053.0;;;;mean_all;;;;;
artifacts/boost_comparison/metrics.csv;2025-08-31;2025-10-31;;;0.8624291035541123;1751473.0;12731421.0;-834053.0;;;;mean_all;;;0.0092509159585461;;
artifacts/baseline_metrics.csv;2025-08-31;2025-10-31;0.0;mean;0.8624291035541123;1751473.0;12731421.0;-834053.0;0.8614823292300173;;;;;;;;
artifacts/chronos_zhores/metrics.csv;2025-08-31;2025-10-31;;;0.8624291035541123;1751473.0;12731421.0;-834053.0;;;;mean_all;;;0.0169094577431678;0.0;
artifacts/repeat_week_metrics.csv;2025-08-31;2025-10-31;0.0;mean;0.8624291035541123;1751473.0;12731421.0;-834053.0;0.8614823292300173;;;mean_all;2025-01-01;2025-08-31;;;
artifacts/chronos_zhores/metrics.csv;2025-08-31;2025-10-31;;;0.8461167060613266;1959153.0;12731421.0;-930795.0;;;;chronos_route_hour;;;0.212711215019226;514210304.0;
artifacts/repeat_week_metrics.csv;2025-08-31;2025-10-31;1.0;mean;0.8232355995454081;2250462.0;12731421.0;-1145150.0;0.8223030792080054;;;repeat_week;2025-08-25;2025-08-31;;;
artifacts/ml_residual_metrics.csv;2025-08-31;2025-10-31;;;0.8165676871419145;2335354.0;12731421.0;-1391142.0;;0.8624291035541123;-0.0458614164121977;;;;;;
artifacts/ml_residual_no_january_metrics.csv;2025-08-31;2025-10-31;;;0.8098218572773612;2421238.0;12731421.0;-1522904.0;;0.8624291035541123;-0.052607246276751;;;;;;
artifacts/boost_comparison/metrics.csv;2025-08-31;2025-10-31;;;0.8020560312945428;2520108.0;12731421.0;-1748102.0;;;;catboost_no_absolute_calendar;;;7.450898667098954;;
artifacts/baseline_metrics.csv;2025-08-31;2025-10-31;12.0;median;0.7985475462636888;2564776.0;12731421.0;-1883836.0;0.7977009021378447;;;;;;;;
artifacts/ml_no_calendar_metrics.csv;2025-08-31;2025-10-31;;;0.7945373890314364;2615831.0;12731421.0;-1814125.0;;0.8624291035541123;-0.0678917145226758;;;;;;
artifacts/baseline_metrics.csv;2025-08-31;2025-10-31;4.0;median;0.7935488897900713;2628416.0;12731421.0;-2012342.0;0.7927365292245133;;;;;;;;
artifacts/boost_comparison/metrics.csv;2025-08-31;2025-10-31;;;0.7912452192100159;2657745.0;12731421.0;-1819651.0;;;;lightgbm_no_absolute_calendar;;;2.804029249935411;;
artifacts/boost_comparison/metrics.csv;2025-08-31;2025-10-31;;;0.7910130377433909;2660701.0;12731421.0;-1798963.0;;;;xgboost_no_absolute_calendar;;;1.4066090419655666;;
artifacts/baseline_metrics.csv;2025-08-31;2025-10-31;4.0;mean;0.7903307101383262;2669388.0;12731421.0;-2006478.0;0.7895729351903853;;;;;;;;
artifacts/baseline_metrics.csv;2025-08-31;2025-10-31;12.0;mean;0.7883264562533907;2694905.0;12731421.0;-1961795.0;0.7875327894565055;;;;;;;;
artifacts/baseline_metrics.csv;2025-08-31;2025-10-31;8.0;mean;0.7675711140178304;2959150.0;12731421.0;-2176352.0;0.7668819295743983;;;;;;;;
artifacts/baseline_metrics.csv;2025-08-31;2025-10-31;8.0;median;0.7605471533774588;3048575.0;12731421.0;-2199635.0;0.7598742747744891;;;;;;;;
artifacts/boost_comparison/metrics.csv;2025-08-31;2025-10-31;;;0.7486352073346723;3200231.0;12731421.0;-2703913.0;;;;lightgbm_full;;;2.9886381670366973;;
artifacts/boost_comparison/metrics.csv;2025-08-31;2025-10-31;;;0.7471901211969976;3218629.0;12731421.0;-2707143.0;;;;xgboost_full;;;1.3945452080806715;;
artifacts/boost_comparison/metrics.csv;2025-08-31;2025-10-31;;;0.7339849181014437;3386750.0;12731421.0;-2857454.0;;;;catboost_full;;;7.467703583999537;;
artifacts/ml_metrics.csv;2025-08-31;2025-10-31;;;0.7221625143022135;3537266.0;12731421.0;-3051842.0;;0.8624291035541123;-0.1402665892518988;;;;;;
